ID1,ID,Finds No,Unit No,Type,Completeness,Count,Weight,Length,Width,Height,Diameter,Thickness,Colour,Hardness,Inclusions,Frogs,Manufacture marks,Production marks,Production method,Notes,Building Phases_Building Phase,Real Date,Start Date,End date,Period_Date,Attribution,GroupNo,Space,Unit type,Unit entropy,Sieved
1,,1106,1,asbestos,fragment,1,,70,,,,7,,,,,,,,asbestos board with dimples,LH,1958,,1958,1930-1960,Levelling Horizon,752,752,Demolition,disorganized,FALSE
2,,3567,1,asbestos,fragment,1,,74,66,,,7,,,,,,,,asbestos board with dimples,LH,1958,,1958,1930-1960,Levelling Horizon,752,752,Demolition,disorganized,FALSE
11,1,707,1,brick,half,1,422.3,,110,42,,,yellow,2,"rare - grog, quartz?",,,,,,LH,1958,,1958,1930-1960,Levelling Horizon,752,752,Demolition,disorganized,FALSE
12,2,707,1,brick,fragment,1,282.1,,,42,,,yellow,3,,,,hack mark?,Handmade,,LH,1958,,1958,1930-1960,Levelling Horizon,752,752,Demolition,disorganized,FALSE
13,3,707,1,brick,fragment,1,146.1,,,56,,,orange red,4,rare grey grit,,,,,locally burnt,LH,1958,,1958,1930-1960,Levelling Horizon,752,752,Demolition,disorganized,FALSE
14,4,707,1,brick,fragment,1,41.9,,,,,,pink,4,"freq quartz grains, occ calcite lumps",,,,,,LH,1958,,1958,1930-1960,Levelling Horizon,752,752,Demolition,disorganized,FALSE
15,5,707,1,brick,fragment,1,201.5,,,,,,orange red,5,rare quartz grains,,,,,"sloping/bevelled head - very few surfaces, but large brick",LH,1958,,1958,1930-1960,Levelling Horizon,752,752,Demolition,disorganized,FALSE
16,6,708,1,brick,complete,1,3150,260,125,60,,,yellow,4,rare grog & quartz grains,none,,,Handmade,,LH,1958,,1958,1930-1960,Levelling Horizon,752,752,Demolition,disorganized,FALSE
91,179,6389,1,brick,fragment,51,480,,,,,,yellow,5,rare grog,,,sand struck,Handmade,,LH,1958,,1958,1930-1960,Levelling Horizon,752,752,Demolition,disorganized,FALSE
92,181,6389,1,brick,fragment,2,780,,,69,,,orange red,6,,none,,,,conjoining pieces,LH,1958,,1958,1930-1960,Levelling Horizon,752,752,Demolition,disorganized,FALSE
197,97,1016,1,brick,near complete,5,1250,225,107,46,,,yellow,2,rare grog,none,,hack mark?,Handmade,"single brick, split in half, plus frags",LH,1958,,1958,1930-1960,Levelling Horizon,752,752,Demolition,disorganized,FALSE
21,15,719,16,brick,chip,1,10.3,,,,,,white,4,,,,,,,S1.1-2,1930-1952,1930,1952,1930-1960,Outhouse,745,745,External area,disturbed,FALSE
18,8,720,18,brick,fragment,1,160.4,,,,,,"yellow white surface, pinkish core",5,freq fine quartz grains,,,,Handmade,,S4.6,1890,,1890,1870-1900,Pantry/Kitchen,300,300,Wall,disorganized,FALSE
22,21,723,22,brick,chip,4,72.2,,,,,,yellow,6,rare grog,,,,,poss sooting,LH,1958,,1958,1930-1960,Levelling Horizon,752,752,Demolition,disorganized,FALSE
25,32,730,31,brick,fragment,1,25.4,,,,,,yellow,4,,,,,,,LH,1958,,1958,1930-1960,Levelling Horizon,752,752,Demolition,disorganized,FALSE
26,33,730,31,brick,fragment,2,76.2,,,,,,white,6,freq fine quartz,,,,,sooting?,LH,1958,,1958,1930-1960,Levelling Horizon,752,752,Demolition,disorganized,FALSE
24,30,733,35,brick,fragment,7,262,,,,,,yellow,6,,,,,,,LH,1958,,1958,1930-1960,Levelling Horizon,752,752,Demolition,disturbed,FALSE
19,9,743,36,brick,fragment,4,244.3,,,42,,,yellow,5,rare grey grit,,,,,sooting on one stretcher  - chimney?,S8.4,1850,,1850,1840-1870,Nursery/Private Chambers,39,39,Wall,disorganized,FALSE
20,10,735,36,brick,fragment,5,166.2,,,,,,yellow,5,,,,,,,LH,1958,,1958,1930-1960,Levelling Horizon,752,752,Demolition,disturbed,FALSE
23,22,738,38,brick,fragment,2,125.9,,,,,,yellow,6,freq fine quartz,,,,,sooting? On faces,S32.1,1850-1890,1850,1890,1840-1900,Forge,48,48,Midden,in situ,TRUE
17,7,741,43,brick,near complete,1,1050,,100,47,,,yellow,4,rare grog & quartz grains,none,,wet struck,Handmade,min 200mm long,S5.6,1830-1890,1830,1890,1810-1900,Workshop/Flour Mill,329,329,Roof,disorganized,FALSE
53,45,742,45,brick,fragment,4,418.8,,121,,,,orange red,6,"mod fine quartz, rare calcite & grey grit",,,sand struck and strike marks,Handmade,,S32.1,1850-1890,1850,1890,1840-1900,Forge,48,48,Midden,in situ,FALSE
55,47,743,49,brick,half,1,675,,103,42,,,yellow,2,,,,strike marks,Handmade,,S8.4,1850,,1850,1840-1870,Nursery/Private Chambers,39,39,Wall,disorganized,FALSE
49,37,746,52,brick,fragment,1,30.8,,,,,,orange red,6,rare calcite & grey grit,,,,,,S29.3,1820-1880,1820,1880,1810-1900,Infirmary,100,100,Wall,disorganized,FALSE
50,41,749,57,brick,fragment,1,800,,128,,,,pinkish orange,6,rare quartz grains in very fine sandy matrix,,,,,sooted,S4.5,1840-1890,1840,1890,1840-1900,Pantry/Kitchen,300,300,Floor,in situ,TRUE
56,49,755,66,brick,fragment,4,267.1,,,,,,yellow,4,,,,,,,S8.4,1850,,1850,1840-1870,Nursery/Private Chambers,39,39,Wall,disorganized,FALSE
54,46,756,67,brick,half,1,530.4,,110,,,,yellow,2,,,,,,,S33.1,1880-1952,1880,1952,1870-1960,Eastern Farm/Byre,346,346,Wall,disorganized,FALSE
57,50,771,77,brick,half,1,550,,106,42,,,yellow,2,,,,,,sooted/burnt,S8.3,1800-1850,1800,1850,1780-1870,Nursery/Private Chambers,39,39,Roof,disorganized,FALSE
58,51,771,77,brick,fragment,1,309.7,,,49,,,yellow,6,rare grey grit & calcite?,,,sand struck base,Handmade,,S8.3,1800-1850,1800,1850,1780-1870,Nursery/Private Chambers,39,39,Roof,disorganized,FALSE
67,62,775,83,brick,complete,1,1600,230,111,41,,,yellow,3,,none,,strike marks,Handmade,,S5.5,1800-1830,1800,1830,1780-1840,Pantry/Study & Library,912,329,Floor,in situ,FALSE
68,63,775,83,brick,complete,1,1375,223,103,46,,,white,4,,,,strike marks?,Handmade,grey residue adhering to part of one side,S5.5,1800-1830,1800,1830,1780-1840,Pantry/Study & Library,912,329,Floor,in situ,FALSE
51,42,778,87,brick,fragment,1,110.7,,,,,,pinkish white,4,rare grog,,,,,,S4.5,1840-1890,1840,1890,1840-1900,Pantry/Kitchen,300,300,Floor,in situ,FALSE
52,43,778,87,brick,fragment,1,50.3,,,,,,yellow,6,"freq fine quartz, occ. White quartzite/flint",,,,,,S4.5,1840-1890,1840,1890,1840-1900,Pantry/Kitchen,300,300,Floor,in situ,FALSE
59,53,781,90,brick,complete,1,1550,230,110,49,,,yellow,4,rare grey grit,,,,Handmade,,S8.2,1750-1800,1750,1800,1750-1810,Nursery/Private Chambers,1133,39,Floor,in situ,FALSE
27,64,788,93,brick,half,1,825,,105,45,,,yellow,3,rare grey grit,none,,,,,S4.4,1800-1840,1800,1840,1780-1840,Pantry/Kitchen,825,301,Floor,in situ,FALSE
28,65,788,93,brick,fragment,1,335.6,,,53,,,white,5,"freq fine quartz, rare flint",,,,,sooted/burnt,S4.4,1800-1840,1800,1840,1780-1840,Pantry/Kitchen,825,301,Floor,in situ,FALSE
29,66,788,93,brick,near complete,1,1125,223,108,43,,,yellow,5,rare grog,,,,,slight sooting/burning,S4.4,1800-1840,1800,1840,1780-1840,Pantry/Kitchen,825,301,Floor,in situ,FALSE
60,54,789,93,brick,half,1,490.3,,111,45,,,yellow,2,,,,sand struck on base,Handmade,,S4.4,1800-1840,1800,1840,1780-1840,Pantry/Kitchen,825,301,Floor,in situ,FALSE
61,55,789,93,brick,fragment,1,400.4,,,42,,,yellow,3,,,,,Handmade,,S4.4,1800-1840,1800,1840,1780-1840,Pantry/Kitchen,825,301,Floor,in situ,FALSE
62,57,790,93,brick,fragment,1,262.1,,105,,,,yellow,4,,,,,,sooted/burnt,S4.4,1800-1840,1800,1840,1780-1840,Pantry/Kitchen,825,301,Floor,in situ,FALSE
63,58,790,93,brick,chip,2,87.3,,,,,,yellow,4,,,,,,,S4.4,1800-1840,1800,1840,1780-1840,Pantry/Kitchen,825,301,Floor,in situ,FALSE
64,59,787,93,brick,near complete,3,1200,228,110,46,,,yellow,4,,none,,hack mark?,Handmade,,S4.4,1800-1840,1800,1840,1780-1840,Pantry/Kitchen,825,301,Floor,in situ,FALSE
65,60,787,93,brick,near complete,2,950,,107,47,,,yellow,6,,,,hack marks?,Handmade,,S4.4,1800-1840,1800,1840,1780-1840,Pantry/Kitchen,825,301,Floor,in situ,FALSE
66,61,787,93,brick,fragment,1,385.6,,,42,,,yellow,4,,,,,,,S4.4,1800-1840,1800,1840,1780-1840,Pantry/Kitchen,825,301,Floor,in situ,FALSE
30,70,805,109,brick,fragment,1,165.5,,,,,,pinkish orange,6,rare grog,,,,,,S4.5,1840-1890,1840,1890,1840-1900,Pantry/Kitchen,300,300,Wall,in situ,FALSE
34,78,812,129,brick,complete,1,1500,228,110,42,,,yellow,3,,,,strike marks and wet struck,Handmade,,S13.4,1830-1850,1830,1850,1810-1870,Silo/Midden,30,30,Wall,disorganized,FALSE
35,79,812,129,brick,fragment,1,1000,,125,71,,,orange red,6,rare grog?,,,strike marks?,,,S13.4,1830-1850,1830,1850,1810-1870,Silo/Midden,30,30,Wall,disorganized,FALSE
31,71,815,141,brick,fragment,4,150.3,,,,,,white,4,large grog,,,,,,S13.4,1830-1850,1830,1850,1810-1870,Silo/Midden,30,30,Midden,in situ,FALSE
32,72,825,161,brick,fragment,1,248.1,,,,,,white,3,,,,,,,T1.3,2002-2007,2002,2007,1990-2020,FSÍ Excavation,744,744,Excavation,in situ,FALSE
33,73,825,161,brick,fragment,2,98.8,,,,,,pinkish white,4,,,,,,,T1.3,2002-2007,2002,2007,1990-2020,FSÍ Excavation,744,744,Excavation,in situ,FALSE
6,123,2148,164,brick,chip,9,197.4,,,,,,orange red,6,"rare quartz, grey grit & calcite?",,,strike marks?,Handmade,,MA.2,1910-1930,1910,1930,1900-1930,Midden Zone A,3026,3026,Midden,in situ,FALSE
5,107,1105,166,brick,near complete,1,1000,,105,47,,,yellow,5,rare grey grit,,,strike marks?,Handmade,,S9.2,1800-1880,1800,1880,1780-1900,Living Quarters,1100,1100,Wall,disorganized,FALSE
195,94,1070,169,brick,fragment,1,511.8,,,47,,,orange red,6,occ ?calcites & grog,,,"sand struck on base, strike? Marks along stretcher",Handmade,burnt/sooted top side,S4.6,1890,,1890,1870-1900,Pantry/Kitchen,300,300,Midden,in situ,FALSE
196,95,1070,169,brick,fragment,1,89.5,,,,,,yellow,3,mod quartz grains,,,,,sooted on one face,S4.6,1890,,1890,1870-1900,Pantry/Kitchen,300,300,Midden,in situ,FALSE
7,127,1146,178,brick,fragment,1,775,,124,53,,,yellow,6,rare white flint & grog,none,,,,burnt,S4.5,1840-1890,1840,1890,1840-1900,Pantry/Kitchen,300,300,Floor,in situ,FALSE
8,128,1146,178,brick,fragment,1,377.4,,,49,,,orange red,6,rare grey grit,,,sand struck,Handmade,burnt/sooted on min 3 faces; poorly mixed streaks of white clay in fabric,S4.5,1840-1890,1840,1890,1840-1900,Pantry/Kitchen,300,300,Floor,in situ,FALSE
187,474,1266,191,brick,chip,2,1.9,,,,,,yellow-buff,,,,,,,,S32.1,1850-1890,1850,1890,1840-1900,Forge,48,48,Midden,in situ,FALSE
4,106,1338,255,brick,half,1,1200,,123,58,,,orange red,6,,none,,,,,S18.8,1790-1830,1790,1830,1780-1840,Midden,1335,1335,Midden,in situ,FALSE
186,473,9123,268,brick,fragment,3,39,,,,,,yellowish buff,4,,,,,,from sample 30,S5.4,1780-1800,1780,1800,1780-1810,Pantry/Study & Library,264,1200,Drain,in situ,FALSE
3,105,1420,281,brick,fragment,1,54.6,,,,,,orange red,6,?grog & grey grit,,,,,burnt/sooted,MB.2,1830-1850,1830,1850,1810-1870,Midden Zone B,1081,1081,Slopewash,in situ,FALSE
10,130,1535,302,brick,complete,1,2800,227,116,56,,,orange red,6,,none,,strike marks,Handmade,,S11.3,1730-1740,1730,1740,1720-1750,Priests Living Quarters,2757,2757,Floor,disturbed,FALSE
188,132,1705,328,brick,complete,1,1500,231,111,42,,,yellow,3,grey grit (grog?),none,,strike marks?,Handmade,,S5.4,1780-1800,1780,1800,1780-1810,Pantry/Study & Library,710,443,Fireplace?,disorganized,FALSE
9,129,2059,403,brick,complete,1,3100,230,124,60,,,orange red,6,,none,,strike marks on top,Handmade,,S9.1,1740-1800,1740,1800,1750-1810,Living Quarters,1100,1100,Wall,in situ,FALSE
190,483,9124,439,brick,fragment,2,105.2,,,,,,orange red,6,grey grog,,,strike marks?,Handmade,three faces/corner of brick; from sample 38,S12.1,1690-1740,1690,1740,1690-1750,Living Quarters,438,1320,Barrel Pit,in situ,FALSE
87,173,6396,778,brick,fragment,1,173,,75,30,,,yellow,4,,,,,,plinth brick - bevelled/sloping on top side from 30 to 17mm; burnt on wider stretcher,S29.1,1780-1790,1780,1790,1780-1810,Infirmary,3029,3029,Floor,in situ,FALSE
83,138,6397,786,brick,fragment,1,61.3,,,,,,yellow,4,,,,,,,S13.2,1750-1800,1750,1800,1750-1810,Main Corridor,784,751,Drain,in situ,TRUE
84,143,6398,803,brick,fragment,1,118.8,,,,,,yellow,2,,,,,,,S4.1,1720-1760,1720,1760,1720-1780,Lodge/Dining Room & Chambers,1284,989,Floor,in situ,FALSE
,,6382,804,brick,fragment,1,500,,105,,,,brick red,,,,,strike marks,,Re- worked into quarter circle describing an arc of 220mm diam with possible semicircular recess cut on one side and arc bevelled - improvised stove tile? ,S4.1,1720-1760,1720,1760,1720-1780,Lodge/Dining Room & Chambers,1284,989,Floor,in situ,FALSE
88,174,6408,856,brick,fragment,1,142,,,42,,,yellow,5,,,,,,burnt,S4.5,1840-1890,1840,1890,1840-1900,Pantry/Kitchen,300,300,Wall,in situ,FALSE
86,162,6409,860,brick,fragment,1,700,,,62,,,orange red,6,,,,,,,C.4,1850-1890,1850,1890,1840-1900,Courtyard,1257,1257,Midden,disturbed,FALSE
89,176,6411,877,brick,fragment,3,700,,103,40,,,yellow,5,,,,,,,S4.1,1720-1760,1720,1760,1720-1780,Lodge/Dining Room & Chambers,1284,989,Floor,in situ,FALSE
90,177,6411,877,brick,fragment,2,340.4,,,,,,yellow,4,,,,wet struck?,Handmade,,S4.1,1720-1760,1720,1760,1720-1780,Lodge/Dining Room & Chambers,1284,989,Floor,in situ,FALSE
82,136,6412,891,brick,fragment,2,162.8,,,,,,orange red,6,rare grey grit,,,,,,S13.2,1750-1800,1750,1800,1750-1810,Main Corridor,784,751,Drain,in situ,TRUE
85,160,6416,948,brick,fragment,35,2050,,120,48,,,yellow,4,rare grog,,,,,burnt/sooted; prob large part of single brick,S35.2,1958,,1958,1930-1960,Western Farmhouse,1098,1098,Wall,disorganized,FALSE
101,204,6424,1020,brick,fragment,17,722,,122,49,,,pinkish orange/red,3,rare white flint,,,wire marks?,Extruded,,S7.5,1890,,1890,1870-1900,Vestibule & Corridor,775,775,Wall,disorganized,FALSE
93,182,6426,1034,brick,fragment,1,260.3,,,46,,,yellow,3,rare grog,,,,,1034C,S13.2,1750-1800,1750,1800,1750-1810,Main Corridor,1117,751,Drain,in situ,FALSE
97,198,6425,1034,brick,fragment,1,127.7,,,43,,,yellow,2,,,,,,1034A; yellow slip on stretcher,S13.2,1750-1800,1750,1800,1750-1810,Main Corridor,1117,751,Drain,in situ,FALSE
98,199,6429,1084,brick,half,1,1825,,113,86,,,pinkish red,6,rare ?calcite,none,,"wet struck, strike marks",Handmade,grey/white cement/mortar adhering to one face; burnt on stretcher and header,S35.1,1898-1958,1898,1958,1870-1960,Western Farmhouse,1098,1098,Wall,in situ,FALSE
99,200,6429,1084,brick,complete,1,3850,242,115,84,,,pinkish red,6,rare white flint?,,,"wet struck, strike marks",Handmade,burnt - cloudy (kiln?),S35.1,1898-1958,1898,1958,1870-1960,Western Farmhouse,1098,1098,Wall,in situ,FALSE
94,184,6432,1104,brick,fragment,1,275.4,,,42,,,yellow,3,grog,,,,,,S10.4,1800-1880,1800,1880,1780-1900,Kitchen,1101,1101,Wall,disorganized,FALSE
95,192,6436,1168,brick,fragment,3,87.7,,,,,,yellow,2,,,,,,burnt on face,S7.5,1890,,1890,1870-1900,Vestibule & Corridor,775,775,Wall,disturbed,FALSE
100,201,6438,1175,brick,fragment,2,347.1,,,45,,,yellow,5,,,,wet struck,Handmade,conjoining pieces,S4.1,1720-1760,1720,1760,1720-1780,Lodge/Dining Room & Chambers,1285,816,Drain,in situ,FALSE
96,196,6442,1181,brick,fragment,2,248,,,,,,yellow,3,,,,,,,S7.3,1800-1840,1800,1840,1780-1840,Vestibule & Corridor,775,775,Floor,disturbed,FALSE
105,223,6443,1183,brick,fragment,1,205.8,,,54,,,yellow,6,freq fine quartz,,,,,,S6.2,1760-1800,1760,1800,1750-1810,Bishops Living Quarters,949,1624,Floor,disturbed,FALSE
106,224,6443,1183,brick,fragment,9,1270,,121,50,,,,,,,,strike marks,Handmade,,S6.2,1760-1800,1760,1800,1750-1810,Bishops Living Quarters,949,1624,Floor,disturbed,FALSE
36,226,6449,1204,brick,near complete,2,1700,223,109,51,,,yellow,6,"freq. Fine quartz, occ white flint",none,,,,,S6.2,1760-1800,1760,1800,1750-1810,Bishops Living Quarters,1198,1624,Drain,disturbed,FALSE
37,227,6449,1204,brick,fragment,1,371.4,,104,47,,,yellow,2,grey grit,none,,wet struck?,,,S6.2,1760-1800,1760,1800,1750-1810,Bishops Living Quarters,1198,1624,Drain,disturbed,FALSE
38,228,6450,1208,brick,complete,14,1467,222,103,45,,,yellow,5,rare grey grit,none,,,,all conjoins,S3.1,1760-1880,1760,1880,1750-1900,Pantry/Stores,1288,1288,Floor,disturbed,FALSE
44,240,8970,1209,brick,half,2,1175,,125,49,,,yellow,4,,none,,"strike, sandstruck",Handmade,"conjoing pieces, split",S6.2,1760-1800,1760,1800,1750-1810,Bishops Living Quarters,1198,1624,Drain,in situ,FALSE
45,242,8970,1209,brick,complete,7,2400,237,122,59,,,orange red,6,rare calcite and grit,none,,,,,S6.2,1760-1800,1760,1800,1750-1810,Bishops Living Quarters,1198,1624,Drain,in situ,FALSE
102,208,6453,1226,brick,half,1,675,,107,45,,,white,3,rare grog/grit?,,,sand struck?,,,S7.3,1800-1840,1800,1840,1780-1840,Vestibule & Corridor,1287,775,Drain,in situ,FALSE
104,215,6456,1239,brick,fragment,2,165.2,,,46,,,yellow,6,freq fine quartz,,,,,,S7.3,1800-1840,1800,1840,1780-1840,Vestibule & Corridor,775,775,Floor,in situ,FALSE
103,210,6457,1246,brick,fragment,2,226.4,,,,,,yellow,6,,,,,,,S7.3,1800-1840,1800,1840,1780-1840,Vestibule & Corridor,775,775,Floor,disturbed,FALSE
42,235,8971,1289,brick,half,1,750,,108,43,,,yellow,3,rare grog,none,,,,,MB.3,1880-1930,1880,1930,1870-1930,Midden Zone B,752,752,Excavation,in situ,FALSE
43,237,8971,1289,brick,chip,1,148.9,,,,,,orange red,6,rare calcite?,,,"strike, sand struck",Handmade,,MB.3,1880-1930,1880,1930,1870-1930,Midden Zone B,752,752,Excavation,in situ,FALSE
39,230,8972,1292,brick,near complete,1,2010,237,125,62,,,orange red,5,rare grey grit & grog,none,,strike,Handmade,one face mostly spalled off,S12.2,1740,,1740,1720-1750,Living Quarters,1320,1320,Wall,disorganized,FALSE
40,231,8973,1316,brick,half,1,625,,105,43,,,yellow,6,freq fine quartz,none,,,,,S18.8,1790-1830,1790,1830,1780-1840,Midden,1335,1335,Wall,disorganized,FALSE
41,232,8973,1316,brick,fragment,1,369,,111,38,,,white,5,freq fine quartz,,,,,,S18.8,1790-1830,1790,1830,1780-1840,Midden,1335,1335,Wall,disorganized,FALSE
71,261,8976,1322,brick,half,1,700,,102,38,,,yellow,5,,none,,,,,S5.3,1760-1780,1760,1780,1750-1780,Bishops Dining Room,1200,1200,Floor,in situ,FALSE
72,262,8976,1322,brick,half,1,475,,106,47,,,yellow,3,rare grit,none,,,,,S5.3,1760-1780,1760,1780,1750-1780,Bishops Dining Room,1200,1200,Floor,in situ,FALSE
69,256,8978,1329,brick,half,1,1703,,122,64,,,orangre red,6,,none,,strike,Handmade,burnt - in kiln?,S12.1,1690-1740,1690,1740,1690-1750,Living Quarters,1320,1320,Floor,in situ,TRUE
70,259,8979,1336,brick,fragment,1,800,,127,57,,,white,5,freq fine quartz,none,,straight  wire marks on face,Extruded,burnt on one face and stretcher & header,S6.3,1800-1890,1800,1890,1780-1900,Bishops Living Quarters,1174,1174,Floor,disturbed,FALSE
46,250,8981,1346,brick,fragment,6,207,,,,,,yellow,3,,,,,,,S5.2,1740-1760,1740,1760,1720-1780,Bishops Dining Room,1211,1200,Floor,in situ,TRUE
47,254,8985,1385,brick,fragment,1,350,,105,41,,,yellow,2,,,,,,,S7.3,1800-1840,1800,1840,1780-1840,Vestibule & Corridor,775,775,Floor,in situ,FALSE
48,255,8986,1393,brick,fragment,2,363.1,,109,37,,,yellow,5,,none,,,,,S5.2,1740-1760,1740,1760,1720-1780,Bishops Dining Room,1211,1200,Floor,in situ,TRUE
78,276,8990,1406,brick,fragment,1,800,,124,61,,,orange red,6,,,,strike marks,Handmade,,S7.2,1760-1800,1760,1800,1750-1810,Vestibule & Corridor,1287,775,Drain,in situ,FALSE
79,277,8990,1406,brick,fragment,1,508.8,,,44,,,yellow,3,,none,,,Handmade,"concave top, pocked base; poss queen closer but uncertain",S7.2,1760-1800,1760,1800,1750-1810,Vestibule & Corridor,1287,775,Drain,in situ,FALSE
107,284,8990,1406,brick,complete,2,1400,212,105,48,,,yellow,4,,none,,,,conjoining halves,S7.2,1760-1800,1760,1800,1750-1810,Vestibule & Corridor,1287,775,Drain,in situ,FALSE
80,278,8991,1419,brick,fragment,1,1025,,1203,59,,,orange red,6,calcite,none,,strike,Handmade,,S7.2,1760-1800,1760,1800,1750-1810,Vestibule & Corridor,775,775,Floor,in situ,FALSE
81,279,8991,1419,brick,fragment,1,355,,104,41,,,yellow,2,,none,,,,,S7.2,1760-1800,1760,1800,1750-1810,Vestibule & Corridor,775,775,Floor,in situ,FALSE
75,271,8994,1422,brick,fragment,2,57.2,,,,,,pinkish white,6,"rare grog, mica",,,wire marks,Extruded,,MC.2,1700-1750,1700,1750,1690-1750,Midden Zone C,634,1070,Midden,in situ,FALSE
74,269,8997,1443,brick,fragment,5,994.8,,121,,,,orange red,6,rare grit/grog,,,,,reduced/grey surface,S10.4,1800-1880,1800,1880,1780-1900,Kitchen,1101,1101,Demolition,in situ,FALSE
76,272,8999,1456,brick,half,1,1475,,117,65,,,orange red,6,grey grit,none,,"strike marks, sand struck",Handmade,grey surfaces,S7.2,1760-1800,1760,1800,1750-1810,Vestibule & Corridor,1702,1702,Floor,in situ,FALSE
73,266,9000,1461,brick,fragment,1,198,,,44,,,orange red,6,mod calcites,,,sandstruck,,grey/reduced surface,S7.1,1720-1760,1720,1760,1720-1780,Vestibule & Corridor,1702,1702,Floor,in situ,TRUE
77,274,9001,1498,brick,fragment,1,600,,115,57,,,yellow,6,"freq fine quartz, grog?",none,,,,,S7.1,1720-1760,1720,1760,1720-1780,Vestibule & Corridor,1702,1702,Floor,in situ,FALSE
108,295,9004,1504,brick,chip,3,44.1,,,45,,,white,3,,,,,,"orange slip on header, burnt face",S19.1,1730-1770,1730,1770,1720-1780,School Refectory,1484,690,Floor,in situ,TRUE
110,308,9006,1506,brick,fragment,5,85,,,42,,,white,4,,,,,,,S19.1,1730-1770,1730,1770,1720-1780,School Refectory,1484,690,Floor,in situ,TRUE
116,322,9011,1545,brick,half,1,614,,102,44,,,yellow,6,,,,hack mark?,,pink slip/surface on header,S7.2,1760-1800,1760,1800,1750-1810,Vestibule & Corridor,775,775,Floor,in situ,FALSE
111,309,9013,1576,brick,fragment,1,69.4,,,45,,,white,4,,,,,,,S19.1,1730-1770,1730,1770,1720-1780,School Refectory,1484,690,Floor,in situ,TRUE
114,316,9023,1617,brick,fragment,2,389.7,,,60,,,orange red,5,,,,,,burnt face,S6.1,1720-1760,1720,1760,1720-1780,Bishops Living Quarters,949,1624,Floor,in situ,TRUE
117,323,9025,1627,brick,fragment,2,274.8,,,,,,white,3,,,,,,?burnt,S7.1,1720-1760,1720,1760,1720-1780,Vestibule & Corridor,1702,1702,Floor,in situ,TRUE
118,324,9025,1627,brick,fragment,2,397.1,,,45,,,yellow,3,,,,,,,S7.1,1720-1760,1720,1760,1720-1780,Vestibule & Corridor,1702,1702,Floor,in situ,TRUE
119,325,9025,1627,brick,half,3,1400,,122,59,,,orange red,6,calcite?,,,strike marks,Handmade,,S7.1,1720-1760,1720,1760,1720-1780,Vestibule & Corridor,1702,1702,Floor,in situ,TRUE
120,326,9025,1627,brick,half,1,500,,101,43,,,yellow,3,,,,,,,S7.1,1720-1760,1720,1760,1720-1780,Vestibule & Corridor,1702,1702,Floor,in situ,TRUE
121,327,9025,1627,brick,fragment,1,270.2,,,42,,,yellow,2,,,,,,,S7.1,1720-1760,1720,1760,1720-1780,Vestibule & Corridor,1702,1702,Floor,in situ,TRUE
115,320,9029,1679,brick,fragment,6,265.6,,,48,,,white,5,,,,,,,S7.1,1720-1760,1720,1760,1720-1780,Vestibule & Corridor,1702,1702,Floor,in situ,TRUE
112,314,9030,1690,brick,fragment,1,95,,,47,,,white,6,,,,,,,S7.2,1760-1800,1760,1800,1750-1810,Vestibule & Corridor,1287,775,Drain,in situ,TRUE
113,315,9030,1690,brick,fragment,1,300.6,,,49,,,pinkish orange,5,"occ grog, calcite",,,"sandstruck, strike",Handmade,,S7.2,1760-1800,1760,1800,1750-1810,Vestibule & Corridor,1287,775,Drain,in situ,TRUE
151,386,12230,1716,brick,fragment,1,279.5,,,42,,,yellow,3,rare grit,,,,,,S4.1,1720-1760,1720,1760,1720-1780,Lodge/Dining Room & Chambers,989,989,Floor,in situ,FALSE
152,387,12230,1716,brick,complete,2,925,220,103,42,,,yellow,3,,none,,,,1 pinkish header,S4.1,1720-1760,1720,1760,1720-1780,Lodge/Dining Room & Chambers,989,989,Floor,in situ,FALSE
194,488,18799,1720,brick,fragment,11,34.3,,,,,,yellow buff,5,,,,,,from sample 220,C.3,1830-1850,1830,1850,1810-1870,Courtyard,1683,1257,Drain,in situ,TRUE
143,376,12231,1740,brick,fragment,2,1325,,,62,,,pink red,6,,,,strike,Handmade,2 large frags - poss different bricks,S18.6,1760-1770,1760,1770,1750-1780,Pantry,1335,1335,Floor,in situ,FALSE
146,379,12236,1790,brick,fragment,1,675,,,,,,pink orange,6,,,,strike marks,Handmade,,C.2-3,1720-1850,1720,1850,1720-1870,Courtyard,1771,1257,External area,in situ,FALSE
192,485,18841,1849,brick,fragment,4,110.6,,,45,,,white with orange areas,3,,,,,,"corner, 4 faces; from sampe 231",C.3,1830-1850,1830,1850,1810-1870,Courtyard,1683,1257,Drain,in situ,TRUE
135,359,12240,1880,brick,fragment,1,79.5,,,47,,,white,2,,,,,,"burnt/sooted surface, pinkish slip on header",S23.1,1700-1720,1700,1720,1690-1720,Bishops Living Quarters,1997,2551,Floor,in situ,TRUE
184,465,18960,1881,brick,fragment,1,8.6,,,,,,buff,3,,,,,,from sample 244,S23.1,1700-1720,1700,1720,1690-1720,Bishops Living Quarters,1997,2551,Floor,in situ,TRUE
145,378,12241,1903,brick,fragment,1,552.6,,,73,,,pink red,6,rare grit,,,strike marks,Handmade,swirls of unmixed white clay,S31.2,1700-1720,1700,1720,1690-1720,Bishops Dining Room,1904,1904,Midden,disturbed,FALSE
140,370,12243,1937,brick,fragment,1,215.5,,,47,,,yellow,3,,,,,,,S31.2,1700-1720,1700,1720,1690-1720,Bishops Dining Room,1904,1904,External area,disturbed,FALSE
150,383,12244,1956,brick,fragment,5,630,,,,,,orange,6,"rare mica, grit",,,strike,Handmade,,S31.2,1700-1720,1700,1720,1690-1720,Bishops Dining Room,1904,1904,External area,disturbed,FALSE
144,377,12245,1989,brick,fragment,1,249,,,,,,yellow,6,,,,,,,C.3,1830-1850,1830,1850,1810-1870,Courtyard,1257,1257,External area,in situ,FALSE
185,466,18736,2021,brick,fragment,1,10,,,,,,white,3,fine quartz,,,,,from sample 246,S10.2,1730-1760,1730,1760,1720-1780,Kitchen,1773,692,Drain,in situ,TRUE
139,369,12246,2054,brick,fragment,1,266,,,43,,,yellow,4,,,,,,poss queen closer,S6.1,1720-1760,1720,1760,1720-1780,Bishops Living Quarters,1624,1624,Floor,in situ,TRUE
147,380,12249,2102,brick,chip,10,425.3,,,,,,pink orange,6,rare grit & mica,,,strike,Handmade,,S7.1,1720-1760,1720,1760,1720-1780,Vestibule & Corridor,1702,1702,Floor,in situ,FALSE
148,381,12249,2102,brick,fragment,1,92,,,,,,yellow,5,freq fine quartz,,,,,burnt,S7.1,1720-1760,1720,1760,1720-1780,Vestibule & Corridor,1702,1702,Floor,in situ,FALSE
149,382,12249,2102,brick,fragment,2,60.2,,,,,,yellow,5,,,,,,,S7.1,1720-1760,1720,1760,1720-1780,Vestibule & Corridor,1702,1702,Floor,in situ,FALSE
141,374,12253,2121,brick,near complete,1,2275,,,63,,,pink red,6,,none,,strike,Handmade,poss closer - but unclear,S6.2,1760-1800,1760,1800,1750-1810,Bishops Living Quarters,2214,1624,Floor,in situ,TRUE
142,375,12253,2121,brick,fragment,1,308.5,,,45,,,yellow,3,,none,,,,,S6.2,1760-1800,1760,1800,1750-1810,Bishops Living Quarters,2214,1624,Floor,in situ,TRUE
133,350,12259,2124,brick,chip,7,129.7,,,,,,yellow,3,rare grog,,,,,,S5.3,1760-1780,1760,1780,1750-1780,Bishops Dining Room,1200,1200,Wall,in situ,FALSE
136,360,12256,2165,brick,fragment,1,62.9,,,,,,white,5,freq fine quartz,,,,,,C.2-3,1720-1850,1720,1850,1720-1870,Courtyard,1771,1257,External area,in situ,FALSE
137,361,12258,2192,brick,fragment,1,40,,,,,,white,5,,,,,,,S10.2,1730-1760,1730,1760,1720-1780,Kitchen,692,692,Floor,in situ,FALSE
134,351,12260,2196,brick,near complete,1,2200,226,122,64,,,pink red,6,,,,,,?burnt,S17.7,1770-1790,1770,1790,1750-1810,Meat Store,2188,2764,Floor,in situ,FALSE
125,332,12262,2215,brick,fragment,4,115.8,,,,,,yellow,3,rare grey grit,,,,,pink slip/surface on header,S18.4,1700-1740,1700,1740,1690-1750,Pantry,2067,1884,Floor,in situ,TRUE
129,345,12264,2233,brick,fragment,1,188.1,,,,,,orange,6,rare grey grit,,,strike,Handmade,,S6.2,1760-1800,1760,1800,1750-1810,Bishops Living Quarters,1624,1624,Wall,disturbed,FALSE
130,346,12264,2233,brick,half,1,800,,105,47,,,yellow,3,,none,,,,,S6.2,1760-1800,1760,1800,1750-1810,Bishops Living Quarters,1624,1624,Wall,disturbed,FALSE
122,329,12265,2234,brick,fragment,1,366.5,,,42,,,white,2,occ grog,,,,,burnt surface?,S17.7,1770-1790,1770,1790,1750-1810,Meat Store,2188,2764,Fireplace,disturbed,FALSE
124,331,12267,2248,brick,fragment,3,387,,122,52,,,yellow,5,rare grog,,,strike marks on top,Handmade,,S6.4,1890,,1890,1870-1900,Millers Workshop,1174,1174,Wall,disorganized,FALSE
123,330,12269,2285,brick,fragment,1,296.4,,,40,,,yellow,2,,,,,,,C.2,1720-1830,1720,1830,1720-1840,Courtyard,1257,1257,External area,in situ,FALSE
131,347,12271,2300,brick,half,1,893,,105,45,,,yellow,4,,,,strike,Handmade,,S10.2,1730-1760,1730,1760,1720-1780,Kitchen,1773,692,Drain,in situ,TRUE
126,334,12272,2301,brick,fragment,5,75,,,,,,pink red,6,rare grey grit,,,,,poorly mixed white clay streaks,S6.1,1720-1760,1720,1760,1720-1780,Bishops Living Quarters,2214,1624,Fireplace,disturbed,FALSE
193,487,18845,2301,brick,fragment,2,117.5,,,,,,pink red,6,,,,,,"corner, 2 faces; from sample 271",S6.1,1720-1760,1720,1760,1720-1780,Bishops Living Quarters,2214,1624,Fireplace,disturbed,FALSE
132,348,12275,2341,brick,half,1,937,,106,44,,,yellow,4,,none,,,,,S25.3,1720,,1720,1720-1750,Boys Lodge (servants?),2520,2520,Wall,disorganized,FALSE
127,338,12276,2355,brick,fragment,1,496.4,,,49,,,yellow,6,"rare grog?, mica",none,,,,burnt?,S17.6,1750-1770,1750,1770,1750-1780,Meat Store,1680,1680,Floor,in situ,FALSE
128,339,12276,2355,brick,half,1,800,,97,54,,,yellow,5,freq fine quartz,none,,,,burnt,S17.6,1750-1770,1750,1770,1750-1780,Meat Store,1680,1680,Floor,in situ,FALSE
156,393,12280,2380,brick,fragment,1,650,,108,48,,,white,4,freq fine quartz,none,,,,"stretchers have been chamfered/bevelled - 1  steep, 1 at c.45 deg - plinth brick; burnt/reduced surfaces?",S8.2,1750-1800,1750,1800,1750-1810,Nursery/Private Chambers,2344,2344,Wall,disorganized,FALSE
157,394,12280,2380,brick,half,2,750,,107,43,,,yellow,3,,none,,,Handmade,"concave/dished top surface, rough, pocked bottom surface; poss closer (half-bat) - 162mm long",S8.2,1750-1800,1750,1800,1750-1810,Nursery/Private Chambers,2344,2344,Wall,disorganized,FALSE
153,388,12279,2387,brick,fragment,1,442.7,,,45,,,yellow,3,,none,,,,burnt/sooted on stretcher,S6.1,1720-1760,1720,1760,1720-1780,Bishops Living Quarters,1624,1624,Wall,in situ,FALSE
154,389,12279,2387,brick,fragment,1,138,,,,,,orange red,5,"grey grit, mica",,,,,,S6.1,1720-1760,1720,1760,1720-1780,Bishops Living Quarters,1624,1624,Wall,in situ,FALSE
158,408,12283,2425,brick,fragment,5,195.5,,,46,,,yellow,3,rare grog,,,,,pink slipped/surface header?,S23.2,1720,,1720,1720-1750,Bishops Living Quarters,2551,2551,Floor,disturbed,TRUE
159,409,12283,2425,brick,fragment,5,1570,,,60,,,pink red,6,"rare grit, calcite",,,,,grey/reduced surfaces - patchy,S23.2,1720,,1720,1720-1750,Bishops Living Quarters,2551,2551,Floor,disturbed,TRUE
162,413,12284,2448,brick,half,1,1300,,123,58,,,pink orange,6,rare grey grit & calcite,none,,,,poss closer?,S8.1,1720-1750,1720,1750,1720-1750,Nursery,2344,2344,Floor,disturbed,FALSE
163,414,12284,2448,brick,complete,1,1300,217,105,46,,,yellow,2,,,,,,"pink slipped/surface headers, stretchers & base",S8.1,1720-1750,1720,1750,1720-1750,Nursery,2344,2344,Floor,disturbed,FALSE
155,392,12287,2478,brick,fragment,1,257.3,,105,42,,,yellow,3,,,,,,,S7.1,1720-1760,1720,1760,1720-1780,Vestibule & Corridor,1702,1702,Floor,in situ,FALSE
179,442,15629,2491,brick,near complete,1,2550,,123,59,,,pink red,6,,,,strike,Handmade,,S7.1,1720-1760,1720,1760,1720-1780,Vestibule & Corridor,1702,1702,Floor,in situ,FALSE
180,443,15629,2491,brick,fragment,1,1075,,133,59,,,orange red,6,"rare flint, caclite",,,,,,S7.1,1720-1760,1720,1760,1720-1780,Vestibule & Corridor,1702,1702,Floor,in situ,FALSE
181,444,15628,2491,brick,fragment,8,1100,,125,63,,,orange red,6,caclite? & grey grit,none,,strike,Handmade,refitting frags,S7.1,1720-1760,1720,1760,1720-1780,Vestibule & Corridor,1702,1702,Floor,in situ,FALSE
173,434,14596,2520,brick,fragment,1,1189,,125,63,,,orange red,6,,,,,,burnt/sooted strecthers,S25.1,1670-1710,1670,1710,1660-1720,Boys Lodge (servants?),163,2520,Building,in situ,FALSE
138,365,15483,2525,brick,fragment,1,41.9,,,,,,white,3,,,,,,,S10.1,1700-1730,1700,1730,1690-1750,Kitchen,2235,2294,Floor,in situ,FALSE
160,410,12290,2534,brick,half,1,2400,,121,63,,,pink red,6,rare calcites & grey grit/grog,,,"strike, sand struck base",Handmade,,S6.1,1720-1760,1720,1760,1720-1780,Bishops Living Quarters,1624,1624,Wall,in situ,FALSE
161,412,12290,2534,brick,fragment,1,800,,120,49,,,pink orange,6,rare grit & calcite,none,,"strike marks on top, oblique wire/brush(?) marks on base",Handmade,,S6.1,1720-1760,1720,1760,1720-1780,Bishops Living Quarters,1624,1624,Wall,in situ,FALSE
176,438,14597,2573,brick,fragment,2,1011,,122,52,,,orange red,6,rare grey grit & calcite,none,,strike,Handmade,burnt on stretcher,S25.3,1720,,1720,1720-1750,Boys Lodge (servants?),2520,2520,Wall,disorganized,FALSE
165,419,14576,2583,brick,fragment,1,69.7,,,,,,yellow,4,,,,,,,C.1,1670-1720,1670,1720,1660-1720,Courtyard,1257,1257,External area,in situ,FALSE
168,428,14586,2585,brick,chip,11,41.4,,,,,,white,6,,,,,,,C.2,1720-1830,1720,1830,1720-1840,Courtyard,1966,1257,External area,in situ,TRUE
189,478,17511,2585,brick,fragment,4,15.4,,,,,,white,5,,,,,,,C.2,1720-1830,1720,1830,1720-1840,Courtyard,1966,1257,External area,in situ,TRUE
183,461,17509,2593,brick,fragment,1,4.6,,,,,,white,3,,,,,,,C.2,1720-1830,1720,1830,1720-1840,Courtyard,1966,1257,External area,in situ,TRUE
171,431,14590,2609,brick,fragment,2,373.7,,,62,,,orange red,6,,,,,,top face bevelled towards header - polished? Plinth brick?,S23.2,1720,,1720,1720-1750,Bishops Living Quarters,2551,2551,Floor,in situ,FALSE
172,433,14595,2634,brick,fragment,1,590,,121,50,,,yellow,6,mod grit & grog,,,"strike on top, transverse combing/brush marks on base",Handmade,pinkish interior; burnt - post-breakage,S17.2,1690-1700,1690,1700,1690-1720,Meat Store,2629,1680,Drain,disturbed,FALSE
174,435,14592,2641,brick,fragment,1,4898,,106,48,,,yellow,3,,,,,,straw impression on base,S25.2,1710-1720,1710,1720,1690-1720,Boys Lodge (servants?),2521,2520,Floor,in situ,FALSE
167,425,14591,2643,brick,fragment,1,15.4,,,,,,white,5,grog/grit,,,,,,S25.2,1710-1720,1710,1720,1690-1720,Boys Lodge (servants?),2521,2520,Floor,in situ,FALSE
164,415,14589,2672,brick,fragment,1,472.8,,106,44,,,yellow,3,rare grit/grog,,,,,,S25.2,1710-1720,1710,1720,1690-1720,Boys Lodge (servants?),2521,2520,Floor,in situ,FALSE
166,422,14578,2705,brick,fragment,1,69.6,,,,,,yellow,2,,,,,,,S25.2,1710-1720,1710,1720,1690-1720,Boys Lodge (servants?),2521,2520,Floor,in situ,FALSE
169,429,14587,2729,brick,fragment,1,150.6,,,59,,,pink red,6,,,,,,,C.1,1670-1720,1670,1720,1660-1720,Courtyard,1257,1257,External area,in situ,FALSE
170,430,14598,2765,brick,fragment,1,705,,122,65,,,orange red,6,rare grog & grit,,,strike,Handmade,,S25.3,1720,,1720,1720-1750,Boys Lodge (servants?),2723,2520,Drain,in situ,FALSE
177,439,14599,2862,brick,fragment,1,2199,,146,70,,,orange red,6,rare grog/grit,none,,paw print?,Handmade,,S23.2,1720,,1720,1720-1750,Bishops Living Quarters,2863,2551,Wall,disorganized,TRUE
175,436,14600,2872,brick,half,1,2000,,122,64,,,orange red,6,,,,strike,Handmade,"burnt/sooted on header, strectcher and top side",S23.1,1700-1720,1700,1720,1690-1720,Bishops Living Quarters,2863,2551,Floor,in situ,TRUE
182,455,17496,2896,brick,chip,1,0.9,,,,,,white,2,occ quartz,,,,,prob brick,S17.2,1690-1700,1690,1700,1690-1720,Meat Store,2730,2763,Fireplace,in situ,TRUE
191,484,19331,2992,brick,fragment,1,11.1,,,,,,white,,,,,,,,S17.1,1670-1690,1670,1690,1660-1690,Meat Store,2960,1680,Drain,in situ,FALSE
178,440,14593,0,brick,half,1,832,,106,45,,,yellow,3,,,,,,,,,,,,,0,,,,FALSE
204,18,712,8,brick/tile,chip,1,2,,,,,,white,3,,,,,,,T1.2,1984-1986,1984,1986,1960-1990,Guðmundur Ólafsson Excavation,818,7,Excavation,in situ,FALSE
203,17,717,12,brick/tile,chip,2,2.3,,,,,,white,,,,,,,,T1.2,1984-1986,1984,1986,1960-1990,Guðmundur Ólafsson Excavation,823,7,Excavation,in situ,FALSE
249,477,26,12,brick/tile,chip,1,0.9,,,,,,pink orange,,,,,,,,T1.2,1984-1986,1984,1986,1960-1990,Guðmundur Ólafsson Excavation,823,7,Excavation,in situ,FALSE
202,16,718,14,brick/tile,chip,3,27.4,,,,,,pinkish yellow,,freq fine quartz grains,,,,,sooted?,S4.6,1890,,1890,1870-1900,Pantry/Kitchen,300,300,Midden,in situ,TRUE
210,26,722,20,brick/tile,chip,1,1.2,,,,,,white,6,grog,,,,,,MA.2,1910-1930,1910,1930,1900-1930,Midden Zone A,752,752,Drain,in situ,FALSE
211,27,722,20,brick/tile,chip,1,29.7,,,,,,orange red,5,,,,,,,MA.2,1910-1930,1910,1930,1900-1930,Midden Zone A,752,752,Drain,in situ,FALSE
205,19,723,22,brick/tile,chip,12,81.8,,,,,,orangre red,6,rare calcite & grey grit,,,,,,LH,1958,,1958,1930-1960,Levelling Horizon,752,752,Demolition,disorganized,FALSE
206,20,723,22,brick/tile,chip,1,6.7,,,,,,orange red,6,calcite & grey grit,,,,,,LH,1958,,1958,1930-1960,Levelling Horizon,752,752,Demolition,disorganized,FALSE
198,11,725,26,brick/tile,chip,1,3.3,,,,,,yellow,,,,,,,,S21.4,1770-1790,1770,1790,1750-1810,School Room,81,81,Wall,disturbed,FALSE
199,12,728,28,brick/tile,chip,1,1.3,,,,,,orange red,,,,,,,,S5.6,1830-1890,1830,1890,1810-1900,Workshop/Flour Mill,3027,3027,Wall,disturbed,FALSE
200,13,728,28,brick/tile,chip,1,4.3,,,,,,yellow,,,,,,,,S5.6,1830-1890,1830,1890,1810-1900,Workshop/Flour Mill,3027,3027,Wall,disturbed,FALSE
201,14,728,28,brick/tile,chip,1,5.9,,,,,,white,,,,,,,,S5.6,1830-1890,1830,1890,1810-1900,Workshop/Flour Mill,3027,3027,Wall,disturbed,FALSE
215,34,730,31,brick/tile,chip,1,6.2,,,,,,orange red,6,rare grey grit,,,,,,LH,1958,,1958,1930-1960,Levelling Horizon,752,752,Demolition,disorganized,FALSE
209,25,731,33,brick/tile,chip,1,1.9,,,,,,pinkish orange,,,,,,,,S5.6,1830-1890,1830,1890,1810-1900,Workshop/Flour Mill,3027,3027,Wall,in situ,FALSE
214,31,733,35,brick/tile,chip,1,2.7,,,,,,white,,,,,,,,LH,1958,,1958,1930-1960,Levelling Horizon,752,752,Demolition,disturbed,FALSE
207,23,738,38,brick/tile,chip,1,2.1,,,,,,orange red,,fine quartz,,,,,,S32.1,1850-1890,1850,1890,1840-1900,Forge,48,48,Midden,in situ,TRUE
208,24,738,38,brick/tile,chip,1,1.1,,,,,,pinkish yellow,,mica,,,,,,S32.1,1850-1890,1850,1890,1840-1900,Forge,48,48,Midden,in situ,TRUE
212,28,739,42,brick/tile,chip,1,10.7,,,,,,orange red,6,grey grits,,,,,,S32.1,1850-1890,1850,1890,1840-1900,Forge,48,48,Midden,in situ,FALSE
213,29,739,42,brick/tile,chip,1,1.2,,,,,,white,,,,,,,,S32.1,1850-1890,1850,1890,1840-1900,Forge,48,48,Midden,in situ,FALSE
217,36,753,65,brick/tile,chip,2,14.6,,,,,,white,4,freq fine quartz,,,,,,S4.5,1840-1890,1840,1890,1840-1900,Pantry/Kitchen,300,300,Floor,in situ,TRUE
216,35,757,72,brick/tile,chip,3,7.4,,,,,,pinkish orange,5,,,,,,,S13.4,1830-1850,1830,1850,1810-1870,Silo/Midden,30,30,Wall,disorganized,FALSE
218,38,764,78,brick/tile,chip,1,1.6,,,,,,yellow,,,,,,,,S29.3,1820-1880,1820,1880,1810-1900,Infirmary,100,100,Wall,disorganized,FALSE
219,39,773,83,brick/tile,chip,1,7.6,,,,,,yellow,5,,,,,,,S5.5,1800-1830,1800,1830,1780-1840,Pantry/Study & Library,912,329,Floor,in situ,FALSE
220,40,779,88,brick/tile,chip,1,16.4,,,,,,orange red,6,rare calcite,,,,,,S21.5,1790,,1790,1780-1810,School Room,81,81,Floor,in situ,FALSE
234,476,18831,543,brick/tile,fragment,1,9.2,,,,,,white,6,quartz,,,,,burnt/sooted ext surface,S4.3,1780-1800,1780,1800,1780-1810,Lodge/Dining Room & Chambers,757,989,Fireplace,in situ,FALSE
226,460,2635,556,brick/tile,chip,2,3.6,,,,,,orange,,,,,,,,MC.1,1650-1700,1650,1700,1630-1720,Midden Zone C,634,364,Midden,in situ,FALSE
247,463,18882,1182,brick/tile,chip,1,0.8,,,,,,pink orange,,,,,,,spall; from sample 92,S11.3,1730-1740,1730,1740,1720-1750,Priests Living Quarters,2758,2758,Construction,in situ,TRUE
229,467,18932,1742,brick/tile,fragment,1,4.7,,,,,,pink,6,,,,,,from sample 223,C.3,1830-1850,1830,1850,1810-1870,Courtyard,1741,1257,Drain,in situ,TRUE
239,486,18841,1849,brick/tile,chip,2,5.2,,,,,,orange,6,,,,,,from sample 231,C.3,1830-1850,1830,1850,1810-1870,Courtyard,1683,1257,Drain,in situ,TRUE
232,469,18862,2425,brick/tile,fragment,8,11.2,,,,,,pink red,6,,,,,,from sample 287,S23.2,1720,,1720,1720-1750,Bishops Living Quarters,2551,2551,Floor,disturbed,TRUE
241,448,19262,2609,brick/tile,chip,3,0.9,,,,,,red,,,,,,,small frags; could be pot or brick; from sample 314,S23.2,1720,,1720,1720-1750,Bishops Living Quarters,2551,2551,Floor,in situ,FALSE
236,480,17506,2634,brick/tile,chip,1,4.2,,,,,,pink orange,,,,,,,,S17.2,1690-1700,1690,1700,1690-1720,Meat Store,2629,1680,Drain,disturbed,FALSE
233,471,17507,2645,brick/tile,chip,1,2.8,,,,,,orange red,,,,,,,,S17.3,1700-1710,1700,1710,1690-1720,Meat Store,1680,2763,Floor,in situ,TRUE
225,459,17510,2682,brick/tile,fragment,7,37.9,,,,,,pink-orange,4,,,,,,brick or tile; sooted surface - kiln or from stove?,S23.1,1700-1720,1700,1720,1690-1720,Bishops Living Quarters,2658,2551,Floor,in situ,TRUE
228,464,18868,2687,brick/tile,fragment,2,8.9,,,,,,orange red,,,,,,,from sample 327,S23.1,1700-1720,1700,1720,1690-1720,Bishops Living Quarters,2658,2551,Floor,in situ,TRUE
221,437,14585,2689,brick/tile,chip,1,0.9,,,,,,pink orange,,,,,,,,S23.1,1700-1720,1700,1720,1690-1720,Bishops Living Quarters,2658,2551,Floor,in situ,TRUE
237,481,17505,2695,brick/tile,chip,1,2.6,,,,,,orange,,,,,,,,S23.1,1700-1720,1700,1720,1690-1720,Bishops Living Quarters,2658,2551,Floor,in situ,TRUE
235,479,17508,2705,brick/tile,fragment,1,2.7,,,,,,pink orange,6,,,,,,,S25.2,1710-1720,1710,1720,1690-1720,Boys Lodge (servants?),2521,2520,Floor,in situ,FALSE
224,458,17503,2715,brick/tile,fragment,5,14.7,,,,,,orange red,2,,,,,,burnt; brick or tile,S17.4,1710-1720,1710,1720,1690-1720,Meat Store,2659,1680,Floor,in situ,FALSE
245,456,17495,2811,brick/tile,chip,1,0.6,,,,,,orange red,,,,,,,small frag; could be pot or cbm,S25.1,1670-1710,1670,1710,1660-1720,Boys Lodge (servants?),2800,2520,Floor,in situ,TRUE
246,457,17495,2811,brick/tile,chip,1,0.3,,,,,,white/buff,,,,,,,could be pot or cbm,S25.1,1670-1710,1670,1710,1660-1720,Boys Lodge (servants?),2800,2520,Floor,in situ,TRUE
227,462,15428,2823,brick/tile,fragment,1,18.9,,,,,,red,4,,,,,,?burnt,S25.1,1670-1710,1670,1710,1660-1720,Boys Lodge (servants?),2800,2520,Floor,in situ,TRUE
223,454,17497,2872,brick/tile,fragment,2,5.4,,,,,,orange,,,,,,,from brick or tile,S23.1,1700-1720,1700,1720,1690-1720,Bishops Living Quarters,2863,2551,Floor,in situ,TRUE
222,450,17500,2877,brick/tile,chip,1,1,,,,,,red,,,,,,,could be brick or tile,S25.1,1670-1710,1670,1710,1660-1720,Boys Lodge (servants?),2520,2520,Floor,in situ,FALSE
248,472,17502,2902,brick/tile,chip,2,0.3,,,,,,white,,,,,,,small chips,S23.1,1700-1720,1700,1720,1690-1720,Bishops Living Quarters,2658,2551,Floor,in situ,TRUE
230,468,19239,2904,brick/tile,fragment,1,21.1,,,,,,brick red,6,,,,,,from sample 347,S17.3,1700-1710,1700,1710,1690-1720,Meat Store,1680,2763,Floor,in situ,TRUE
231,468,19239,2904,brick/tile,fragment,1,21.1,,,,,,brick red,6,,,,,,from sample 347,S17.3,1700-1710,1700,1710,1690-1720,Meat Store,1680,2763,Floor,in situ,TRUE
230,468,19239,2904,brick/tile,fragment,1,21.1,,,,,,brick red,6,,,,,,from sample 347,S23.1,1700-1720,1700,1720,1690-1720,Bishops Living Quarters,2658,2551,Floor,in situ,TRUE
231,468,19239,2904,brick/tile,fragment,1,21.1,,,,,,brick red,6,,,,,,from sample 347,S23.1,1700-1720,1700,1720,1690-1720,Bishops Living Quarters,2658,2551,Floor,in situ,TRUE
240,447,19267,2904,brick/tile,chip,2,0.04,,,,,,red,,,,,,,tiny frags; could be pot or brick; from sample 347,S23.1,1700-1720,1700,1720,1690-1720,Bishops Living Quarters,2658,2551,Floor,in situ,TRUE
498,,14094,2904,brick/tile,chip,2,1.9,,,,,,orange red,,,,,,,in pottery bag,S23.1,1700-1720,1700,1720,1690-1720,Bishops Living Quarters,2658,2551,Floor,in situ,TRUE
,,16647,2938,brick/tile,chip,1,3.8,,,,,,orange red,,,,,,,in pottery bag,S17.2,1690-1700,1690,1700,1690-1720,Meat Store,2892,1680,Floor,in situ,FALSE
242,449,17501,2948,brick/tile,chip,1,3.3,,,,,,pink-red,,,,,,,could be pot or brick,S23.1,1700-1720,1700,1720,1690-1720,Bishops Living Quarters,2658,2551,Floor,in situ,TRUE
238,482,17504,2949,brick/tile,chip,1,1.6,,,,,,orange,,,,,,,,S23.1,1700-1720,1700,1720,1690-1720,Bishops Living Quarters,2658,2551,Floor,in situ,TRUE
244,453,17498,2985,brick/tile,chip,1,2.1,,,,,,grey,,,,,,,small frag with white surface; could be pot or cbm,S17.2,1690-1700,1690,1700,1690-1720,Meat Store,2951,2764,Fireplace,in situ,FALSE
243,452,17499,2700,brick/tile,chip,4,1.8,,,,,,orange,,,,,,,spalls; could be pot or cbm,S17.4,1710-1720,1710,1720,1690-1720,Meat Store,2660,2326,Floor,in situ,FALSE
250,,18346,2310,cement,fragment,1,56,25,,,,9,,,,,,,,cement render?,S6.1,1720-1760,1720,1760,1720-1780,Bishops Living Quarters,2214,1624,Floor,in situ,TRUE
251,,18199,2820,clay/plaster,fragment,1,3.4,42,,,,,,,,,,,,"finger-like lump of soft, off-white material; un/low-fired clay? Plaster?",S25.1,1670-1710,1670,1710,1660-1720,Boys Lodge (servants?),2800,2520,Floor,in situ,TRUE
304,44,742,45,closer,complete,1,1125,113,120,50,,,yellow,5,rare grog & white flint?,,,sand struck on base,Handmade,half bat closer - sliced,S32.1,1850-1890,1850,1890,1840-1900,Forge,48,48,Midden,in situ,FALSE
305,48,743,49,closer,complete,1,700,113,105,46,,,yellow,3,,,,,Handmade,half bat/closer - split,S8.4,1850,,1850,1840-1870,Nursery/Private Chambers,39,39,Wall,disorganized,FALSE
306,52,771,77,closer,complete,1,700,109,110,47,,,pinkish white,3,rare grey grit,,,,,half bat/closer - struck,S8.3,1800-1850,1800,1850,1780-1870,Nursery/Private Chambers,39,39,Roof,disorganized,FALSE
307,56,807,119,closer,complete,1,825,124,115,42,,,yellow,4,rare grog,,,,,half bat/closer - struck,S13.4,1830-1850,1830,1850,1810-1870,Silo/Midden,30,30,Wall,disorganized,FALSE
252,108,1522,303,closer,half,1,1500,,121,59,,,orange red,5,rare grey grit,none,,strike marks,,?re-worked end - vertical chisel grooves on header creating bevelled end - plinth brick?,S8.3,1800-1850,1800,1850,1780-1870,Nursery/Private Chambers,1227,39,Floor,disorganized,FALSE
330,131,1705,328,closer,complete,1,514.7,118,106,31,,,yellow,3,,none,,,,closer/half bat - struck,S5.4,1780-1800,1780,1800,1780-1810,Pantry/Study & Library,710,443,Fireplace?,disorganized,FALSE
331,133,1705,328,closer,complete,1,452.3,100,106,35,,,yellow,3,,none,,,,closer/half bat - struck,S5.4,1780-1800,1780,1800,1780-1810,Pantry/Study & Library,710,443,Fireplace?,disorganized,FALSE
296,110,3027,674,closer,fragment,1,313.7,,58,48,,,yellow,3,freq fine quartz grains,none,,,,'queen' closer - struck longitudinally,S19.3,1790-1830,1790,1830,1780-1840,School Refectory,690,690,Excavation,in situ,TRUE
253,109,3456,680,closer,complete,4,1250,215,105,49,,,yellow,3,rare grog,none,,,,closer? One header struck to make bat shorter,S4.2,1760-1780,1760,1780,1750-1780,Lodge/Dining Room & Chambers,799,989,Floor,in situ,FALSE
315,157,6407,854,closer,half,1,750,,118,43,,,yellow,3,,none,,,,header struck - other end broken,S30.3,1740-1750,1740,1750,1720-1750,School Master's House,127,127,Wall,in situ,FALSE
316,161,6409,860,closer,fragment,1,328.4,73,103,40,,,yellow,4,,,,,,struck closer? Burnt,C.4,1850-1890,1850,1890,1840-1900,Courtyard,1257,1257,Midden,disturbed,FALSE
318,206,6423,1003,closer,complete,1,650,107,105,42,,,yellow,3,,,,,,struck,S5.3,1760-1780,1760,1780,1750-1780,Bishops Dining Room,831,1200,Floor,in situ,FALSE
319,207,6423,1003,closer,near complete,1,580,104,107,44,,,yellow,3,,,,,,,S5.3,1760-1780,1760,1780,1750-1780,Bishops Dining Room,831,1200,Floor,in situ,FALSE
317,202,6435,1161,closer,complete,1,425.7,78,117,44,,,yellow,3,,,,,,sliced?,S6.3,1800-1890,1800,1890,1780-1900,Bishops Living Quarters,1174,1174,Floor,disturbed,FALSE
298,239,8970,1209,closer,complete,1,575,90,107,48,,,yellow,6,rare grey grit,,,,,,S6.2,1760-1800,1760,1800,1750-1810,Bishops Living Quarters,1198,1624,Drain,in situ,FALSE
320,212,6458,1250,closer,complete,1,950,160,105,43,,,yellow,5,,,,hack mark?,,struck/chiselled end,S5.3,1760-1780,1760,1780,1750-1780,Bishops Dining Room,710,1200,Floor,in situ,FALSE
297,236,8971,1289,closer,complete,1,531,90,104,44,,,yellow,3,,none,,,,struck - half bat,MB.3,1880-1930,1880,1930,1870-1930,Midden Zone B,752,752,Excavation,in situ,FALSE
309,258,8979,1336,closer,near complete,1,419.3,93,107,44,,,yellow,3,,,,,,burnt/sooted surfaces,S6.3,1800-1890,1800,1890,1780-1900,Bishops Living Quarters,1174,1174,Floor,disturbed,FALSE
310,260,8979,1336,closer,complete,1,384.6,60,113,48,,,grey,2,,none,,,,burnt on 1 face; reduced/burnt brick giving grey colour? Poss struck on 2 sides - header and stretcher,S6.3,1800-1890,1800,1890,1780-1900,Bishops Living Quarters,1174,1174,Floor,disturbed,FALSE
299,246,8982,1349,closer,near complete,3,504.1,112,107,45,,,yellow,3,rare grey grit,,,,,half bat,S5.2,1740-1760,1740,1760,1720-1780,Bishops Dining Room,1211,1200,Floor,in situ,TRUE
308,257,8984,1377,closer,fragment,1,452,160,56,42,,,yellow,6,,none,,,,'chiselled' along stretcher and header - queen + half bat closer,S6.2,1760-1800,1760,1800,1750-1810,Bishops Living Quarters,949,1624,Floor,in situ,FALSE
300,247,8987,1402,closer,near complete,1,498.9,106,110,45,,,yellow,2,,none,,,,,S7.3,1800-1840,1800,1840,1780-1840,Vestibule & Corridor,775,775,Floor,in situ,FALSE
301,248,8987,1402,closer,near complete,1,650,71,108,63,,,orange red,6,,,,"strike, sandstruck",Handmade,,S7.3,1800-1840,1800,1840,1780-1840,Vestibule & Corridor,775,775,Floor,in situ,FALSE
302,249,8987,1402,closer,half,1,284.8,83,,50,,,pinkish yellow,3,,,,wet struck,,,S7.3,1800-1840,1800,1840,1780-1840,Vestibule & Corridor,775,775,Floor,in situ,FALSE
313,275,8990,1406,closer,fragment,1,228,,82,46,,,yellow,3,,,,,Handmade,queen closer,S7.2,1760-1800,1760,1800,1750-1810,Vestibule & Corridor,1287,775,Drain,in situ,FALSE
321,283,8990,1406,closer,complete,1,750,115,107,49,,,yellow,3,,none,,,,pink slipped header,S7.2,1760-1800,1760,1800,1750-1810,Vestibule & Corridor,1287,775,Drain,in situ,FALSE
303,251,8989,1412,closer,complete,2,1019,223,87,45,,,yellow,3,,none,,,,queen closer - struck longitudinally,S18.8,1790-1830,1790,1830,1780-1840,Midden,1335,1335,Wall,disorganized,FALSE
314,280,8996,1441,closer,complete,1,638,113,107,46,,,yellow,3,,,,,,header has pink surface/slip,S8.2,1750-1800,1750,1800,1750-1810,Nursery/Private Chambers,39,39,Wall,in situ,FALSE
312,273,8999,1456,closer,complete,1,481,88,104,42,,,yellow,5,,,,,,"chiselled top, struck? Half bat - poss just broken not closer, but groove along top side suggests prepared line for striking",S7.2,1760-1800,1760,1800,1750-1810,Vestibule & Corridor,1702,1702,Floor,in situ,FALSE
311,265,9000,1461,closer,complete,1,550,107,103,41,,,yellow,4,,none,,,,grey griys adhering to base - and struck end - mortar?,S7.1,1720-1760,1720,1760,1720-1780,Vestibule & Corridor,1702,1702,Floor,in situ,TRUE
322,328,9025,1627,closer,near complete,1,329.8,73,109,43,,,yellow,4,rare grey grit,,,,,,S7.1,1720-1760,1720,1760,1720-1780,Vestibule & Corridor,1702,1702,Floor,in situ,TRUE
325,349,12259,2124,closer,complete,1,2250,185,108,66,,,pink orange,6,,,,strike marks,,struck on both header and stretcher,S5.3,1760-1780,1760,1780,1750-1780,Bishops Dining Room,1200,1200,Wall,in situ,FALSE
323,337,12262,2219,closer,fragment,1,679,,,59,,,pink red,6,mod grog/grit,,,"sand struck, strike",Handmade,half bat type,S18.4,1700-1740,1700,1740,1690-1750,Pantry,2067,1884,Floor,in situ,TRUE
328,441,15627,2266,closer,complete,1,1030,86,124,58,,,pink red,6,,,,straw impressions on base,Handmade,,IS.1,1650-1720,1650,1720,1630-1720,Interstice,2109,2109,Drain,in situ,FALSE
324,340,12277,2360,closer,half,1,1843,,98,62,,,pinl red,6,mica,none,,strike marks,Handmade,"burnt; queen closer, stretcher 'chiselled'",S31.1,1650-1700,1650,1700,1660-1690,Bishops Former Living Quarters,546,546,External area,in situ,FALSE
329,445,15628,2491,closer,near complete,1,3175,190,124,60,,,pink orange,6,rare flint,none,,,,half bat type,S7.1,1720-1760,1720,1760,1720-1780,Vestibule & Corridor,1702,1702,Floor,in situ,FALSE
326,411,12290,2534,closer,fragment,1,206.6,76,102,,,,yellow,2,,none,,,,half bat closer - sliced?,S6.1,1720-1760,1720,1760,1720-1780,Bishops Living Quarters,1624,1624,Wall,in situ,FALSE
327,432,14594,2845,closer,fragment,1,685,,87,57,,,orange red,6,,,,strike,Handmade,grey/reduced surface;  queen closer - 87mm wide,S25.1,1670-1710,1670,1710,1660-1720,Boys Lodge (servants?),2848,2520,Wall,in situ,FALSE
335,83,766,78,concrete,chip,6,76.2,,,,,,,,"freq, poorly sorted fine-medium quartz",,,,,loose/fragile cement - render?,S29.3,1820-1880,1820,1880,1810-1900,Infirmary,100,100,Wall,disorganized,FALSE
332,80,828,2,concrete,fragment,1,1500,,,,,52,,,"poorly sorted grey pebbles, 1-20mm",,,,,concrete fragment,S2.1,1902-1930,1902,1930,1900-1930,Haybarn,2,2,Building,in situ,FALSE
333,81,827,2,concrete,fragment,1,1500,,,,,,,,"poorly sorted grey pebbles, 2-40mm",,,,,large lump,S2.1,1902-1930,1902,1930,1900-1930,Haybarn,2,2,Building,in situ,FALSE
334,82,827,2,concrete,chip,1,28.2,,,,,,,,well-sorted fine quartz,,,,,cement render,S2.1,1902-1930,1902,1930,1900-1930,Haybarn,2,2,Building,in situ,FALSE
336,253,8977,1325,mortar,fragment,1,3.4,,,,,,white,1,,,,,,v. Soft - prob mortar lump,S11.3,1730-1740,1730,1740,1720-1750,Priests Living Quarters,747,691,Wall,in situ,FALSE
337,420,14583,2949,mortar,fragment,1,3.3,,,,,,white,1,freq fine black sand,,,,,,S23.1,1700-1720,1700,1720,1690-1720,Bishops Living Quarters,2658,2551,Floor,in situ,TRUE
351,244,9868,1,pipe,fragment,2,190.1,,,,,16,light brown,,,,,,,,S17.5,1720-1750,1720,1750,1720-1750,Meat Store,2391,1680,Floor,in situ,TRUE
352,245,9868,1,pipe,fragment,3,503.5,,,,,20,dark brown,,,,,,,,S17.5,1720-1750,1720,1750,1720-1750,Meat Store,2391,1680,Floor,in situ,TRUE
339,125,1032,1,pipe,fragment,3,328.3,,,,,17,light brown,,,,,,,,LH,1958,,1958,1930-1960,Levelling Horizon,752,752,Demolition,disorganized,FALSE
340,126,1032,1,pipe,fragment,2,163.9,,,,,20,dark brown,6,mod grit in a dark grey fabric,,,,,,LH,1958,,1958,1930-1960,Levelling Horizon,752,752,Demolition,disorganized,FALSE
348,91,709,1,pipe,fragment,9,1225,,,,190,20,dark brown,,,,,,,brown salt-glazed stoneware drain pipe; incl internally threaded collar; diam at collar is 250mm,LH,1958,,1958,1930-1960,Levelling Horizon,752,752,Demolition,disorganized,FALSE
349,92,709,1,pipe,fragment,14,1500,,,,180,16,light brown,,,,,,,brown salt-glazed stoneware drain pipe; incl collar with fine int grooves; collar diam c.230mm,LH,1958,,1958,1930-1960,Levelling Horizon,752,752,Demolition,disorganized,FALSE
355,93,709,1,pipe,fragment,1,210.3,,,,170,16,brown,,,,,,,brown internally glazed stoneware drain pipe,LH,1958,,1958,1930-1960,Levelling Horizon,752,752,Demolition,disorganized,FALSE
344,87,937,10,pipe,fragment,2,144.9,,,,,17,dark brown,,,,,,,brown salt-glazed stoneware drain pipe,T1.2,1984-1986,1984,1986,1960-1990,Guðmundur Ólafsson Excavation,822,7,Excavation,in situ,FALSE
342,85,5,22,pipe,fragment,2,317.5,,,,,17,light brown,,,,,,,brown salt-glazed stoneware drain pipe,LH,1958,,1958,1930-1960,Levelling Horizon,752,752,Demolition,disorganized,FALSE
346,89,938,28,pipe,fragment,1,37.5,,,,,19,dark brown,,,,,,,brown salt-glazed stoneware drain pipe,S5.6,1830-1890,1830,1890,1810-1900,Workshop/Flour Mill,3027,3027,Wall,disturbed,FALSE
345,88,939,32,pipe,fragment,1,141,,,,,16,light brown,,,,,,,brown salt-glazed stoneware drain pipe,MA.1,1870-1910,1870,1910,1870-1930,Midden Zone A,1081,1081,Slopewash,in situ,FALSE
343,86,745,51,pipe,fragment,2,232.8,,,,,17,light brown,,,,,,,brown salt-glazed stoneware drain pipe,S13.4,1830-1850,1830,1850,1810-1870,Silo/Midden,30,30,Wall,disorganized,FALSE
347,90,859,66,pipe,fragment,1,48.4,,,,,17,light brown,,,,,,,brown salt-glazed stoneware drain pipe,S8.4,1850,,1850,1840-1870,Nursery/Private Chambers,39,39,Wall,disorganized,FALSE
341,84,940,91,pipe,fragment,1,73,,,,,16,light brown,,,,,,,brown salt-glazed stoneware drain pipe,S13.4,1830-1850,1830,1850,1810-1870,Silo/Midden,30,30,Wall,disorganized,FALSE
338,124,2147,164,pipe,fragment,2,231.8,,,,,17,light brown,6,mod grey grit & ?grog in a buff brown fabric,,,,,brown salt-glazed stoneware; collar with internal threading,MA.2,1910-1930,1910,1930,1900-1930,Midden Zone A,3026,3026,Midden,in situ,FALSE
350,243,8975,1317,pipe,fragment,1,31.7,,,,,17,light brown,,,,,,,,T1.2,1984-1986,1984,1986,1960-1990,Guðmundur Ólafsson Excavation,7,7,Excavation,in situ,FALSE
353,395,12295,2296,pipe,fragment,2,302.5,,,,,17,light brown,6,"freq, coarse angular grey & buff grit (grog?)",,,,,,T1.3,2002-2007,2002,2007,1990-2020,FSÍ Excavation,2295,744,Post setting,in situ,FALSE
358,475,18305,891,plaster/mortar,fragment,9,5.5,,,,,,orange,2,,,,,,?burnt,S13.2,1750-1800,1750,1800,1750-1810,Main Corridor,784,751,Drain,in situ,TRUE
357,470,15427,2689,plaster/mortar,fragment,1,5.6,,,,,,pale grey/buff,2,,,,,,,S23.1,1700-1720,1700,1720,1690-1720,Bishops Living Quarters,2658,2551,Floor,in situ,TRUE
356,451,17500,2877,plaster/mortar,fragment,2,1.1,,,,,,pale grey/buff,2,,,,,,plaster/mortar,S25.1,1670-1710,1670,1710,1660-1720,Boys Lodge (servants?),2520,2520,Floor,in situ,FALSE
261,366,12229,1,brick/tile,chip,30,38,,,,,,yellow,5,rare grey grit,,,,,,LH,1958,,1958,1930-1960,Levelling Horizon,752,752,Demolition,disorganized,FALSE
291,98,1016,1,brick/tile,chip,2,57.8,,,,,,orange red,6,,,,,,dense fabric but poorly mixed - white and red clay; burnt/sooted surface,LH,1958,,1958,1930-1960,Levelling Horizon,752,752,Demolition,disorganized,FALSE
292,99,1016,1,brick/tile,chip,6,131.2,,,,,,pinkish orange,6,,,,,,,LH,1958,,1958,1930-1960,Levelling Horizon,752,752,Demolition,disorganized,FALSE
389,233,8967,1,brick/tile,chip,3,14.3,,,,,,yellow,2,,,,,,,LH,1958,,1958,1930-1960,Levelling Horizon,752,752,Demolition,disorganized,FALSE
390,234,8967,1,brick/tile,chip,2,9,,,,,,orange red,6,,,,,,,LH,1958,,1958,1930-1960,Levelling Horizon,752,752,Demolition,disorganized,FALSE
432,180,6389,1,brick/tile,chip,1,7,,,,,,pinkish red,6,,,,,,,LH,1958,,1958,1930-1960,Levelling Horizon,752,752,Demolition,disorganized,FALSE
385,76,767,79,brick/tile,chip,1,3.5,,,,,,yellow,4,rare quartz grains,,,,,,S13.4,1830-1850,1830,1850,1810-1870,Silo/Midden,30,30,Midden,in situ,FALSE
386,77,767,79,brick/tile,chip,1,5.1,,,,,,orange red,6,,,,,,burnt/sooted,S13.4,1830-1850,1830,1850,1810-1870,Silo/Midden,30,30,Midden,in situ,FALSE
428,170,6390,100,brick/tile,chip,2,8.2,,,,,,yellow,2,,,,,,,S29.2,1790-1820,1790,1820,1780-1840,Infirmary,163,100,Building,in situ,FALSE
380,67,800,101,brick/tile,chip,1,5,,,,,,yellow,3,,,,,,,S4.3,1780-1800,1780,1800,1780-1810,Lodge/Dining Room & Chambers,797,989,Floor,in situ,FALSE
381,68,800,101,brick/tile,chip,1,12.6,,,,,,pinkish white,2,,,,,,,S4.3,1780-1800,1780,1800,1780-1810,Lodge/Dining Room & Chambers,797,989,Floor,in situ,FALSE
424,166,6391,107,brick/tile,chip,2,12.1,,,,,,white,3,rare grey grit,,,,,,,,,,,,163,107,Wall,in situ,FALSE
382,69,808,121,brick/tile,chip,1,17,,,,,,yellow,5,,,,,,,S4.1,1720-1760,1720,1760,1720-1780,Lodge/Dining Room & Chambers,989,989,Wall,disorganized,FALSE
423,163,6392,126,brick/tile,chip,2,54.3,,,,,,yellow,2,,,,,,,S13.2,1750-1800,1750,1800,1750-1810,Main Corridor,751,751,External area,in situ,FALSE
383,74,821,152,brick/tile,chip,1,3.8,,,,,,pinkish orange,6,,,,,,,T1.2,1984-1986,1984,1986,1960-1990,Guðmundur Ólafsson Excavation,7,7,Excavation,in situ,FALSE
384,75,821,152,brick/tile,chip,2,17.2,,,,,,orange red,6,,,,,,,T1.2,1984-1986,1984,1986,1960-1990,Guðmundur Ólafsson Excavation,7,7,Excavation,in situ,FALSE
379,122,3550,166,brick/tile,chip,1,2.8,,,,,,white,2,grog,,,,,,S9.2,1800-1880,1800,1880,1780-1900,Living Quarters,1100,1100,Wall,disorganized,FALSE
290,96,1070,169,brick/tile,chip,1,50.7,,,,,,pinkish orange,5,rare grog,,,,,,S4.6,1890,,1890,1870-1900,Pantry/Kitchen,300,300,Midden,in situ,FALSE
293,100,1173,184,brick/tile,chip,3,73.1,,,,,,white,2,,,,,,burnt/sooted surface,S4.5,1840-1890,1840,1890,1840-1900,Pantry/Kitchen,300,300,Floor,in situ,FALSE
294,101,1173,184,brick/tile,chip,1,11.4,,,,,,pinkish orange,5,rare quartz?,,,,,,S4.5,1840-1890,1840,1890,1840-1900,Pantry/Kitchen,300,300,Floor,in situ,FALSE
366,102,1597,238,brick/tile,chip,4,105.1,,,,,,white,3,,,,,,,S4.4,1800-1840,1800,1840,1780-1840,Pantry/Kitchen,825,301,Floor,in situ,FALSE
367,103,1597,238,brick/tile,chip,1,22.8,,,,,,pinkish red,6,,,,sand struck,Handmade,burnt on sides,S4.4,1800-1840,1800,1840,1780-1840,Pantry/Kitchen,825,301,Floor,in situ,FALSE
378,121,3560,290,brick/tile,chip,1,5.1,,,,,,orange red,3,,,,,,,MB.3,1880-1930,1880,1930,1870-1930,Midden Zone B,399,329,Drain,in situ,FALSE
372,114,1657,306,brick/tile,chip,2,13.6,,,,,,yellow,6,,,,,,,S4.4,1800-1840,1800,1840,1780-1840,Pantry/Kitchen,826,301,Floor,in situ,FALSE
368,104,1946,357,brick/tile,chip,1,29.7,,,,,,orange red,6,,,,strike marks?,Handmade,burnt surface,S4.4,1800-1840,1800,1840,1780-1840,Pantry/Kitchen,825,301,Wall,disturbed,FALSE
373,115,2049,378,brick/tile,chip,1,4.1,,,,,,yellow?,3,freq fine quartz,,,,,,S9.1,1740-1800,1740,1800,1750-1810,Living Quarters,1100,1100,Wall,disturbed,FALSE
374,116,2049,378,brick/tile,chip,1,17.6,,,,,,yellow,2,,,,,,,S9.1,1740-1800,1740,1800,1750-1810,Living Quarters,1100,1100,Wall,disturbed,FALSE
376,119,3376,414,brick/tile,chip,1,1.8,,,,,,orange red,5,,,,,,,S20.1,1650-1670,1650,1670,1630-1690,School Dormitory,436,733,Floor,in situ,TRUE
369,111,3027,674,brick/tile,chip,1,13.9,,,,,,pinkish orange,6,,,,,,,S19.3,1790-1830,1790,1830,1780-1840,School Refectory,690,690,Excavation,in situ,TRUE
371,113,3096,704,brick/tile,chip,3,31.6,,,,,,orange red,5,mod grey grit,,,,,,MC.1,1650-1700,1650,1700,1630-1720,Midden Zone C,634,364,Wall,disorganized,FALSE
370,112,3105,705,brick/tile,chip,2,0.7,,,,,,orange red,,grey grit,,,,,,MC.1,1650-1700,1650,1700,1630-1720,Midden Zone C,634,364,Midden,in situ,FALSE
375,118,3114,706,brick/tile,chip,1,0.9,,,,,,orange red,3,,,,,,,MC.1,1650-1700,1650,1700,1630-1720,Midden Zone C,634,364,Wall,disorganized,FALSE
377,120,3116,707,brick/tile,chip,1,0.3,,,,,,orange red,,,,,,,,MC.1,1650-1700,1650,1700,1630-1720,Midden Zone C,634,364,Wall,disorganized,FALSE
401,134,6393,714,brick/tile,chip,7,112.7,,,,,,yellow,4,rare grey grit,,,,,,S15.2,1760-1800,1760,1800,1750-1810,Wheystore,1270,1270,Floor,in situ,FALSE
416,152,6394,773,brick/tile,chip,1,1.6,,,,,,white,3,,,,,,,S5.5,1800-1830,1800,1830,1780-1840,Pantry/Study & Library,329,329,Wall,disturbed,FALSE
404,139,6395,775,brick/tile,chip,1,5.2,,,,,,yellow,4,,,,,,,S7.2,1760-1800,1760,1800,1750-1810,Vestibule & Corridor,163,775,Building,in situ,FALSE
405,140,6395,775,brick/tile,chip,1,0.9,,,,,,pinkish orange,,,,,,,,S7.2,1760-1800,1760,1800,1750-1810,Vestibule & Corridor,163,775,Building,in situ,FALSE
392,241,8969,794,brick/tile,chip,1,1.9,,,,,,yellow,,,,,,,,S7.5,1890,,1890,1870-1900,Vestibule & Corridor,775,775,Wall,disorganized,FALSE
429,171,6399,814,brick/tile,chip,1,16.2,,,,,,orange red,6,rare grey grit,,,,,,S4.3,1780-1800,1780,1800,1780-1810,Lodge/Dining Room & Chambers,816,816,Demolition,in situ,TRUE
409,145,6400,827,brick/tile,chip,1,11.3,,,,,,yellow,3,,,,,,,S4.2,1760-1780,1760,1780,1750-1780,Lodge/Dining Room & Chambers,799,989,Floor,in situ,FALSE
408,144,6401,828,brick/tile,chip,1,2.8,,,,,,orange red,6,,,,,,,S4.2,1760-1780,1760,1780,1750-1780,Lodge/Dining Room & Chambers,798,989,Floor,in situ,FALSE
410,146,6402,829,brick/tile,chip,1,0.2,,,,,,yellow,,,,,,,,C.4,1850-1890,1850,1890,1840-1900,Courtyard,1257,1257,External area,disturbed,FALSE
411,147,6402,829,brick/tile,chip,1,3.6,,,,,,orange red,6,,,,,,,C.4,1850-1890,1850,1890,1840-1900,Courtyard,1257,1257,External area,disturbed,FALSE
402,135,6403,836,brick/tile,chip,4,16.4,,,,,,white,3,grey grit,,,,,,S13.2,1750-1800,1750,1800,1750-1810,Main Corridor,784,751,Drain,in situ,TRUE
425,167,6405,850,brick/tile,chip,1,1,,,,,,pinkish red,,,,,,,,S35.2,1958,,1958,1930-1960,Western Farmhouse,1098,1098,Wall,disorganized,FALSE
430,175,6408,856,brick/tile,chip,1,9.8,,,,,,pinkish red,5,,,,,,,S4.5,1840-1890,1840,1890,1840-1900,Pantry/Kitchen,300,300,Wall,in situ,FALSE
450,214,15605,860,brick/tile,chip,1,4.6,,,,,,pinkish red?,6,,,,,,,C.4,1850-1890,1850,1890,1840-1900,Courtyard,1257,1257,Midden,disturbed,FALSE
407,142,6410,874,brick/tile,chip,3,1.2,,,,,,white,6,,,,,,,S22.2,1700-1730,1700,1730,1690-1750,Assistant Teachers Quarters,842,842,Floor,disturbed,FALSE
431,178,6411,877,brick/tile,chip,1,11.8,,,,,,pinkish red,5,,,,,,,S4.1,1720-1760,1720,1760,1720-1780,Lodge/Dining Room & Chambers,1284,989,Floor,in situ,FALSE
419,155,6413,892,brick/tile,chip,1,25.4,,,,,,orange red,6,rare grit/grog?,,,,,,S13.2,1750-1800,1750,1800,1750-1810,Main Corridor,784,751,Drain,in situ,TRUE
420,156,6413,892,brick/tile,chip,1,20.4,,,,,,pinkish red,6,,,,,,,S13.2,1750-1800,1750,1800,1750-1810,Main Corridor,784,751,Drain,in situ,TRUE
412,148,6414,940,brick/tile,chip,2,45,,,,,,orangre red,5,,,,,,,S13.2,1750-1800,1750,1800,1750-1810,Main Corridor,669,751,Floor,in situ,FALSE
421,158,6415,946,brick/tile,chip,3,25.4,,,,,,pinkish red,5,rare grey grit,,,sand struck?,,,S7.4,1840-1890,1840,1890,1840-1900,Vestibule & Corridor,775,775,Floor,in situ,FALSE
422,159,6415,946,brick/tile,chip,4,37.1,,,,,,yellow,3,freq fine quartz,,,,,,S7.4,1840-1890,1840,1890,1840-1900,Vestibule & Corridor,775,775,Floor,in situ,FALSE
426,168,6417,951,brick/tile,chip,1,15.1,,,,,,yellow,3,,,,,,,S7.5,1890,,1890,1870-1900,Vestibule & Corridor,775,775,Wall,disorganized,FALSE
427,169,6417,951,brick/tile,chip,1,11.9,,,,,,pinkish white,6,freq fine quartz,,,,,,S7.5,1890,,1890,1870-1900,Vestibule & Corridor,775,775,Wall,disorganized,FALSE
406,141,6418,965,brick/tile,chip,1,6.2,,,,,,yellow,5,grog,,,,,,S5.3,1760-1780,1760,1780,1750-1780,Bishops Dining Room,932,1200,Floor,in situ,TRUE
403,137,6419,967,brick/tile,chip,1,12.2,,,,,,yellow,4,,,,,,,S5.3,1760-1780,1760,1780,1750-1780,Bishops Dining Room,932,1200,Floor,in situ,TRUE
418,154,6420,976,brick/tile,chip,12,85.3,,,,,,yellow,3,,,,,,,S13.2,1750-1800,1750,1800,1750-1810,Main Corridor,669,751,Floor,in situ,FALSE
413,149,6421,992,brick/tile,chip,17,159.3,,,,,,pinkish orange,6,occ-mod grog?,,,,,,S7.3,1800-1840,1800,1840,1780-1840,Vestibule & Corridor,775,775,Floor,disturbed,FALSE
414,150,6421,992,brick/tile,chip,1,4.5,,,,,,pinkish red,6,,,,,,white mortar adhering,S7.3,1800-1840,1800,1840,1780-1840,Vestibule & Corridor,775,775,Floor,disturbed,FALSE
415,151,6421,992,brick/tile,chip,3,19.3,,,,,,white,5,freq fine quartz,,,,,brick? Mortar?,S7.3,1800-1840,1800,1840,1780-1840,Vestibule & Corridor,775,775,Floor,disturbed,FALSE
417,153,6422,995,brick/tile,chip,1,16.1,,,,,,yellow,6,,,,,,,S4.1,1720-1760,1720,1760,1720-1780,Lodge/Dining Room & Chambers,989,989,Platform,in situ,FALSE
433,183,6426,1034,brick/tile,chip,1,93,,,,,,orange red,6,rare grey grit,,,,,,S13.2,1750-1800,1750,1800,1750-1810,Main Corridor,1117,751,Drain,in situ,FALSE
438,189,6427,1034,brick/tile,chip,1,4.2,,,,,,orange red,5,,,,,,1034D,S13.2,1750-1800,1750,1800,1750-1810,Main Corridor,1117,751,Drain,in situ,FALSE
442,194,6428,1045,brick/tile,chip,1,5.7,,,,,,orange red,6,grey grits,,,,,,S22.1,1670-1700,1670,1700,1660-1720,Assistant Teachers Quarters,842,842,Floor,in situ,FALSE
443,195,6430,1088,brick/tile,chip,1,6.1,,,,,,orange red,6,,,,,,,S13.2,1750-1800,1750,1800,1750-1810,Main Corridor,784,751,Drain,in situ,FALSE
444,197,6431,1090,brick/tile,chip,3,43.4,,,,,,white,2,,,,,,,MC.3,1750-1900,1750,1900,1750-1810,Midden Zone C,634,1070,Midden,in situ,TRUE
449,213,15606,1090,brick/tile,chip,1,27.3,,,,,,pinkish white,3,,,,,,,MC.3,1750-1900,1750,1900,1750-1810,Midden Zone C,634,1070,Midden,in situ,TRUE
445,203,6433,1125,brick/tile,chip,1,1.2,,,,,,pinkish red,6,,,,,,,S13.2,1750-1800,1750,1800,1750-1810,Main Corridor,106,106,Floor,in situ,FALSE
436,187,6434,1158,brick/tile,chip,5,15.8,,,,,,yellow,5,,,,,,,S7.3,1800-1840,1800,1840,1780-1840,Vestibule & Corridor,775,775,Floor,in situ,FALSE
437,188,6434,1158,brick/tile,chip,3,13.2,,,,,,pinkish red,5,,,,,,,S7.3,1800-1840,1800,1840,1780-1840,Vestibule & Corridor,775,775,Floor,in situ,FALSE
441,193,6436,1168,brick/tile,chip,1,10.3,,,,,,pinkish red,5,grog?,,,,,,S7.5,1890,,1890,1870-1900,Vestibule & Corridor,775,775,Wall,disturbed,FALSE
439,190,6441,1176,brick/tile,chip,1,2.4,,,,,,white,5,,,,,,,S7.3,1800-1840,1800,1840,1780-1840,Vestibule & Corridor,775,775,Floor,in situ,FALSE
440,191,6441,1176,brick/tile,chip,1,9.2,,,,,,orange red?,6,,,,,,,S7.3,1800-1840,1800,1840,1780-1840,Vestibule & Corridor,775,775,Floor,in situ,FALSE
434,185,6439,1177,brick/tile,chip,10,56.2,,,,,,yellow,3,,,,,,,MC.2,1700-1750,1700,1750,1690-1750,Midden Zone C,634,1070,Slopewash,in situ,FALSE
435,186,6439,1177,brick/tile,chip,1,0.7,,,,,,pinkish red,,,,,,,,MC.2,1700-1750,1700,1750,1690-1750,Midden Zone C,634,1070,Slopewash,in situ,FALSE
446,205,6440,1182,brick/tile,chip,1,3.8,,,,,,orange red,6,,,,,,,S11.3,1730-1740,1730,1740,1720-1750,Priests Living Quarters,2758,2758,Construction,in situ,TRUE
387,225,6443,1183,brick/tile,chip,1,22.9,,,,,,pinkish red,5,,,,,,,S6.2,1760-1800,1760,1800,1750-1810,Bishops Living Quarters,949,1624,Floor,disturbed,FALSE
456,221,6444,1187,brick/tile,chip,1,37.6,,,,,,yellow,6,rare grog & quartz,,,,,burnt,S10.3,1760-1800,1760,1800,1750-1810,Kitchen,1179,1101,Drain,in situ,TRUE
457,222,6445,1191,brick/tile,chip,1,11.2,,,,,,yellow,2,,,,,,,S4.1,1720-1760,1720,1760,1720-1780,Lodge/Dining Room & Chambers,1285,816,Drain,in situ,FALSE
447,209,6446,1192,brick/tile,fragment,2,112.1,,,,,,white,5,,,,,,pinkish red slip on header/stretcher,S7.3,1800-1840,1800,1840,1780-1840,Vestibule & Corridor,775,775,Floor,disturbed,FALSE
455,220,6447,1199,brick/tile,chip,1,12.2,,,,,,yellow,2,,,,,,,S4.1,1720-1760,1720,1760,1720-1780,Lodge/Dining Room & Chambers,1285,816,Drain,in situ,FALSE
451,216,6448,1203,brick/tile,chip,4,48.3,,,,,,pinkish red,6,rare grit,,,,,,S7.3,1800-1840,1800,1840,1780-1840,Vestibule & Corridor,1287,775,Drain,disturbed,FALSE
388,229,6450,1208,brick/tile,chip,1,2.6,,,,,,pinkish red,6,,,,,,,S3.1,1760-1880,1760,1880,1750-1900,Pantry/Stores,1288,1288,Floor,disturbed,FALSE
454,219,6452,1222,brick/tile,chip,2,6.5,,,,,,yellow,2,,,,,,,S5.4,1780-1800,1780,1800,1780-1810,Pantry/Study & Library,831,443,Floor,in situ,FALSE
452,217,6455,1238,brick/tile,chip,4,6.7,,,,,,yellow,2,,,,,,,S5.4,1780-1800,1780,1800,1780-1810,Pantry/Study & Library,831,443,Floor,in situ,FALSE
448,211,6457,1246,brick/tile,chip,1,16.8,,,,,,pinkish red,6,"rare grey grit, grog & flint?",,,,,,S7.3,1800-1840,1800,1840,1780-1840,Vestibule & Corridor,775,775,Floor,disturbed,FALSE
453,218,6459,1252,brick/tile,chip,1,26.2,,,,,,yellow,6,,,,,,,S7.5,1890,,1890,1870-1900,Vestibule & Corridor,775,775,Demolition,disturbed,FALSE
391,238,8974,1317,brick/tile,chip,1,4.3,,,,,,yellow,4,freq fine quartz,,,,,,T1.2,1984-1986,1984,1986,1960-1990,Guðmundur Ólafsson Excavation,7,7,Excavation,in situ,FALSE
394,263,8976,1322,brick/tile,chip,5,94.4,,,,,,pinkish red,6,"calcite, rare grey grit",,,strike,,,S5.3,1760-1780,1760,1780,1750-1780,Bishops Dining Room,1200,1200,Floor,in situ,FALSE
393,252,8980,1338,brick/tile,chip,1,5.2,,,,,,pink orange,4,,,,,,,S18.8,1790-1830,1790,1830,1780-1840,Midden,1335,1335,Midden,in situ,FALSE
399,281,8992,1351,brick/tile,chip,4,32.3,,,,,,yellow,5,,,,,,,S18.8,1790-1830,1790,1830,1780-1840,Midden,1335,1335,Wall,disorganized,FALSE
400,282,8992,1351,brick/tile,chip,3,6.6,,,,,,pink white,6,,,,,,,S18.8,1790-1830,1790,1830,1780-1840,Midden,1335,1335,Wall,disorganized,FALSE
395,264,8983,1358,brick/tile,chip,2,4.8,,,,,,pinkish orange,5,,,,,,,MC.3,1750-1900,1750,1900,1750-1810,Midden Zone C,634,1070,Midden,in situ,TRUE
398,270,8993,1412,brick/tile,chip,2,27.9,,,,,,white,2,,,,,,,S18.8,1790-1830,1790,1830,1780-1840,Midden,1335,1335,Wall,disorganized,FALSE
396,267,8995,1435,brick/tile,chip,2,39.5,,,,,,yellow,6,,,,,,,S5.6,1830-1890,1830,1890,1810-1900,Workshop/Flour Mill,329,329,Wall,disorganized,FALSE
397,268,8995,1435,brick/tile,chip,2,27.1,,,,,,orange red,6,,,,,,,S5.6,1830-1890,1830,1890,1810-1900,Workshop/Flour Mill,329,329,Wall,disorganized,FALSE
458,285,9002,1502,brick/tile,chip,1,5.2,,,,,,white,3,,,,,,,S19.1,1730-1770,1730,1770,1720-1780,School Refectory,1484,690,Floor,in situ,TRUE
459,286,9002,1502,brick/tile,chip,1,19,,,,,,orange red,6,grog?,,,,,,S19.1,1730-1770,1730,1770,1720-1780,School Refectory,1484,690,Floor,in situ,TRUE
468,296,9003,1503,brick/tile,chip,8,27,,,,,,white,3,,,,,,"burnt face, orange slipped face; proba same as #296",S19.1,1730-1770,1730,1770,1720-1780,School Refectory,1484,690,Floor,in situ,TRUE
469,297,9003,1503,brick/tile,chip,1,1.2,,,,,,orange red,6,mica,,,,,,S19.1,1730-1770,1730,1770,1720-1780,School Refectory,1484,690,Floor,in situ,TRUE
476,306,9005,1505,brick/tile,chip,5,78.4,,,,,,yellow,4,,,,,,pink/orange slip/surface,S19.1,1730-1770,1730,1770,1720-1780,School Refectory,1484,690,Floor,in situ,TRUE
477,307,9005,1505,brick/tile,chip,1,0.5,,,,,,orange red,,,,,,,,S19.1,1730-1770,1730,1770,1720-1780,School Refectory,1484,690,Floor,in situ,TRUE
460,287,9007,1507,brick/tile,chip,2,14,,,,,,white,2,freq fine quartz,,,,,,S19.1,1730-1770,1730,1770,1720-1780,School Refectory,1484,690,Floor,in situ,TRUE
466,293,9009,1515,brick/tile,chip,1,8.5,,,,,,orange red,5,"mica, grog",,,,,,S18.7,1770-1790,1770,1790,1750-1810,Pantry,1492,1335,Floor,in situ,TRUE
478,310,9010,1520,brick/tile,fragment,12,70.8,,,,,,white,3,freq fine quartz,,,,,,S6.2,1760-1800,1760,1800,1750-1810,Bishops Living Quarters,1198,1624,Drain,in situ,TRUE
479,311,9010,1520,brick/tile,fragment,1,28.4,,,,,,yellow,6,rare grit,,,,,,S6.2,1760-1800,1760,1800,1750-1810,Bishops Living Quarters,1198,1624,Drain,in situ,TRUE
464,291,9012,1570,brick/tile,chip,2,9.3,,,,,,white,3,freq fine quartz,,,,,,S18.7,1770-1790,1770,1790,1750-1810,Pantry,1493,1335,Floor,in situ,TRUE
465,292,9014,1577,brick/tile,chip,2,17.6,,,,,,white,3,,,,,,,S19.1,1730-1770,1730,1770,1720-1780,School Refectory,1484,690,Floor,in situ,TRUE
470,298,9015,1578,brick/tile,chip,2,11.6,,,,,,white,2,,,,,,,S19.1,1730-1770,1730,1770,1720-1780,School Refectory,1484,690,Floor,in situ,TRUE
471,299,9015,1578,brick/tile,chip,1,0.3,,,,,,orange red,6,,,,,,,S19.1,1730-1770,1730,1770,1720-1780,School Refectory,1484,690,Floor,in situ,TRUE
463,290,9016,1581,brick/tile,chip,2,9.8,,,,,,white,4,,,,,,,S19.1,1730-1770,1730,1770,1720-1780,School Refectory,1484,690,Floor,in situ,TRUE
481,313,9017,1584,brick/tile,chip,1,19.1,,,,,,white,3,,,,,,,S19.1,1730-1770,1730,1770,1720-1780,School Refectory,1484,690,Floor,in situ,TRUE
480,312,9018,1585,brick/tile,chip,3,12,,,,,,white,3,,,,,,pink slip/surface,S19.1,1730-1770,1730,1770,1720-1780,School Refectory,1484,690,Floor,in situ,TRUE
483,318,9019,1586,brick/tile,chip,1,24,,,,,,orange red,6,"rare quartz, mica",,,,,,S19.1,1730-1770,1730,1770,1720-1780,School Refectory,1484,690,Floor,in situ,TRUE
484,319,9019,1586,brick/tile,chip,1,3.7,,,,,,white,5,,,,,,,S19.1,1730-1770,1730,1770,1720-1780,School Refectory,1484,690,Floor,in situ,TRUE
462,289,9021,1596,brick/tile,chip,1,12,,,,,,orange red,5,grog & mica,,,,,,S18.7,1770-1790,1770,1790,1750-1810,Pantry,1492,1335,Floor,in situ,TRUE
472,301,9022,1600,brick/tile,chip,1,2.9,,,,,,orange,6,mica,,,,,,S18.7,1770-1790,1770,1790,1750-1810,Pantry,1493,1335,Floor,in situ,TRUE
467,294,9024,1622,brick/tile,chip,3,7.7,,,,,,white,3,,,,,,,S11.4,1740,,1740,1720-1750,Priests Living Quarters,747,691,Wall,in situ,FALSE
461,288,9026,1634,brick/tile,chip,30,56,,,,,,pinkish orange,5,"grog, mica",,,,,,S10.1,1700-1730,1700,1730,1690-1750,Kitchen,1684,1684,External area,disorganized,FALSE
473,303,9027,1643,brick/tile,chip,8,52.8,,,,,,white,3,,,,,,,S19.1,1730-1770,1730,1770,1720-1780,School Refectory,690,690,Floor,in situ,FALSE
474,304,9027,1643,brick/tile,chip,2,28.4,,,,,,white,6,freq fine quartz,,,,,,S19.1,1730-1770,1730,1770,1720-1780,School Refectory,690,690,Floor,in situ,FALSE
475,305,9027,1643,brick/tile,chip,2,62,,,,,,orange red,6,,,,,,,S19.1,1730-1770,1730,1770,1720-1780,School Refectory,690,690,Floor,in situ,FALSE
482,317,9028,1677,brick/tile,chip,1,2.4,,,,,,orange,,,,,,,,S18.6,1760-1770,1760,1770,1750-1780,Pantry,1656,1335,Floor,in situ,TRUE
485,321,9029,1679,brick/tile,chip,22,164.7,,,,,,yellow,2,,,,,,,S7.1,1720-1760,1720,1760,1720-1780,Vestibule & Corridor,1702,1702,Floor,in situ,TRUE
268,385,12230,1716,brick/tile,chip,3,41.6,,,,,,pink orange,6,,,,,,,S4.1,1720-1760,1720,1760,1720-1780,Lodge/Dining Room & Chambers,989,989,Floor,in situ,FALSE
259,363,12232,1753,brick/tile,chip,1,3.5,,,,,,white,5,,,,,,,S4.2,1760-1780,1760,1780,1750-1780,Lodge/Dining Room & Chambers,499,989,Drain,in situ,FALSE
260,364,12233,1762,brick/tile,chip,2,16.8,,,,,,yellow,2,,,,,,,S4.2,1760-1780,1760,1780,1750-1780,Lodge/Dining Room & Chambers,1753,989,Drain,in situ,FALSE
493,353,12234,1774,brick/tile,chip,1,38,,,,,,orange,6,,,,,,,S5.1,1720-1740,1720,1740,1720-1750,Bishops Dining Room,1780,1780,Wall,in situ,FALSE
494,354,12234,1774,brick/tile,chip,1,11,,,,,,pink white,4,,,,,,,S5.1,1720-1740,1720,1740,1720-1750,Bishops Dining Room,1780,1780,Wall,in situ,FALSE
267,384,12235,1785,brick/tile,chip,3,9.4,,,,,,pink orange,6,rare grit/grog,,,,,,C.2-3,1720-1850,1720,1850,1720-1870,Courtyard,1771,1257,External area,in situ,FALSE
492,352,12237,1824,brick/tile,chip,1,10.1,,,,,,pink orange,5,calcite,,,,,,S10.2,1730-1760,1730,1760,1720-1780,Kitchen,1704,692,Floor,in situ,FALSE
257,358,12238,1825,brick/tile,chip,1,4.7,,,,,,yellow,3,,,,,,,S10.2,1730-1760,1730,1760,1720-1780,Kitchen,1704,692,Floor,in situ,FALSE
256,357,12239,1826,brick/tile,chip,1,4.2,,,,,,white,3,,,,,,,S10.2,1730-1760,1730,1760,1720-1780,Kitchen,1704,692,Floor,in situ,FALSE
255,356,12242,1906,brick/tile,chip,10,22.5,,,,,,white,2,,,,,,,S4.1,1720-1760,1720,1760,1720-1780,Lodge/Dining Room & Chambers,1916,1916,Drain,in situ,TRUE
265,372,12247,2058,brick/tile,chip,1,14.2,,,,,,white,3,freq fine quartz,,,,,,S10.2,1730-1760,1730,1760,1720-1780,Kitchen,1773,692,Drain,in situ,FALSE
263,368,12248,2059,brick/tile,chip,2,5.6,,,,,,white,4,,,,,,,S10.2,1730-1760,1730,1760,1720-1780,Kitchen,1773,692,Drain,in situ,TRUE
262,367,12251,2110,brick/tile,chip,1,7,,,,,,white,5,,,,,,burnt?,S10.3,1760-1800,1760,1800,1750-1810,Kitchen,1101,1101,Wall,disorganized,FALSE
258,362,12252,2115,brick/tile,chip,3,17.1,,,,,,white,2,,,,,,,S10.4,1800-1880,1800,1880,1780-1900,Kitchen,2294,2294,Wall,in situ,FALSE
264,371,12254,2127,brick/tile,chip,2,17.1,,,,,,orange red,6,,,,,,,S11.1,1690-1720,1690,1720,1690-1720,Living Quarters,2756,2756,Floor,in situ,TRUE
254,355,12255,2129,brick/tile,chip,1,4.1,,,,,,orange,5,,,,,,,S18.4,1700-1740,1700,1740,1690-1750,Pantry,2067,1884,Floor,in situ,TRUE
270,391,12293,2168,brick/tile,chip,2,9.1,,,,,,white,6,,,,,,,C.2-3,1720-1850,1720,1850,1720-1870,Courtyard,1771,1257,External area,in situ,FALSE
275,401,12294,2169,brick/tile,chip,2,8.9,,,,,,white,4,,,,,,,C.2-3,1720-1850,1720,1850,1720-1870,Courtyard,1771,1257,External area,in situ,FALSE
276,402,12294,2169,brick/tile,chip,1,6,,,,,,orange,6,,,,,,,C.2-3,1720-1850,1720,1850,1720-1870,Courtyard,1771,1257,External area,in situ,FALSE
266,373,12257,2176,brick/tile,chip,1,78,,,,,,yellow,5,freq fine quartz,,,,,,C.2-3,1720-1850,1720,1850,1720-1870,Courtyard,1771,1257,External area,in situ,FALSE
487,336,12266,2246,brick/tile,chip,2,32.2,,,,,,yellow,2,,,,,,,C.2-3,1720-1850,1720,1850,1720-1870,Courtyard,1771,1257,External area,in situ,FALSE
486,335,12268,2270,brick/tile,chip,2,18.7,,,,,,white,2,grog,,,,,,S5.1,1720-1740,1720,1740,1720-1750,Bishops Dining Room,1200,1200,Floor,in situ,FALSE
488,341,12270,2289,brick/tile,chip,1,7.5,,,,,,yellow,2,,,,,,,S17.5,1720-1750,1720,1750,1720-1750,Meat Store,3032,2764,Fireplace,disturbed,FALSE
491,344,12273,2325,brick/tile,chip,1,6.3,,,,,,orange,6,,,,,,burnt surface,S11.3,1730-1740,1730,1740,1720-1750,Priests Living Quarters,1295,1295,Floor,in situ,TRUE
489,342,12274,2340,brick/tile,chip,1,5.8,,,,,,orange red,6,mica,,,,,,S4.1,1720-1760,1720,1760,1720-1780,Lodge/Dining Room & Chambers,989,989,Wall,in situ,FALSE
490,343,12278,2365,brick/tile,chip,1,3.5,,,,,,orange,5,,,,,,,S18.3,1690-1700,1690,1700,1690-1720,Pantry,2292,1884,Floor,in situ,FALSE
271,396,12282,2416,brick/tile,chip,1,4.2,,,,,,white,5,freq fine quartz,,,,,,S8.2,1750-1800,1750,1800,1750-1810,Nursery/Private Chambers,2344,2344,Wall,disorganized,FALSE
272,397,12282,2416,brick/tile,chip,7,57.2,,,,,,pale pink orange,3,"rare grey grit, mica",,,,,tile?,S8.2,1750-1800,1750,1800,1750-1810,Nursery/Private Chambers,2344,2344,Wall,disorganized,FALSE
269,390,12285,2465,brick/tile,chip,1,1.1,,,,,,orange red,,,,,,,,S8.1,1720-1750,1720,1750,1720-1750,Nursery,2453,2344,Floor,in situ,FALSE
277,403,12286,2473,brick/tile,chip,1,2.6,,,,,,white,2,,,,,,,S8.1,1720-1750,1720,1750,1720-1750,Nursery,2453,2344,Floor,in situ,FALSE
273,398,12288,2504,brick/tile,chip,1,13,,,,,,orange red,6,,,,,,,S17.5,1720-1750,1720,1750,1720-1750,Meat Store,2372,1680,Floor,in situ,TRUE
274,400,12289,2509,brick/tile,chip,1,16.3,,,,,,white,3,rare grog,,,,,,S17.5,1720-1750,1720,1750,1720-1750,Meat Store,2372,1680,Floor,in situ,TRUE
286,423,14577,2612,brick/tile,chip,1,22.3,,,,,,white,5,,,,,,burnt face,C.2,1720-1830,1720,1830,1720-1840,Courtyard,1257,1257,External area,in situ,FALSE
287,424,14577,2612,brick/tile,chip,2,34.6,,,,,,yellow,3,,,,,,,C.2,1720-1830,1720,1830,1720-1840,Courtyard,1257,1257,External area,in situ,FALSE
288,426,14582,2643,brick/tile,chip,1,2.7,,,,,,yellow,3,,,,,,,S25.2,1710-1720,1710,1720,1690-1720,Boys Lodge (servants?),2521,2520,Floor,in situ,FALSE
285,421,14580,2682,brick/tile,chip,1,0.9,,,,,,pink orange,4,,,,,,,S23.1,1700-1720,1700,1720,1690-1720,Bishops Living Quarters,2658,2551,Floor,in situ,TRUE
499,,14106,2686,brick/tile,chip,1,2.1,,,,,,orangre red,,,,,,,in pottery bag,S23.1,1700-1720,1700,1720,1690-1720,Bishops Living Quarters,2658,2551,Floor,in situ,TRUE
283,417,14581,2691,brick/tile,chip,3,439,,,,,,orange red,6,"mica, fine quartz",,,,,,S23.1,1700-1720,1700,1720,1690-1720,Bishops Living Quarters,2658,2551,Floor,in situ,TRUE
496,,14065,2695,brick/tile,chip,1,0.7,,,,,,pink orange,,grog,,,,,in pottery bag,,1700-1720,1700,1720,1690-1720,Bishops Living Quarters,2658,2551,Floor,in situ,TRUE
282,416,14588,2793,brick/tile,chip,1,50.3,,,,,,yellow,2,,,,,,,C.2,1720-1830,1720,1830,1720-1840,Courtyard,1257,1257,External area,in situ,FALSE
495,,14052,2872,brick/tile,chip,1,3.9,,,,,,orange red,,?calcite,,,,,in pottery bag,,1700-1720,1700,1720,1690-1720,Bishops Living Quarters,2863,2551,Floor,in situ,TRUE
497,,14069,2872,brick/tile,chip,2,1.8,,,,,,orangre red,,grog?,,,,,in pottery bag,,1700-1720,1700,1720,1690-1720,Bishops Living Quarters,2863,2551,Floor,in situ,TRUE
500,,14116,2872,brick/tile,chip,3,8.6,,,,,,orange red,,,,,,,in pottery bag,,1700-1720,1700,1720,1690-1720,Bishops Living Quarters,2863,2551,Floor,in situ,TRUE
289,427,14601,2949,brick/tile,chip,1,5.6,,,,,,white,5,,,,,,grey/reduced surface,S23.1,1700-1720,1700,1720,1690-1720,Bishops Living Quarters,2658,2551,Floor,in situ,TRUE
284,418,14579,0,brick/tile,chip,1,4.4,,,,,,orange,6,,,,,,,,,,,,,0,,,,FALSE
1,22,6453,1226,brick/tile,,1,4.6,,,,,,orange,,,,,,,spall; could be brick or tile; in bag with ceramics,S7.3,1800-1840,1800,1840,1780-1840,Vestibule & Corridor,1287,775,Drain,in situ,FALSE
,,,,,,,,,,,,,,,,,,,,,,,,,,,,,,,
,,,,,,,,,,,,,,,,,,,,,,,,,,,,,,,
