Finds No,Unit No,Object,Completeness,Condition,Conservation?,Length (rivet/nail; mm),Diam (head_top; mm),Diam (head_base),Length (rove/strap; mm),width (rove/strap; mm),rove shape,head type,shaft type,length (between heads/staple ends; mm),Draw/Photo,Shaft diam (mm),Weight (g),Notes,Neat rivet hole,Building Phase,Start Date,End Date,Real Date,Period_Date,Attribution
3682,1109,nail,complete,moderate verdigris,TRUE,47,18,,,,,flat (square),forged,,FALSE,5,6.17,Square sectioned shaft,FALSE,S21.1,1650,1690,1650-1690,1630-1690,School Room
8713,1309,nail,near complete,light verdigris,TRUE,,9,,,,,domed,rolled,,FALSE,,0.49,domed hexagonal head; shaft absent,FALSE,MC.2,1700,1750,1700-1750,1690-1750,Midden Zone C
18136,1309,nail,complete,moderate verdigris,FALSE,17,5,,,,,flat (irreg),rolled,,FALSE,2,1.08,nail is bent,FALSE,MC.2,1700,1750,1700-1750,1690-1750,Midden Zone C
7263,1319,nail,complete,moderate verdigris,TRUE,26,12,,,,,domed,rolled,,FALSE,3,3.08,,FALSE,S31.1,1650,1700,1650-1700,1660-1690,Bishops Former Living Quarters
7267,1323,nail,complete,light verdigris,TRUE,26,6,,,,,flat (irreg),rolled,,FALSE,3,1.06,,FALSE,S31.1,1650,1700,1650-1700,1660-1690,Bishops Former Living Quarters
7290,1359,nail,complete,light verdigris,TRUE,16,8,,,,,flat (hex),rolled,,FALSE,3,1.18,,FALSE,S6.1,1720,1760,1720-1760,1720-1780,Bishops Living Quarters
7298,1362,nail,complete,light verdigris,TRUE,24,4,,,,,flat (irreg),rolled,,FALSE,3,0.62,made by rolling a sheet of copper,FALSE,S18.8,1790,1830,1790-1830,1780-1840,Midden
7352,1478,nail,near complete,moderate verdigris,TRUE,30,,,,,,,rolled,,FALSE,4,2.76,rolled sheet but however square sectioned. Head absent. Bent and looks like a hook,FALSE,S13.2,1750,1800,1750-1800,1750-1810,Main Corridor
7355,1479,nail,fragment,light verdigris,TRUE,7,,,,,,,forged,,FALSE,3,0.32,shaft fragment; square sectioned,FALSE,S13.2,1750,1800,1750-1800,1750-1810,Main Corridor
7356,1490,nail,complete,light verdigris,TRUE,15,8,,,,,flat (irreg),rolled,,FALSE,3,0.83,head leans to one side; shaft not made by rolling of sheet,FALSE,MC.1,1650,1700,1650-1700,1630-1720,Midden Zone C
18139,1490,nail,fragment,moderate verdigris,FALSE,6,4,,,,,flat (irreg),rolled,,FALSE,1,0.19,part of shaft absent,FALSE,MC.1,1650,1700,1650-1700,1630-1720,Midden Zone C
7363,1505,nail,complete,light verdigris,TRUE,18,6,,,,,flat (irreg),rolled,,FALSE,2,0.59,,FALSE,S19.1,1730,1770,1730-1770,1720-1780,School Refectory
8726,1506,nail,complete,light verdigris,TRUE,26,9,,,,,flat (irreg),rolled,,FALSE,3,1.52,,FALSE,S19.1,1730,1770,1730-1770,1720-1780,School Refectory
7387,1576,nail,complete,light verdigris,TRUE,20,7,,,,,flat (irreg),rolled,,FALSE,3,0.77,,FALSE,S19.1,1730,1770,1730-1770,1720-1780,School Refectory
7388,1579,nail,complete,light verdigris,TRUE,17,13,,,,,domed,rolled,,FALSE,2,1.71,possibly a rivet,FALSE,S19.1,1730,1770,1730-1770,1720-1780,School Refectory
7398,1595,nail,fragment,moderate verdigris,TRUE,29,,,,,,,rolled,,FALSE,3,0.42,shaft fragment.,FALSE,S18.7,1770,1790,1770-1790,1750-1810,Pantry
7411,1627,nail,fragment,light verdigris,TRUE,,9,,,,,domed,rolled,,FALSE,,0.2,head of a mount?,FALSE,S7.1,1720,1760,1720-1760,1720-1780,Vestibule & Corridor
7414,1627,nail,fragment,light verdigris,TRUE,9,11,,,,,flat (irreg),rolled,,FALSE,3,0.85,shaft end missing; head bent,FALSE,S7.1,1720,1760,1720-1760,1720-1780,Vestibule & Corridor
7425,1627,nail,near complete,moderate verdigris,TRUE,21,8,,,,,domed,rolled,,FALSE,2,0.96,,FALSE,S7.1,1720,1760,1720-1760,1720-1780,Vestibule & Corridor
18372,1627,nail,fragment,heavy verdigris,FALSE,8,4,,,,,flat (irreg),rolled,,FALSE,3,0.2,part of shaft missing - possibly ID 80 is the shaft (in the same bag but not attached).,FALSE,S7.1,1720,1760,1720-1760,1720-1780,Vestibule & Corridor
18372,1627,nail,fragment,moderate verdigris,FALSE,16,,,,,,,rolled,,FALSE,2,0.18,shaft fragm; possibly same as ID 79,FALSE,S7.1,1720,1760,1720-1760,1720-1780,Vestibule & Corridor
7434,1630,nail,complete,light verdigris,TRUE,33,5,,,,,flat (irreg),rolled,,FALSE,3,1.11,,FALSE,S5.2,1740,1760,1740-1760,1720-1780,Bishops Dining Room
8468,1644,nail,complete,light verdigris,FALSE,17,3,,,,,flat (irreg),rolled,,FALSE,3,0.44,,FALSE,S18.6,1760,1770,1760-1770,1750-1780,Pantry
7462,1679,nail,near complete,light verdigris,TRUE,23,10,,,,,flat (irreg),rolled,,FALSE,3,1.11,", made by rolling of sheet",FALSE,S7.1,1720,1760,1720-1760,1720-1780,Vestibule & Corridor
10162,1799,nail,near complete,light verdigris,TRUE,15,,,,,,,rolled,,FALSE,1,0.19,head absent; shaft flattens towards where it should be,FALSE,S5.1,1720,1740,1720-1740,1720-1750,Bishops Dining Room
10174,1861,nail,near complete,moderate verdigris,FALSE,25,9,,,,,flat (irreg),rolled,,FALSE,1,1.08,,FALSE,S31.2,1700,1720,1700-1720,1690-1720,Bishops Dining Room
10180,1901,nail,near complete,light verdigris,TRUE,24,11,,,,,flat (irreg),rolled,,FALSE,3,1.57,,FALSE,MC.1,1650,1700,1650-1700,1630-1720,Midden Zone C
10181,1903,nail,complete,moderate verdigris,FALSE,34,8,,,,,flat (irreg),forged,,FALSE,3,2.01,square sectioned shaft,FALSE,S31.2,1700,1720,1700-1720,1690-1720,Bishops Dining Room
10189,1915,nail,complete,light verdigris,TRUE,44,15,,,,,flat (irreg),forged,,FALSE,4,4.1,square sectioned shaft,FALSE,MC.1,1650,1700,1650-1700,1630-1720,Midden Zone C
10193,1928,nail,complete,light verdigris,TRUE,30,9,,,,,flat (irreg),forged,,FALSE,3,3.71,square sectioned; bent,FALSE,MC.1,1650,1700,1650-1700,1630-1720,Midden Zone C
10193,1928,nail,complete,light verdigris,TRUE,34,9,,,,,flat (irreg),rolled,,FALSE,5,2.12,,FALSE,MC.1,1650,1700,1650-1700,1630-1720,Midden Zone C
10193,1928,nail,complete,moderate verdigris,TRUE,26,7,,,,,flat (irreg),forged,,FALSE,4,2.76,square sectioned,FALSE,MC.1,1650,1700,1650-1700,1630-1720,Midden Zone C
18919,1945,nail,complete,moderate verdigris,FALSE,26,3,,,,,flat (irreg),rolled,,FALSE,2,0.84,,FALSE,S17.7,1770,1790,1770-1790,1750-1810,Meat Store
18919,1945,nail,complete,moderate verdigris,FALSE,27,3,,,,,flat (irreg),rolled,,FALSE,2,0.57,,FALSE,S17.7,1770,1790,1770-1790,1750-1810,Meat Store
18919,1945,nail,complete,moderate verdigris,FALSE,30,3,,,,,flat (irreg),rolled,,FALSE,2,0.75,,FALSE,S17.7,1770,1790,1770-1790,1750-1810,Meat Store
10207,2014,nail,complete,moderate verdigris,FALSE,28,10,,,,,flat (irreg),forged,,FALSE,4,1.37,square sectioned shaft,FALSE,S18.5,1740,1760,1740-1760,1720-1780,Pantry
19347,2016,nail,complete,light verdigris,TRUE,29,23,,,,,,rolled,,FALSE,3,2.17,mount with a diamond shaped decorated head; could be interpreted as a nail and a rove,FALSE,MC.1,1650,1700,1650-1700,1630-1720,Midden Zone C
10220,2072,nail,near complete,light verdigris,TRUE,34,10,,,,,flat (irreg),rolled,,FALSE,4,1.85,,FALSE,MC.1,1650,1700,1650-1700,1630-1720,Midden Zone C
10230,2118,nail,near complete,light verdigris,FALSE,24,2,,,,,flat (irreg),rolled,,FALSE,1,0.5,,FALSE,S18.4,1700,1740,1700-1740,1690-1750,Pantry
10231,2119,nail,fragment,moderate verdigris,FALSE,,5,,,,,flat (irreg),rolled,,FALSE,,0.37,head only; shaft absent,FALSE,S18.4,1700,1740,1700-1740,1690-1750,Pantry
10232,2121,nail,near complete,moderate verdigris,TRUE,12,4,,,,,flat (irreg),rolled,,FALSE,1,0.11,,FALSE,S6.2,1760,1800,1760-1800,1750-1810,Bishops Living Quarters
10237,2128,nail,complete,light verdigris,TRUE,19,9,,,,,flat (irreg),rolled,,FALSE,2,2.24,Wood attached; possibly a rivet,FALSE,S18.4,1700,1740,1700-1740,1690-1750,Pantry
10241,2135,nail,complete,light verdigris,TRUE,15,5,,,,,flat (irreg),rolled,,FALSE,2,0.47,,FALSE,MC.1,1650,1700,1650-1700,1630-1720,Midden Zone C
10246,2139,nail,near complete,moderate verdigris,TRUE,18,6,,,,,flat (irreg),rolled,,FALSE,2,0.63,head bends off to one side; shaft end cooked,FALSE,S18.4,1700,1740,1700-1740,1690-1750,Pantry
10247,2146,nail,complete,light verdigris,TRUE,39,8,,,,,flat (irreg),rolled,,FALSE,3,2.98,"Representative, slim nail",FALSE,MC.1,1650,1700,1650-1700,1630-1720,Midden Zone C
10253,2185,nail,complete,light verdigris,TRUE,21,12,,,,,flat (irreg),rolled,,FALSE,4,2.59,rivet?,FALSE,S5.2,1740,1760,1740-1760,1720-1780,Bishops Dining Room
10253,2185,nail,near complete,light verdigris,TRUE,22,6,,,,,flat (irreg),rolled,,FALSE,2,0.62,bent shaft,FALSE,S5.2,1740,1760,1740-1760,1720-1780,Bishops Dining Room
10263,2200,nail,complete,light verdigris,TRUE,20,9,,,,,flat (irreg),rolled,,FALSE,3,1.34,,FALSE,S18.4,1700,1740,1700-1740,1690-1750,Pantry
10271,2215,nail,complete,light verdigris,TRUE,23,9,,,,,flat (irreg),rolled,,FALSE,2,0.8,head slides to one side,FALSE,S5.2,1740,1760,1740-1760,1720-1780,Bishops Dining Room
10271,2215,nail,complete,light verdigris,TRUE,23,10,,,,,flat (irreg),rolled,,FALSE,3,1.38,,FALSE,S5.2,1740,1760,1740-1760,1720-1780,Bishops Dining Room
10273,2215,nail,complete,light verdigris,TRUE,24,4,,,,,flat (irreg),rolled,,FALSE,2,0.68,nail bent,FALSE,S5.2,1740,1760,1740-1760,1720-1780,Bishops Dining Room
15557,2220,nail,near complete,light verdigris,FALSE,31,6,,,,,flat (irreg),rolled,,FALSE,4,1.56,"fragment missing from shaft, ID 187 is most likely that fragment",FALSE,S18.4,1700,1740,1700-1740,1690-1750,Pantry
15557,2220,nail,fragment,light verdigris,FALSE,17,,,,,,,rolled,,FALSE,2,0.82,most likely a shaft fragment from ID 186,FALSE,S18.4,1700,1740,1700-1740,1690-1750,Pantry
10280,2240,nail,complete,light verdigris,TRUE,19,5,,,,,flat (irreg),rolled,,FALSE,3,0.87,,FALSE,S18.4,1700,1740,1700-1740,1690-1750,Pantry
10284,2251,nail,near complete,moderate verdigris,TRUE,32,,,,,,,rolled,,FALSE,4,1.72,head absent,FALSE,S18.4,1700,1740,1700-1740,1690-1750,Pantry
10295,2301,nail,complete,light verdigris,FALSE,32,4,,,,,flat (irreg),forged,,FALSE,3,2.26,square sectioned shaft,FALSE,S6.1,1720,1760,1720-1760,1720-1780,Bishops Living Quarters
10304,2319,nail,near complete,light verdigris,TRUE,23,,,,,,,rolled,,FALSE,4,0.84,"head absent, clipped off?",FALSE,S18.3,1690,1700,1690-1700,1690-1720,Pantry
10332,2396,nail,near complete,heavy verdigris,FALSE,33,15,,,,,domed,rolled,,FALSE,1,2.59,,FALSE,S17.5,1720,1750,1720-1750,1720-1750,Meat Store
10338,2411,nail,complete,moderate verdigris,TRUE,31,11,,,,,flat (irreg),forged,,FALSE,5,2.32,square sectioned shaft,FALSE,MC.1,1650,1700,1650-1700,1630-1720,Midden Zone C
10338,2411,nail,near complete,moderate verdigris,TRUE,27,,,,,,,rolled,,FALSE,3,0.83,head absent,FALSE,MC.1,1650,1700,1650-1700,1630-1720,Midden Zone C
10341,2415,nail,fragment,light verdigris,FALSE,9,,,,,,,rolled,,FALSE,2,0.14,shaft end and head absent,FALSE,MC.1,1650,1700,1650-1700,1630-1720,Midden Zone C
10341,2415,nail,complete,light verdigris,TRUE,30,9,,,,,flat (irreg),forged,,FALSE,4,2.12,bent; square sectioned shaft,FALSE,MC.1,1650,1700,1650-1700,1630-1720,Midden Zone C
10341,2415,nail,complete,light verdigris,TRUE,37,19,,,,,flat (irreg),forged,,FALSE,4,388,square sectioned shaft,FALSE,MC.1,1650,1700,1650-1700,1630-1720,Midden Zone C
10341,2415,nail,complete,light verdigris,TRUE,40,13,,,,,flat (irreg),forged,,FALSE,5,3.21,square sectioned folded shaft,FALSE,MC.1,1650,1700,1650-1700,1630-1720,Midden Zone C
10341,2415,nail,near complete,light verdigris,TRUE,26,,,,,,,forged,,FALSE,3,1.01,head absent; square sectioned,FALSE,MC.1,1650,1700,1650-1700,1630-1720,Midden Zone C
18193,2415,nail,fragment,moderate verdigris,FALSE,,11,,,,,flat (irreg),rolled,,FALSE,,0.63,nail head,FALSE,MC.1,1650,1700,1650-1700,1630-1720,Midden Zone C
18193,2415,nail,complete,moderate verdigris,FALSE,24,15,,,,,flat (irreg),rolled,,FALSE,3,2.05,nail has folded together. Head bends off to one side.,FALSE,MC.1,1650,1700,1650-1700,1630-1720,Midden Zone C
18193,2415,nail,fragment,moderate verdigris,FALSE,25,,,,,,,rolled,,FALSE,4,1.53,shaft,FALSE,MC.1,1650,1700,1650-1700,1630-1720,Midden Zone C
18193,2415,nail,fragment,moderate verdigris,FALSE,16,,,,,,,rolled,,FALSE,5,0.64,shaft fragment,FALSE,MC.1,1650,1700,1650-1700,1630-1720,Midden Zone C
18193,2415,nail,fragment,moderate verdigris,FALSE,14,,,,,,,rolled,,FALSE,4,0.4,head missing; shaft flattens toward head end; pointy end bends inwards,FALSE,MC.1,1650,1700,1650-1700,1630-1720,Midden Zone C
10346,2420,nail,fragment,light verdigris,FALSE,46,,,,,,,rolled,,FALSE,2,2.06,bent and shaped like a hook; head absent,FALSE,S25.3,,1720,1720,1690-1720,Boys Lodge (servants?)
10349,2423,nail,complete,light verdigris,TRUE,28,12,,,,,flat (irreg),rolled,,FALSE,4,2.11,,FALSE,S18.2,1680,1690,1680-1690,1660-1690,Pantry
10352,2425,nail,near complete,heavy verdigris,FALSE,16,6,,,,,flat (irreg),rolled,,FALSE,3,1.89,,FALSE,S23.2,,1720,1720,1690-1720,Bishops Living Quarters
10358,2449,nail,complete,light verdigris,FALSE,44,7,,,,,flat (irreg),rolled,,FALSE,3,1.72,,FALSE,S18.2,1680,1690,1680-1690,1660-1690,Pantry
10358,2449,nail,complete,light verdigris,FALSE,21,7,,,,,flat (irreg),rolled,,FALSE,3,0.67,,FALSE,S18.2,1680,1690,1680-1690,1660-1690,Pantry
10358,2449,nail,complete,light verdigris,FALSE,14,8,,,,,flat (irreg),rolled,,FALSE,1,,,FALSE,S18.2,1680,1690,1680-1690,1660-1690,Pantry
10365,2461,nail,complete,moderate verdigris,TRUE,24,13,,,,,flat (irreg),forged,,FALSE,4,2.2,square sectioned shaft,FALSE,S18.2,1680,1690,1680-1690,1660-1690,Pantry
10368,2467,nail,complete,light verdigris,FALSE,18,3,,,,,flat (irreg),rolled,,FALSE,2,0.27,,FALSE,S8.1,1720,1750,1720-1750,1720-1750,Nursery
19349,2467,nail,fragment,light verdigris,FALSE,13,,,,,,,rolled,,FALSE,2,0.36,head absent; rivet?,FALSE,S8.1,1720,1750,1720-1750,1720-1750,Nursery
10375,2471,nail,complete,light verdigris,TRUE,35,7,,,,,flat (irreg),rolled,,FALSE,3,2.07,,FALSE,S8.1,1720,1750,1720-1750,1720-1750,Nursery
13864,2641,nail,complete,light verdigris,TRUE,26,10,,,,,domed,rolled,,FALSE,2,1.29,,FALSE,S25.2,1710,1720,1710-1720,1690-1720,Boys Lodge (servants?)
14938,2689,nail,fragment,heavy verdigris,FALSE,41,,,,,,,rolled,,FALSE,3,0.76,head absent,FALSE,S23.1,1700,1720,1700-1720,1690-1720,Bishops Living Quarters
17006,2690,nail,near complete,light verdigris,FALSE,35,,,,,,,rolled,,FALSE,5,2.54,head missing; textile/wood attached,FALSE,S23.1,1700,1720,1700-1720,1690-1720,Bishops Living Quarters
17005,2691,nail,near complete,moderate verdigris,FALSE,27,10,,,,,flat (irreg),rolled,,FALSE,4,1.7,textile attached,FALSE,S23.1,1700,1720,1700-1720,1690-1720,Bishops Living Quarters
13781,2693,nail,fragment,light verdigris,TRUE,,7,,,,,domed,rolled,,FALSE,,0.14,only head,FALSE,S23.1,1700,1720,1700-1720,1690-1720,Bishops Living Quarters
14905,2694,nail,near complete,light verdigris,TRUE,42,7,,,,,flat (irreg),forged,,FALSE,3,4.12,substantial square sectioned shaft that seems to be folded from a sheet; shaft end missing,FALSE,S23.1,1700,1720,1700-1720,1690-1720,Bishops Living Quarters
14908,2695,nail,complete,light verdigris,TRUE,132,6,,,,,flat (irreg),rolled,,FALSE,4,4.66,,FALSE,S23.1,1700,1720,1700-1720,1690-1720,Bishops Living Quarters
13837,2734,nail,near complete,light verdigris,TRUE,12,13,,,,,domed,rolled,,FALSE,3,1.83,part of shaft absent,FALSE,S25.1,1670,1710,1670-1710,1660-1720,Boys Lodge (servants?)
17011,2751,nail,complete,light verdigris,TRUE,27,6,,,,,flat (irreg),rolled,,FALSE,2,0.75,,FALSE,S25.1,1670,1710,1670-1710,1660-1720,Boys Lodge (servants?)
14913,2872,nail,near complete,light verdigris,TRUE,16,5,,,,,flat (irreg),rolled,,FALSE,3,0.7,crooked end,FALSE,S23.1,1700,1720,1700-1720,1690-1720,Bishops Living Quarters
14913,2872,nail,fragment,light verdigris,TRUE,19,,,,,,,rolled,,FALSE,2,0.23,"has some weird fungus-like thing at it's top, textile?; head absent",FALSE,S23.1,1700,1720,1700-1720,1690-1720,Bishops Living Quarters
14913,2872,nail,fragment,light verdigris,TRUE,,6,,,,,flat (irreg),rolled,,FALSE,2,0.31,shaft mostly absent; head possibly has a hexagonal shape,FALSE,S23.1,1700,1720,1700-1720,1690-1720,Bishops Living Quarters
14970,2872,nail,near complete,moderate verdigris,TRUE,16,8,,,,,domed,rolled,,FALSE,3,1.09,,FALSE,S23.1,1700,1720,1700-1720,1690-1720,Bishops Living Quarters
16960,2945,nail,fragment,heavy verdigris,FALSE,10,9,,,,,flat (irreg),rolled,,FALSE,3,0.72,shaft missing; textile/wood attached?,FALSE,S17.2,1690,1700,1690-1700,1690-1720,Meat Store
14937,2973,nail,fragment,moderate verdigris,TRUE,30,,,,,,,rolled,,FALSE,2,0.31,shaft; head absent; slightly bent,FALSE,S17.1,1670,1690,1670-1690,1660-1690,Meat Store
7278,1346,nail,complete,moderate,FALSE,30,,,,,,,rolled,,FALSE,,0.9,"rolled sheet, tapering to point, slighlty flanged head",FALSE,S5.2,1740,1760,1740-1760,1720-1780,Bishops Dining Room
7312,1391,nail,complete,light,FALSE,28,,,,,,,rolled,,FALSE,,0.6,sheet rolled into a point with a an open flange at the other end; unused nail - head ready for flattening,FALSE,S5.2,1740,1760,1740-1760,1720-1780,Bishops Dining Room
7415,1627,nail,near complete,moderate,FALSE,12,,,,,,,rolled,,FALSE,,0.4,"rolled sheet, pinched head; small tack, tip broken",FALSE,S7.1,1720,1760,1720-1760,1720-1780,Vestibule & Corridor
7415,1627,nail,near complete,moderate,FALSE,8,,,,,,,rolled,,FALSE,,0.3,"rolled sheet, flattened head; small tack, tip broken",FALSE,S7.1,1720,1760,1720-1760,1720-1780,Vestibule & Corridor
7415,1627,nail,near complete,moderate,FALSE,15,,,,,,,rolled,,FALSE,,0.2,"rolled sheet, head missing/broken",FALSE,S7.1,1720,1760,1720-1760,1720-1780,Vestibule & Corridor
7415,1627,nail,near complete,moderate,FALSE,11,,,,,,,rolled,,FALSE,,0.5,"rolled sheet, head and tip broken/missing",FALSE,S7.1,1720,1760,1720-1760,1720-1780,Vestibule & Corridor
10291,2274,nail,near complete,moderate,FALSE,30,,,,,,,rolled,,FALSE,,0.9,"rolled sheet, pointed end, head missing; hollow shaft",FALSE,S18.4,1700,1740,1700-1740,1690-1750,Pantry
15542,2538,nail,fragment,moderate,FALSE,20,,,,,,,rolled,,FALSE,,0.6,rolled sheet tapered to a point; nail shaft frag,FALSE,S10.1,1700,1740,1700-1740,1690-1750,Kitchen
7278,1346,nail/chape,complete,light,FALSE,41,,,,,,,rolled,,FALSE,,1.9,"rolled sheet, tapering to point,no head - either snapped off or not used/flattened",FALSE,S5.2,1740,1760,1740-1760,1720-1780,Bishops Dining Room
10205,2005,nail/chape,near complete,moderate,FALSE,30,,,,,,,rolled,,FALSE,,1.2,"sheet rolled into shaft, hollow; tapered to a point one end (other end broken)- nail rather than chape?",FALSE,S18.5,1740,1760,1740-1760,1720-1780,Pantry
10360,2449,nail/chape,complete,moderate,FALSE,25,,,,,,,rolled,,FALSE,,1,"rolled sheet, tapering to point, top folded over; unused nail or discarded lace chape",FALSE,S18.2,1680,1690,1680-1690,1660-1690,Pantry
551,65,repair rivet,near complete,moderate verdigris,TRUE,21,16,9,,,,flat (irreg),,,FALSE,,2.37,only head of rivet present/measureable; double metal sheet attached; repair strap,FALSE,S4.5,1840,1890,1840-1890,1840-1900,Pantry/Kitchen
19088,289,repair rivet,near complete,moderate verdigris,FALSE,1,4,4,19,9,,flat (irreg),,,FALSE,,0.81,double sheet attached,FALSE,S10.4,1800,1880,1800-1880,1780-1900,Kitchen
3645,984,repair rivet,near complete,moderate verdigris,TRUE,6,12,8,,,,flat (irreg),,,FALSE,,5.02,meta attached; possibly a rove,FALSE,S21.2,1690,1750,1690-1750,1690-1750,School Room
3728,988,repair rivet,near complete,light verdigris,TRUE,5,7,7,,,,flat (irreg),,1,FALSE,3,0.62,,FALSE,S30.1,1670,1720,1670-1720,1660-1720,School Master's House
3717,1011,repair rivet,fragment,light verdigris,TRUE,9,5,,,,,flat (irreg),,,FALSE,3,1.08,"Metal sheet attached, possibly rove",FALSE,S22.1,1670,1700,1670-1700,1660-1720,Assistant Teachers Quarters
7382,1546,repair rivet,fragment,moderate verdigris,TRUE,14,4,,,,,flat (irreg),,,FALSE,4,1.14,metal attached possibly a rove,FALSE,S10.3,1760,1800,1760-1800,1750-1810,Kitchen
7402,1617,repair rivet,near complete,moderate verdigris,TRUE,6,12,10,,,,flat (irreg),,1,FALSE,,6.53,distinctly heavy; attached to a metal plate.,FALSE,S6.1,1720,1760,1720-1760,1720-1780,Bishops Living Quarters
7406,1627,repair rivet,fragment,heavy verdigris,TRUE,4,3,,,,,flat (irreg),,,FALSE,1,0.29,,FALSE,S7.1,1720,1760,1720-1760,1720-1780,Vestibule & Corridor
7409,1627,repair rivet,fragment,heavy verdigris,TRUE,2,3,,,,,flat (irreg),,,FALSE,2,0.68,"metal attached, possibly a rove. Rivet very squished",FALSE,S7.1,1720,1760,1720-1760,1720-1780,Vestibule & Corridor
7418,1627,repair rivet,near complete,light verdigris,FALSE,7,8,,,,,flat (irreg),,6,FALSE,3,0.86,has a red color; metal attached possibly a rove,FALSE,S7.1,1720,1760,1720-1760,1720-1780,Vestibule & Corridor
10191,1927,repair rivet,near complete,light verdigris,TRUE,12,5,3,,,,flat (irreg),,,FALSE,3,1.65,metal plate attached: rove?,FALSE,S18.5,1740,1760,1740-1760,1720-1780,Pantry
10193,1928,repair rivet,near complete,light verdigris,TRUE,3,5,,,,,flat (irreg),,,FALSE,2,2.11,metal plate attached: rivet?; shaft as good as absent,FALSE,MC.1,1650,1700,1650-1700,1630-1720,Midden Zone C
10235,2125,repair rivet,complete,light verdigris,TRUE,3,3,6,,,,flat (irreg),,,FALSE,,1.41,attached to a metal strap,FALSE,MC.1,1650,1700,1650-1700,1630-1720,Midden Zone C
10249,2165,repair rivet,fragment,moderate verdigris,FALSE,1,3,,,,,flat (irreg),,,FALSE,,0.25,with a metal plate attached - the two are very difficult to discern,FALSE,C.2-3,1720,1850,1720-1850,1720-1870,Courtyard
10254,2181,repair rivet,fragment,light verdigris,FALSE,,3,,,,,,,,FALSE,,1.02,a rivet head attached to a small piece of copper but mainly attached to a chunk of wood and textile,FALSE,S18.4,1700,1740,1700-1740,1690-1750,Pantry
13877,2200,repair rivet,complete,light verdigris,TRUE,5,6,7,,,,flat (irreg),,,FALSE,,3.14,metal attached: rove?,FALSE,S18.4,1700,1740,1700-1740,1690-1750,Pantry
10275,2219,repair rivet,near complete,light verdigris,TRUE,11,5,4,,,,flat (irreg),,,FALSE,3,1.14,reddish,FALSE,S18.4,1700,1740,1700-1740,1690-1750,Pantry
10276,2220,repair rivet,near complete,light verdigris,TRUE,5,9,12,,,,flat (irreg),,,FALSE,,3.75,attached to a copper sheet that was probably square to begin with,FALSE,S18.4,1700,1740,1700-1740,1690-1750,Pantry
10322,2380,repair rivet,near complete,moderate verdigris,FALSE,9,4,,,,,flat (irreg),,,FALSE,3,0.37,metal attached possibly a rove,FALSE,S8.2,1750,1800,1750-1800,1750-1810,Nursery/Private Chambers
10342,2415,repair rivet,fragment,moderate verdigris,FALSE,,9,,,,,flat (irreg),,,FALSE,,3.27,"Fragment in a piece of wood, two rivets all in all and measurements from the bigger one.",FALSE,MC.1,1650,1700,1650-1700,1630-1720,Midden Zone C
10343,2415,repair rivet,near complete,light verdigris,TRUE,4,5,,,,,flat (irreg),,,FALSE,4,1.82,shaft broken; metal  sheet attached,FALSE,MC.1,1650,1700,1650-1700,1630-1720,Midden Zone C
10361,2449,repair rivet,fragment,moderate verdigris,FALSE,5,4,,,,,flat (irreg),,,FALSE,4,2.16,metal sheet attached - possibly a clench bolt,FALSE,S18.2,1680,1690,1680-1690,1660-1690,Pantry
10382,2477,repair rivet,near complete,moderate verdigris,TRUE,,,,,,,,,,FALSE,,3.89,"rivet outlines unclear and unmeasureable; circular metal sheet attached to it, a rove?; looks like it's made of copper but coated with iron corrosion, wood and other stuff",FALSE,S8.1,1720,1750,1720-1750,1720-1750,Nursery
12863,2641,repair rivet,near complete,moderate verdigris,TRUE,3,,,,,,,,,FALSE,2,0.59,heads missing; all squished together; metal plate attached possibly rove,FALSE,S25.2,1710,1720,1710-1720,1690-1720,Boys Lodge (servants?)
16728,2914,repair rivet,fragment,light verdigris,TRUE,,,,29,11,,,,,FALSE,,0.53,one rivet hole close to tip,FALSE,S17.2,1690,1700,1690-1700,1690-1720,Meat Store
538,32,repair strap,near complete,light verdigris,FALSE,,,,26,89,,,,,FALSE,,16.52,rolled up big square sheet with rivets visible in rolled up inaccessible part. Unrolled length closer to 90mm,FALSE,MA.1,1870,1910,1870-1910,1870-1930,Midden Zone A
19358,77,repair strap,near complete,moderate verdigris,FALSE,4,9,,,,,domed,,,FALSE,,1.34,,FALSE,S8.3,1800,1850,1800-1850,1780-1870,Nursery/Private Chambers
570,108,repair strap,fragment,moderate verdigris,FALSE,,,,21,7,,,,,FALSE,,0.82,mushed up strap with a few tiny rivet holes; might be part of something else,FALSE,S29.1,1780,1800,1780-1800,1780-1810,Infirmary
3448,571,repair strap,fragment,moderate verdigris,FALSE,,7,,21,16,,,,,FALSE,,1.03,end of a strap with a rivet attached; looks like the end forms a circular form; badly preserved,FALSE,S20.1,1650,1670,1650-1670,1630-1690,School Dormitory
2659,576,repair strap,fragment,moderate verdigris,TRUE,,,,61,20,,,,,FALSE,,4.81,one rivet hole on one end; possibly attached to ID 214 at some point at other end,FALSE,S10.4,1800,1880,1800-1880,1780-1900,Kitchen
2659,576,repair strap,fragment,moderate verdigris,FALSE,,,,36,20,,,,,FALSE,,,has one rivet hole; possibly attached to ID 213 at other end at some point.,FALSE,S10.4,1800,1880,1800-1880,1780-1900,Kitchen
2958,591,repair strap,near complete,light verdigris,FALSE,,,,44,16,,,,,FALSE,,4.03,has two holes for rivets,FALSE,MC.1,1650,1700,1650-1700,1630-1720,Midden Zone C
3059,596,repair strap,fragment,light verdigris,FALSE,,,,15,15,diamond,,,,FALSE,,0.33,folded at end; half present; one rivet hole,FALSE,MC.1,1650,1700,1650-1700,1630-1720,Midden Zone C
3099,620,repair strap,fragment,moderate verdigris,FALSE,,,,35,15,,,,,FALSE,,1.23,with 2 rivet holes + one rivet,FALSE,MC.1,1650,1700,1650-1700,1630-1720,Midden Zone C
3580,778,repair strap,fragment,light verdigris,FALSE,,,,42,30,,,,,FALSE,,2.54,has two holes for rivets,FALSE,S29.1,1780,1800,1780-1800,1780-1810,Infirmary
5985,850,repair strap,fragment,moderate verdigris,FALSE,4,6,7,27,23,,flat (irreg),,,FALSE,,4.48,one rivet attached,FALSE,S35.2,,1958,1958,1930-1960,Western Farmhouse
3623,867,repair strap,complete,light verdigris,TRUE,,,,13,11,,,,,FALSE,,0.77,"has two holes for repair rivets, folds up on long end, unfolded length closer to 19 mm",FALSE,S13.2,1750,1800,1750-1800,1750-1810,Main Corridor
3708,947,repair strap,fragment,moderate verdigris,TRUE,,,,16,34,,,,,FALSE,,22.5,"big metal strip with 4 repair rivets, double sheet",FALSE,S21.1,1650,1690,1650-1690,1630-1690,School Room
3650,958,repair strap,near complete,light verdigris,TRUE,,,,26,28,,,,,FALSE,,11.61,"two rivet holes, neatly rolled up/folded so the rivet holes face front; unfolded length something like 90mm; rather thick",FALSE,S5.3,1760,1780,1760-1780,1750-1780,Bishops Dining Room
3764,965,repair strap,fragment,light verdigris,TRUE,,,,23,8,,,,,FALSE,,0.57,one rivet hole at the tip,FALSE,S5.3,1760,1780,1760-1780,1750-1780,Bishops Dining Room
3681,1035,repair strap,fragment,moderate verdigris,TRUE,,,,16,14,,,,,FALSE,,0.82,double sheet,FALSE,S7.3,1800,1840,1800-1840,1780-1840,Vestibule & Corridor
3720,1049,repair strap,fragment,light verdigris,TRUE,,,,36,25,,,,,FALSE,,3.79,thick sheet with a neat hole for a rivet,TRUE,S22.2,1700,1730,1700-1730,1690-1750,Assistant Teachers Quarters
7253,1071,repair strap,complete,light verdigris,TRUE,,,,22,7,,,,,FALSE,,0.52,"seems to have been attached to a block of wood that has a rivet through it and is kept within the same sheet of paper,  weight was measured without those",FALSE,MC.3,1750,1900,1750-1900,1750-1810,Midden Zone C
7253,1071,repair strap,near complete,light verdigris,TRUE,,,,53,9,,,,,FALSE,,4.44,has three rivet holes and two rivets that are attached to blocks of wood about 5 mm thick,FALSE,MC.3,1750,1900,1750-1900,1750-1810,Midden Zone C
3746,1144,repair strap,near complete,light verdigris,TRUE,,,,14,12,,,,,FALSE,,291,rolled up strap with one rivet visible at the outer end; possibly a re used repair strap,FALSE,MC.3,1750,1900,1750-1900,1750-1810,Midden Zone C
8713,1309,repair strap,fragment,light verdigris,TRUE,,,,45,36,,,,,FALSE,,5.25,sturdy plate with one neat rivet hole and folds together on one edge,TRUE,MC.2,1700,1750,1700-1750,1690-1750,Midden Zone C
18137,1309,repair strap,fragment,light verdigris,FALSE,,,,11,8,,,,,FALSE,,0.13,has what look like old neat holes for rivets or such; ID 261-264 probably fragments of one sheet,TRUE,MC.2,1700,1750,1700-1750,1690-1750,Midden Zone C
18137,1309,repair strap,fragment,moderate verdigris,FALSE,,,,7,6,,,,,FALSE,,0.05,looks like it had neat holes for rivets or similar; ID 261-264 probably fragments of one sheet,TRUE,MC.2,1700,1750,1700-1750,1690-1750,Midden Zone C
8714,1310,repair strap,fragment,light verdigris,TRUE,,,,23,18,,,,,FALSE,,0.99,one rivethole visible,FALSE,S11.3,1730,1740,1730-1740,1720-1750,Priests Living Quarters
8716,1316,repair strap,fragment,light verdigris,TRUE,,,,16,15,,,,,FALSE,,0.6,with one rivet hole or possibly a hole for something different since it's very neat,TRUE,S18.8,1790,1830,1790-1830,1780-1840,Midden
7287,1347,repair strap,near complete,light verdigris,TRUE,,,,28,10,,,,,FALSE,,1.25,"two holes for rivets, one rivet and attached to wood",FALSE,S5.2,1740,1760,1740-1760,1720-1780,Bishops Dining Room
7313,1392,repair strap,fragment,light verdigris,TRUE,,,,28,9,,,,,FALSE,,0.42,,FALSE,S5.2,1740,1760,1740-1760,1720-1780,Bishops Dining Room
7369,1509,repair strap,fragment,light verdigris,TRUE,,,,65,29,,,,,FALSE,,13.24,two rivets attached; this is a double copper sheet,FALSE,S11.1,1690,1720,1690-1720,1690-1720,Living Quarters
7369,1509,repair strap,fragment,light verdigris,TRUE,,,,54,30,,,,,FALSE,,9.76,double copper sheet; two repair rivets attached,FALSE,S11.1,1690,1720,1690-1720,1690-1720,Living Quarters
8729,1627,repair strap,fragment,light verdigris,TRUE,,,,18,10,,,,,FALSE,,0.32,"fragment that shows remains of a hole for a rivet that has broken off,",FALSE,S7.1,1720,1760,1720-1760,1720-1780,Vestibule & Corridor
10158,1746,repair strap,fragment,heavy verdigris,TRUE,,,,35,35,,,,,FALSE,,7.95,looks like one half of an oval strap with a rivet at its end. Strap is attached to another strap protruding from what is supposedly the middle of the oval's lateral side.,FALSE,C.3,1830,1850,1830-1850,1810-1870,Courtyard
10196,1935,repair strap,fragment,light verdigris,TRUE,6,7,6,34,15,,flat (irreg),,4,FALSE,,4.42,,FALSE,MC.1,1650,1700,1650-1700,1630-1720,Midden Zone C
12014,1949,repair strap,fragment,moderate verdigris,FALSE,,,,16,13,,,,,FALSE,,1.44,hair/textile attached,FALSE,MC.1,1650,1700,1650-1700,1630-1720,Midden Zone C
18142,1963,repair strap,fragment,moderate verdigris,FALSE,,,,34,17,,,,,FALSE,,1.24,copper sheet with textile attached and one small rove; it's separated into two pieces by a breakage,FALSE,MC.1,1650,1700,1650-1700,1630-1720,Midden Zone C
12013,1990,repair strap,fragment,light verdigris,FALSE,,,,58,19,,,,,FALSE,,2.72,sheet in bad shape so difficult to say anything with certainty; at least one possible rivet hole visible,FALSE,MC.1,1650,1700,1650-1700,1630-1720,Midden Zone C
10236,2128,repair strap,near complete,light verdigris,FALSE,,,,9,8,,,,,FALSE,,0.19,possibly a small rove,FALSE,S18.4,1700,1740,1700-1740,1690-1750,Pantry
10245,2139,repair strap,fragment,light verdigris,TRUE,,4,,17,8,,flat (irreg),,,FALSE,,1.26,"repair strap with wood attached and what appears to be an iron nail, only the head of the nail is clearly visible; could be a clench bolt with 8mm as length between heads",FALSE,S18.4,1700,1740,1700-1740,1690-1750,Pantry
10246,2139,repair strap,fragment,moderate verdigris,TRUE,,,,27,18,,,,,FALSE,,2.05,has one rivet hole at it's tip,TRUE,S18.4,1700,1740,1700-1740,1690-1750,Pantry
10297,2308,repair strap,fragment,light verdigris,TRUE,,,,30,29,,,,,FALSE,,2.7,has one rivet attached,FALSE,S18.3,1690,1700,1690-1700,1690-1720,Pantry
10308,2338,repair strap,fragment,moderate verdigris,TRUE,,,,20,29,,,,,FALSE,,0.8,"one rivet hole clearly visible, possibly a rove",FALSE,S18.3,1690,1700,1690-1700,1690-1720,Pantry
12488,2362,repair strap,fragment,light verdigris,TRUE,,,,13,10,,,,,FALSE,,0.46,folded together,TRUE,S18.3,1690,1700,1690-1700,1690-1720,Pantry
10331,2395,repair strap,complete,moderate verdigris,TRUE,,,,37,6,,,,,FALSE,,1.59,one rivethole on either end = two all in all,FALSE,S17.5,1720,1750,1720-1750,1720-1750,Meat Store
10344,2415,repair strap,near complete,light verdigris,TRUE,,,,46,11,,,,,FALSE,,3.32,wood attached,FALSE,MC.1,1650,1700,1650-1700,1630-1720,Midden Zone C
18193,2415,repair strap,fragment,moderate verdigris,FALSE,,,,24,11,,,,,FALSE,,0.6,,FALSE,MC.1,1650,1700,1650-1700,1630-1720,Midden Zone C
10345,2417,repair strap,near complete,light verdigris,TRUE,,,,33,12,,,,,FALSE,,9.94,rolled up repair strap with two rivets visible. Rather thick.,FALSE,S18.2,1680,1690,1680-1690,1660-1690,Pantry
10355,2427,repair strap,fragment,light verdigris,TRUE,,,,20,12,,,,,FALSE,,0.41,folded together,FALSE,S7.1,1720,1760,1720-1760,1720-1780,Vestibule & Corridor
10359,2449,repair strap,fragment,light verdigris,TRUE,,,,26,19,,,,,FALSE,,0.93,two rivetholes,FALSE,S18.2,1680,1690,1680-1690,1660-1690,Pantry
10364,2461,repair strap,complete,light verdigris,TRUE,10,6,6,81,17,,flat (irreg),,9,FALSE,4,20.41,two nearly identical sheets of copper clenched around wood with two nearly identical rivets; measurements are taken from one sheet and one rivet,FALSE,S18.2,1680,1690,1680-1690,1660-1690,Pantry
10364,2461,repair strap,near complete,light verdigris,TRUE,10,5,5,41,10,,flat (irreg),,8,FALSE,3,5.32,two straps of copper clenched around a piece of wood via two rivets. Measurements from one strap and one rivet but all are nearly identical.,FALSE,S18.2,1680,1690,1680-1690,1660-1690,Pantry
10383,2477,repair strap,fragment,moderate verdigris,TRUE,,,,20,16,,,,,FALSE,,0.89,"double sheet, one rivet hole visible",FALSE,S8.1,1720,1750,1720-1750,1720-1750,Nursery
14919,2665,repair strap,fragment,light verdigris,TRUE,,,,23,18,,,,,FALSE,,1.05,,FALSE,S17.4,1710,1720,1710-1720,1690-1720,Meat Store
16751,2707,repair strap,near complete,moderate verdigris,FALSE,,,,30,29,,,,,FALSE,,6.6,has two square shaped rivet holes at one end; bent to ca 90°; if unbent length would be closer to 42mm,FALSE,S25.2,1710,1720,1710-1720,1690-1720,Boys Lodge (servants?)
16761,2835,repair strap,complete,light verdigris,TRUE,,,,31,19,,,,,FALSE,,1.85,"sqare shaped; has three rivet holes, one big in the middle and smaller to each side.",FALSE,S25.1,1670,1710,1670-1710,1660-1720,Boys Lodge (servants?)
14926,2872,repair strap,near complete,light verdigris,TRUE,,,,23,20,,,,,FALSE,,1.13,"big rivet hole; weird shape, square with sharp triangle-shaped indentation on one side",FALSE,S23.1,1700,1720,1700-1720,1690-1720,Bishops Living Quarters
16667,2955,repair strap,fragment,moderate verdigris,TRUE,,,,24,19,,,,,FALSE,,0.95,has one neat hole for a rivet,TRUE,S17.1,1670,1690,1670-1690,1660-1690,Meat Store
17009,2974,repair strap,near complete,moderate verdigris,FALSE,,,,8,8,,,,,FALSE,,0.6,possibly a square rove from clench bolt ID 184,FALSE,S17.1,1670,1690,1670-1690,1660-1690,Meat Store
569,102,rivet,fragment,moderate verdigris,TRUE,24,,,,,,,rolled,,FALSE,6,1.53,,FALSE,S20.4,1750,1770,1750-1770,1750-1780,School Dormitory
3462,167,rivet,complete,light verdigris,FALSE,32,9,,,,,flat (irreg),rolled,,FALSE,5,1.78,"might be a nail, end is rather pointy",FALSE,S5.5,1800,1830,1800-1830,1780-1840,Pantry/Study & Library
18933,263,rivet,near complete,moderate verdigris,FALSE,17,,,,,,,rolled,,FALSE,4,0.77,head absent,FALSE,S20.4,1750,1770,1750-1770,1750-1780,School Dormitory
19350,302,rivet,near complete,moderate verdigris,FALSE,10,6,,,,,flat (irreg),rolled,,FALSE,3,0.29,,FALSE,S11.3,1730,1740,1730-1740,1720-1750,Priests Living Quarters
4683,454,rivet,complete,moderate verdigris,FALSE,9,3,3,,,,flat (irreg),rolled,5,FALSE,3,0.31,,FALSE,MC.1,1650,1700,1650-1700,1630-1720,Midden Zone C
3121,598,rivet,complete,light verdigris,FALSE,30,9,,,,,flat (irreg),rolled,,FALSE,5,2.57,,FALSE,S34.1,1880,1920,1880-1920,1870-1930,Silo Pit
1389,1,clench bolt,near complete,heavy verdigris,FALSE,15,4,4,28,13,diamond,flat (irreg),rolled,10,FALSE,2,6.31,bad preservation,FALSE,LH,,1958,1958,1930-1960,Levelling Horizon
543,37,clench bolt,near complete,light verdigris,TRUE,23,8,,14,16,square,flat (irreg),forged,15,FALSE,6,11.37,rivet very substantial and heavy with square section. Not made by rolling of blade,FALSE,S20.6,,1790,1790,1780-1810,School Dormitory
18854,251,clench bolt,complete,moderate verdigris,FALSE,14,12,11,16,15,square,flat (irreg),rolled,9,FALSE,5,4.59,,FALSE,S13.3,1800,1830,1800-1830,1780-1840,Main Corridor
18854,251,clench bolt,complete,moderate verdigris,FALSE,15,10,8,14,13,square,flat (irreg),rolled,8,FALSE,4,3.2,,FALSE,S13.3,1800,1830,1800-1830,1780-1840,Main Corridor
18854,251,clench bolt,fragment,light verdigris,FALSE,12,8,5,,,square,flat (irreg),rolled,7,FALSE,4,1.19,rove has twised so form is difficult to discern;,FALSE,S13.3,1800,1830,1800-1830,1780-1840,Main Corridor
18854,251,clench bolt,complete,heavy verdigris,FALSE,11,8,,,,irreg/other,flat (irreg),rolled,7,FALSE,,1.18,very corroded measurements difficult,FALSE,S13.3,1800,1830,1800-1830,1780-1840,Main Corridor
18854,251,clench bolt,near complete,moderate verdigris,FALSE,13,12,8,14,13,square,flat (irreg),rolled,6,FALSE,6,2.95,,FALSE,S13.3,1800,1830,1800-1830,1780-1840,Main Corridor
5722,452,clench bolt,near complete,heavy verdigris,FALSE,12,10,6,36,17,diamond,flat (irreg),rolled,6,FALSE,4,6.34,,FALSE,MC.1,1650,1700,1650-1700,1630-1720,Midden Zone C
2207,453,clench bolt,complete,moderate verdigris,FALSE,9,9,7,22,12,diamond,flat (irreg),rolled,6,FALSE,4,2.03,,FALSE,MC.1,1650,1700,1650-1700,1630-1720,Midden Zone C
2209,453,clench bolt,complete,moderate verdigris,FALSE,18,11,11,15,11,square,flat (irreg),rolled,12,FALSE,4,3.41,,FALSE,MC.1,1650,1700,1650-1700,1630-1720,Midden Zone C
18182,453,clench bolt,near complete,light verdigris,FALSE,11,9,8,14,12,irreg/other,flat (irreg),rolled,6,FALSE,4,2.77,square-like octagonal rove,FALSE,MC.1,1650,1700,1650-1700,1630-1720,Midden Zone C
3059,596,clench bolt,near complete,moderate verdigris,FALSE,9,10,3,,,,flat (irreg),rolled,5,FALSE,,0.98,wood attached,FALSE,MC.1,1650,1700,1650-1700,1630-1720,Midden Zone C
3737,1004,clench bolt,near complete,moderate verdigris,TRUE,20,5,5,40,20,diamond,flat (irreg),rolled,13,FALSE,5,6.34,,FALSE,MA.1,1870,1910,1870-1910,1870-1930,Midden Zone A
3725,1049,clench bolt,fragment,heavy verdigris,FALSE,4,2,,7,4,irreg/other,flat (irreg),rolled,,FALSE,2,0.1,only a small part of the rove and rivet shaft are present,FALSE,S22.2,1700,1730,1700-1730,1690-1750,Assistant Teachers Quarters
3697,1071,clench bolt,complete,moderate verdigris,TRUE,10,6,4,16,9,diamond,flat (irreg),rolled,6,FALSE,3,1.12,rove bent in both long ends,FALSE,MC.3,1750,1900,1750-1900,1750-1810,Midden Zone C
3662,1090,clench bolt,complete,light verdigris,TRUE,19,13,11,28,15,diamond,flat (irreg),rolled,13,FALSE,5,1.34,rove bent in one end,FALSE,MC.3,1750,1900,1750-1900,1750-1810,Midden Zone C
3748,1144,clench bolt,near complete,light verdigris,FALSE,4,8,8,14,9,diamond,flat (square),rolled,1,FALSE,5,0.78,only a small part fragm rove present.,FALSE,MC.3,1750,1900,1750-1900,1750-1810,Midden Zone C
7315,1392,clench bolt,near complete,light verdigris,TRUE,9,5,5,19,11,irreg/other,flat (irreg),rolled,5,FALSE,,2,possibly not a clench bolt - roves fragmented.,FALSE,S5.2,1740,1760,1740-1760,1720-1780,Bishops Dining Room
8606,1449,clench bolt,complete,light verdigris,FALSE,21,10,8,25,8,diamond,flat (irreg),rolled,13,FALSE,4,4.48,,FALSE,S5.2,1740,1760,1740-1760,1720-1780,Bishops Dining Room
7378,1525,clench bolt,fragment,light verdigris,TRUE,9,5,5,15,11,irreg/other,flat (irreg),rolled,6,FALSE,,1.97,wood in the middle,FALSE,S18.7,1770,1790,1770-1790,1750-1810,Pantry
7401,1616,clench bolt,near complete,heavy verdigris,TRUE,14,10,8,25,13,diamond,flat (irreg),rolled,9,FALSE,4,3.46,,FALSE,S18.7,1770,1790,1770-1790,1750-1810,Pantry
18851,1944,clench bolt,near complete,heavy verdigris,FALSE,22,14,10,34,18,diamond,flat (irreg),rolled,11,FALSE,6,6.38,very substantial rivet: length of rove measured including rove fragment in bag,FALSE,S17.7,1770,1790,1770-1790,1750-1810,Meat Store
18348,1945,clench bolt,near complete,moderate verdigris,FALSE,10,4,4,9,8,irreg/other,flat (irreg),rolled,7,FALSE,3,0.73,,FALSE,S17.7,1770,1790,1770-1790,1750-1810,Meat Store
14958,1968,clench bolt,complete,light verdigris,TRUE,11,12,8,21,13,diamond,flat (irreg),rolled,9,FALSE,4,3.15,,FALSE,S18.5,1740,1760,1740-1760,1720-1780,Pantry
10209,2016,clench bolt,near complete,light verdigris,TRUE,18,11,6,21,18,irreg/other,flat (irreg),rolled,14,FALSE,4,6.21,half of rove broken off,FALSE,MC.1,1650,1700,1650-1700,1630-1720,Midden Zone C
10209,2016,clench bolt,complete,light verdigris,TRUE,8,8,4,11,8,irreg/other,flat (irreg),rolled,5,FALSE,3,0.88,octagonal rove,FALSE,MC.1,1650,1700,1650-1700,1630-1720,Midden Zone C
10251,2174,clench bolt,near complete,light verdigris,TRUE,18,15,5,16,17,irreg/other,flat (irreg),rolled,10,FALSE,4,5.41,octagonal rove,FALSE,C.2-3,1720,1850,1720-1850,1720-1870,Courtyard
10255,2181,clench bolt,complete,light verdigris,TRUE,10,5,5,32,8,diamond,flat (irreg),rolled,7,FALSE,3,3.45,,FALSE,S18.4,1700,1740,1700-1740,1690-1750,Pantry
10264,2200,clench bolt,near complete,light verdigris,FALSE,9,9,6,14,15,diamond,flat (irreg),rolled,3,FALSE,4,1.61,40% of rove not present;,FALSE,S18.4,1700,1740,1700-1740,1690-1750,Pantry
10264,2200,clench bolt,near complete,moderate verdigris,TRUE,9,9,6,12,15,diamond,flat (irreg),rolled,3,FALSE,3,1.61,half of rove absent,FALSE,S18.4,1700,1740,1700-1740,1690-1750,Pantry
10268,2215,clench bolt,near complete,moderate verdigris,TRUE,9,11,8,21,18,diamond,domed,rolled,2,FALSE,2,3.15,rove appears to be diamond shape  but clench bolt has a square base side rove measuring 8x6mm,FALSE,S5.2,1740,1760,1740-1760,1720-1780,Bishops Dining Room
10283,2251,clench bolt,complete,light verdigris,TRUE,20,16,6,54,15,diamond,flat (irreg),rolled,13,FALSE,5,12.62,sqare sectioned substantial rivet,FALSE,S18.4,1700,1740,1700-1740,1690-1750,Pantry
10317,2367,clench bolt,complete,light verdigris,TRUE,,,,40,15,,,rolled,,FALSE,,7.09,2 rivets attached unmeasured.,FALSE,S18.3,1690,1700,1690-1700,1690-1720,Pantry
10317,2367,clench bolt,complete,light verdigris,TRUE,10,5,5,11,10,square,flat (irreg),rolled,6,FALSE,3,1.39,,FALSE,S18.3,1690,1700,1690-1700,1690-1720,Pantry
10347,2421,clench bolt,near complete,moderate verdigris,FALSE,15,8,7,15,10,irreg/other,flat (irreg),rolled,11,FALSE,4,1.86,,FALSE,S18.2,1680,1690,1680-1690,1660-1690,Pantry
10354,2425,clench bolt,complete,light verdigris,TRUE,13,9,6,35,17,diamond,flat (irreg),rolled,10,FALSE,4,3.61,,FALSE,S23.2,,1720,1720,1690-1720,Bishops Living Quarters
14954,2668,clench bolt,near complete,moderate verdigris,FALSE,16,8,,18,18,irreg/other,flat (irreg),forged,8,FALSE,3,3.68,substantial square sectioned rivet with no base head but fragmented rove,FALSE,S17.4,1710,1720,1710-1720,1690-1720,Meat Store
13866,2752,clench bolt,near complete,light verdigris,TRUE,9,8,4,11,11,square,flat (irreg),rolled,6,FALSE,3,1.25,; rove outlines unclear,FALSE,S25.1,1670,1710,1670-1710,1660-1720,Boys Lodge (servants?)
17026,2788,clench bolt,near complete,light verdigris,TRUE,12,,9,18,11,square,flat (square),rolled,,FALSE,3,1.34,rivet bent and rivet head as well bends to one side,FALSE,S25.2,1710,1720,1710-1720,1690-1720,Boys Lodge (servants?)
17025,2918,clench bolt,complete,light verdigris,TRUE,21,10,5,23,22,diamond,flat (irreg),forged,15,FALSE,5,6.27,square sectioned substantial rivet,FALSE,S17.2,1690,1700,1690-1700,1690-1720,Meat Store
17022,2919,clench bolt,near complete,light verdigris,FALSE,15,,,16,6,diamond,,rolled,6,FALSE,3,2.53,,FALSE,S17.2,1690,1700,1690-1700,1690-1720,Meat Store
13786,2937,clench bolt,near complete,light verdigris,TRUE,13,7,5,27,15,diamond,flat (irreg),rolled,8,FALSE,3,2.24,,FALSE,S17.2,1690,1700,1690-1700,1690-1720,Meat Store
17009,2974,clench bolt,near complete,moderate verdigris,FALSE,10,5,6,10,8,irreg/other,flat (irreg),rolled,7,FALSE,3,0.81,possibly previously attached to ID 185,FALSE,S17.1,1670,1690,1670-1690,1660-1690,Meat Store
17027,2980,clench bolt,near complete,light verdigris,TRUE,19,10,8,18,14,diamond,flat (irreg),rolled,16,FALSE,3,1.96,,FALSE,S17.1,1670,1690,1670-1690,1660-1690,Meat Store
17021,2982,clench bolt,near complete,heavy verdigris,FALSE,10,7,6,12,11,irreg/other,flat (irreg),rolled,5,FALSE,4,1.8,rove outlines indiscernible,FALSE,S17.1,1670,1690,1670-1690,1660-1690,Meat Store
17008,2993,clench bolt,fragment,moderate verdigris,FALSE,4,4,4,6,5,diamond,flat (irreg),rolled,3,FALSE,3,0.4,part of rove absent,FALSE,S17.1,1670,1690,1670-1690,1660-1690,Meat Store
17007,3004,clench bolt,fragment,heavy verdigris,FALSE,9,8,6,15,11,irreg/other,flat (irreg),rolled,6,FALSE,5,1.5,wood attached,FALSE,S17.1,1670,1690,1670-1690,1660-1690,Meat Store
7306,1388,clench bolt,near complete,heavy,FALSE,,,,,,,,,6,FALSE,,1.3,small bolt with wood sandwiched in between 2 roves and a rivet; very corroded,FALSE,S19.3,1790,1830,1790-1830,1780-1840,School Refectory
523,1,nail,complete,light verdigris,FALSE,41,13,,,,,flat (irreg),forged,,FALSE,4,3.18,square shaped shaft not rolled,FALSE,LH,,1958,1958,1930-1960,Levelling Horizon
523,1,nail,complete,moderate verdigris,FALSE,33,5,,,,,flat (irreg),rolled,,FALSE,4,1.02,,FALSE,LH,,1958,1958,1930-1960,Levelling Horizon
528,1,nail,near complete,moderate verdigris,FALSE,80,8,,,,,flat (irreg),rolled,,FALSE,4,27.51,iron nail with a folded copper sheet attached that measures 64x34,FALSE,LH,,1958,1958,1930-1960,Levelling Horizon
1034,1,nail,complete,light verdigris,FALSE,14,4,,,,,flat (irreg),rolled,,FALSE,2,0.19,,FALSE,LH,,1958,1958,1930-1960,Levelling Horizon
1034,1,nail,near complete,moderate verdigris,FALSE,14,8,,,,,domed,forged,,FALSE,5,0.93,square sectioned,FALSE,LH,,1958,1958,1930-1960,Levelling Horizon
1034,1,nail,complete,light verdigris,FALSE,29,4,,,,,flat (irreg),rolled,,FALSE,3,0.93,,FALSE,LH,,1958,1958,1930-1960,Levelling Horizon
1095,1,nail,complete,light verdigris,FALSE,41,11,,,,,flat (irreg),rolled,,FALSE,4,2.8,,FALSE,LH,,1958,1958,1930-1960,Levelling Horizon
531,8,nail,complete,moderate verdigris,FALSE,26,10,,,,,flat (irreg),rolled,,FALSE,3,1.53,head bent to one side; possibly not a nail,FALSE,T1.2,1984,1986,1984-1986,1960-1990,Guðmundur Ólafsson Excavation
531,8,nail,near complete,light verdigris,FALSE,26,6,,,,,flat (irreg),rolled,,FALSE,5,1.24,head bends to one side; possibly not a nail,FALSE,T1.2,1984,1986,1984-1986,1960-1990,Guðmundur Ólafsson Excavation
536,27,nail,complete,light verdigris,TRUE,26,6,,,,,flat (irreg),rolled,,FALSE,4,1.23,,FALSE,S33.1,1880,1952,1880-1952,1870-1960,Stables
536,27,nail,near complete,light verdigris,TRUE,10,,,,,,,rolled,,FALSE,3,0.19,head absent; possibly a lace tag,FALSE,S33.1,1880,1952,1880-1952,1870-1960,Stables
1001,29,nail,fragment,light verdigris,FALSE,9,,,,,,,rolled,,FALSE,1,0.05,shaft fragment,FALSE,S20.6,,1790,1790,1780-1810,School Dormitory
540,35,nail,near complete,light verdigris,TRUE,20,8,,,,,flat (irreg),forged,,FALSE,4,2.4,square sectioned shaft - half of it absent.,FALSE,LH,,1958,1958,1930-1960,Levelling Horizon
972,38,nail,near complete,moderate verdigris,FALSE,13,5,,,,,flat (irreg),rolled,,FALSE,4,0.21,,FALSE,S32.1,1850,1890,1850-1890,1840-1900,Forge
19358,77,nail,complete,moderate verdigris,TRUE,12,10,,,,,domed,rolled,,FALSE,3,1.36,half of head absent,FALSE,S8.3,1800,1850,1800-1850,1780-1870,Nursery/Private Chambers
560,86,nail,near complete,moderate verdigris,TRUE,24,,,,,,,rolled,,FALSE,6,1.03,head absent; whole shaft is flattened,FALSE,S4.6,,1890,1890,1870-1900,Pantry/Kitchen
568,95,nail,fragment,moderate verdigris,FALSE,20,,,,,,,rolled,,FALSE,2,0.34,head absent; wood attached,FALSE,S20.4,1750,1770,1750-1770,1750-1780,School Dormitory
568,95,nail,complete,light verdigris,FALSE,16,5,,,,,flat (irreg),rolled,,FALSE,4,0.66,wood attached,FALSE,S20.4,1750,1770,1750-1770,1750-1780,School Dormitory
573,125,nail,complete,moderate verdigris,FALSE,22,5,,,,,flat (irreg),rolled,,FALSE,3,0.56,,FALSE,S21.4,1770,1790,1770-1790,1750-1810,School Room
577,149,nail,fragment,light verdigris,FALSE,6,,,,,,,rolled,,FALSE,3,0.04,shaft fragment,FALSE,S21.3,1750,1770,1750-1770,1750-1780,School Room
577,149,nail,fragment,light verdigris,FALSE,,4,,,,,flat (irreg),rolled,,FALSE,,0.03,head fragm,FALSE,S21.3,1750,1770,1750-1770,1750-1780,School Room
1062,166,nail,complete,moderate verdigris,TRUE,16,9,,,,,domed,forged,,FALSE,3,2.43,square sectioned shaft,FALSE,S9.2,1800,1880,1800-1880,1780-1900,Living Quarters
1062,166,nail,complete,light verdigris,TRUE,15,9,,,,,domed,forged,,FALSE,4,2.43,sqare sectioned shaft,FALSE,S9.2,1800,1880,1800-1880,1780-1900,Living Quarters
3557,166,nail,complete,moderate verdigris,FALSE,21,7,,,,,,rolled,,FALSE,3,0.45,,FALSE,S9.2,1800,1880,1800-1880,1780-1900,Living Quarters
1152,182,nail,near complete,light verdigris,FALSE,28,3,,,,,flat (irreg),forged,,FALSE,3,1.01,square sectioned,FALSE,S32.1,1850,1890,1850-1890,1840-1900,Forge
3555,237,nail,fragment,moderate verdigris,FALSE,6,6,,,,,flat (irreg),rolled,,FALSE,2,0.18,part of shaft missing; possibly a rivet,FALSE,S8.3,1800,1850,1800-1850,1780-1870,Nursery/Private Chambers
18998,242,nail,fragment,heavy verdigris,FALSE,9,5,,,,,flat (irreg),rolled,,FALSE,4,0.44,part of shaft absent; possibly a rivet,FALSE,S4.6,,1890,1890,1870-1900,Pantry/Kitchen
1472,276,nail,near complete,heavy verdigris,FALSE,43,12,,,,,flat (irreg),rolled,,FALSE,6,3.01,,FALSE,S11.3,1730,1740,1730-1740,1720-1750,Priests Living Quarters
1457,310,nail,fragment,moderate verdigris,FALSE,4,10,,,,,flat (irreg),rolled,,FALSE,3,0.45,most of shaft absent,FALSE,S8.3,1800,1850,1800-1850,1780-1870,Nursery/Private Chambers
1619,334,nail,complete,moderate verdigris,FALSE,11,5,,,,,flat (irreg),rolled,,FALSE,3,0.27,possibly a rivet,FALSE,S8.2,1750,1800,1750-1800,1750-1810,Nursery/Private Chambers
19169,347,nail,near complete,light verdigris,FALSE,25,8,,,,,domed,rolled,,FALSE,3,1.1,textile attached,FALSE,S10.4,1800,1880,1800-1880,1780-1900,Kitchen
4675,409,nail,complete,light verdigris,TRUE,64,,,,,,,rolled,,FALSE,5,2.73,"head absent, shaft flattens towards head's end",FALSE,MC.1,1650,1700,1650-1700,1630-1720,Midden Zone C
2211,453,nail,complete,light verdigris,FALSE,37,7,,,,,flat (irreg),rolled,,FALSE,4,2.28,,FALSE,MC.1,1650,1700,1650-1700,1630-1720,Midden Zone C
3063,454,nail,complete,light verdigris,FALSE,38,10,,,,,flat (irreg),rolled,,FALSE,3,2.45,,FALSE,MC.1,1650,1700,1650-1700,1630-1720,Midden Zone C
2303,457,nail,near complete,moderate verdigris,FALSE,31,10,,,,,flat (irreg),rolled,,FALSE,5,4.8,possibly a rivet,FALSE,MC.1,1650,1700,1650-1700,1630-1720,Midden Zone C
2925,459,nail,complete,light verdigris,FALSE,23,4,,,,,flat (irreg),rolled,,FALSE,3,0.65,,FALSE,MC.1,1650,1700,1650-1700,1630-1720,Midden Zone C
2925,459,nail,near complete,light verdigris,FALSE,13,3,,,,,flat (irreg),rolled,,FALSE,3,0.25,,FALSE,MC.1,1650,1700,1650-1700,1630-1720,Midden Zone C
3030,595,nail,near complete,light verdigris,FALSE,18,,,,,,,rolled,,FALSE,3,0.72,nail shaft; only a fragment of the head present,FALSE,MC.1,1650,1700,1650-1700,1630-1720,Midden Zone C
3050,595,nail,complete,moderate verdigris,FALSE,16,7,,,,,flat (irreg),rolled,,FALSE,4,1.46,,FALSE,MC.1,1650,1700,1650-1700,1630-1720,Midden Zone C
3050,595,nail,near complete,moderate verdigris,FALSE,19,,,,,,,rolled,,FALSE,4,0.17,head absent,FALSE,MC.1,1650,1700,1650-1700,1630-1720,Midden Zone C
3050,595,nail,near complete,light verdigris,FALSE,10,2,,,,,,rolled,,FALSE,2,0.15,tiny nail / rivet,FALSE,MC.1,1650,1700,1650-1700,1630-1720,Midden Zone C
3050,595,nail,fragment,moderate verdigris,FALSE,6,2,,,,,flat (irreg),rolled,,FALSE,,1,fragment of a tiny nail / rivet,FALSE,MC.1,1650,1700,1650-1700,1630-1720,Midden Zone C
3050,595,nail,complete,light verdigris,FALSE,26,6,,,,,flat (irreg),rolled,,FALSE,4,1.45,shaft partly flattened (to create a sharper edge?),FALSE,MC.1,1650,1700,1650-1700,1630-1720,Midden Zone C
3059,596,nail,complete,light verdigris,FALSE,11,4,,,,,flat (irreg),rolled,,FALSE,2,0.11,small bent nail,FALSE,MC.1,1650,1700,1650-1700,1630-1720,Midden Zone C
3059,596,nail,fragment,light verdigris,FALSE,,3,,,,,flat (irreg),rolled,,FALSE,,0.03,shaft absent,FALSE,MC.1,1650,1700,1650-1700,1630-1720,Midden Zone C
3059,596,nail,fragment,light verdigris,FALSE,29,,,,,,,rolled,,FALSE,2,0.72,head absent,FALSE,MC.1,1650,1700,1650-1700,1630-1720,Midden Zone C
2975,646,nail,complete,heavy verdigris,FALSE,22,16,,,,,domed,rolled,,FALSE,3,2.56,,FALSE,S13.3,1800,1830,1800-1830,1780-1840,Main Corridor
3588,856,nail,near complete,light verdigris,TRUE,8,8,,,,,domed,rolled,,FALSE,2,0.37,either part of shaft is absent or it's really short,FALSE,S4.5,1840,1890,1840-1890,1840-1900,Pantry/Kitchen
3632,930,nail,complete,light verdigris,TRUE,22,8,,,,,flat (irreg),rolled,,FALSE,1,0.69,,FALSE,S22.2,1700,1730,1700-1730,1690-1750,Assistant Teachers Quarters
18307,955,nail,fragment,moderate verdigris,FALSE,,5,,,,,flat (irreg),rolled,,FALSE,,0.09,head fragm,FALSE,S5.3,1760,1780,1760-1780,1750-1780,Bishops Dining Room
3576,988,nail,near complete,light verdigris,TRUE,11,9,,,,,domed,rolled,,FALSE,3,1.29,end of shaft absent,FALSE,S30.1,1670,1720,1670-1720,1660-1720,School Master's House
3703,988,nail,complete,light verdigris,TRUE,29,6,,,,,flat (irreg),rolled,,FALSE,4,1.65,made by folding of copper sheet,FALSE,S30.1,1670,1720,1670-1720,1660-1720,School Master's House
3703,988,nail,complete,moderate verdigris,FALSE,32,6,,,,,flat (irreg),forged,,FALSE,3,1.46,square sectioned shaft with ripples,FALSE,S30.1,1670,1720,1670-1720,1660-1720,School Master's House
3726,988,nail,fragment,light verdigris,TRUE,,13,,,,,domed,rolled,,FALSE,,0.26,possibly a flattened head of a mount - shaft missing,FALSE,S30.1,1670,1720,1670-1720,1660-1720,School Master's House
3575,1022,nail,complete,light verdigris,TRUE,50,23,,,,,flat (irreg),forged,,FALSE,8,10.11,square shaped section; wood attached,FALSE,S21.1,1650,1690,1650-1690,1630-1690,School Room
3121,598,rivet,near complete,light verdigris,FALSE,30,10,,,,,flat (irreg),rolled,,FALSE,6,2.57,could also be  a nail,FALSE,S34.1,1880,1920,1880-1920,1870-1930,Silo Pit
4685,913,rivet,near complete,moderate verdigris,FALSE,23,13,,,,,flat (irreg),rolled,,FALSE,5,1.82,,FALSE,S21.1,1650,1690,1650-1690,1630-1690,School Room
3611,1009,rivet,complete,heavy verdigris,TRUE,23,11,,,,,flat (irreg),rolled,,FALSE,4,2.52,head bends off to one side; possibly not a rivet,FALSE,S21.1,1650,1690,1650-1690,1630-1690,School Room
3711,1035,rivet,fragment,heavy verdigris,FALSE,13,4,,,,,flat (irreg),rolled,,FALSE,3,1.01,,FALSE,S7.3,1800,1840,1800-1840,1780-1840,Vestibule & Corridor
4671,1144,rivet,fragment,moderate verdigris,TRUE,11,6,,,,,flat (irreg),rolled,,FALSE,2,0.3,shaft twisted,FALSE,MC.3,1750,1900,1750-1900,1750-1810,Midden Zone C
8720,1332,rivet,near complete,moderate verdigris,TRUE,19,6,,,,,flat (irreg),rolled,,FALSE,3,0.54,possibly a rivet,FALSE,S18.8,1790,1830,1790-1830,1780-1840,Midden
15590,1426,rivet,fragment,light verdigris,FALSE,8,,,,,,,rolled,,FALSE,4,0.14,shaft fragment,FALSE,S5.2,1740,1760,1740-1760,1720-1780,Bishops Dining Room
8725,1447,rivet,near complete,moderate verdigris,TRUE,20,23,,,,,flat (irreg),rolled,,FALSE,8,9.67,,FALSE,MC.1,1650,1700,1650-1700,1630-1720,Midden Zone C
7369,1509,rivet,fragment,light verdigris,TRUE,6,,,,,,,rolled,,FALSE,2,0.05,tiny shaft fragment that bends,FALSE,S11.1,1690,1720,1690-1720,1690-1720,Living Quarters
7425,1627,rivet,complete,light verdigris,TRUE,8,3,,,,,flat (irreg),rolled,,FALSE,2,0.46,w/ bent shaft,FALSE,S7.1,1720,1760,1720-1760,1720-1780,Vestibule & Corridor
7445,1641,rivet,fragment,light verdigris,TRUE,18,,,,,,,rolled,,FALSE,4,0.49,shaft fragm; possibly not a rivet,FALSE,S18.6,1760,1770,1760-1770,1750-1780,Pantry
7449,1646,rivet,near complete,light verdigris,TRUE,16,8,7,,,,flat (irreg),rolled,12,FALSE,4,1.09,base head has fallen off and might be from another artefact; use head_base and length between heads measurements with caution!,FALSE,C.2-3,1720,1850,1720-1850,1720-1870,Courtyard
7464,1679,rivet,near complete,light verdigris,TRUE,16,5,,,,,flat (irreg),rolled,,FALSE,4,0.85,,FALSE,S7.1,1720,1760,1720-1760,1720-1780,Vestibule & Corridor
10160,1774,rivet,fragment,light verdigris,FALSE,20,,,,,,,rolled,,FALSE,4,0.65,shaft end and head absent,FALSE,S5.1,1720,1740,1720-1740,1720-1750,Bishops Dining Room
10219,2060,rivet,near complete,light verdigris,TRUE,25,15,6,,,,flat (irreg),rolled,,FALSE,5,3.54,,FALSE,MC.1,1650,1700,1650-1700,1630-1720,Midden Zone C
10222,2089,rivet,complete,light verdigris,TRUE,16,8,,,,,flat (irreg),rolled,,FALSE,3,0.36,possibly a nail,FALSE,C.2-3,1720,1850,1720-1850,1720-1870,Courtyard
10234,2122,rivet,near complete,light verdigris,TRUE,11,7,4,,,,flat (irreg),rolled,9,FALSE,3,0.42,might go with ID 175 - separate in bag,FALSE,S17.7,1770,1790,1770-1790,1750-1810,Meat Store
10280,2240,rivet,complete,moderate verdigris,TRUE,20,4,,,,,flat (irreg),rolled,,FALSE,3,0.91,,FALSE,S18.4,1700,1740,1700-1740,1690-1750,Pantry
10334,2398,rivet,near complete,moderate verdigris,TRUE,8,8,,9,9,square,,forged,,FALSE,3,3.94,Square sectioned rivet with a rove,FALSE,S17.5,1720,1750,1720-1750,1720-1750,Meat Store
10363,2459,rivet,complete,light verdigris,TRUE,,,,41,13,diamond,,rolled,,FALSE,,2.69,rove has a decorative aspect towards each end - small protuding corners,FALSE,S8.1,1720,1750,1720-1750,1720-1750,Nursery
10385,2512,rivet,near complete,heavy verdigris,FALSE,10,9,,,,,flat (irreg),rolled,,FALSE,6,1.87,possibly something else (heavy verdigris),FALSE,S18.1,1670,1680,1670-1680,1660-1690,Pantry
15544,2542,rivet,near complete,light verdigris,TRUE,7,5,4,,,,flat (irreg),rolled,6,FALSE,3,0.56,,FALSE,S10.1,1700,1740,1700-1740,1690-1750,Kitchen
17019,2913,rivet,near complete,moderate verdigris,FALSE,13,5,,,,,flat (irreg),rolled,,FALSE,4,0.32,,FALSE,S17.2,1690,1700,1690-1700,1690-1720,Meat Store
13776,2971,rivet,near complete,light verdigris,TRUE,9,10,,,,,flat (irreg),rolled,,FALSE,4,1.22,part of shaft missing;,FALSE,S17.1,1670,1690,1670-1690,1660-1690,Meat Store
13773,2983,rivet,fragment,light verdigris,TRUE,10,9,,,,,flat (irreg),rolled,,FALSE,6,1.85,metal plate attached - possibly a clench bolt,FALSE,S17.1,1670,1690,1670-1690,1660-1690,Meat Store
14988,3010,rivet,complete,light verdigris,TRUE,22,12,,,,,flat (irreg),rolled,,FALSE,9,2.04,could be a nail;,FALSE,S17.1,1670,1690,1670-1690,1660-1690,Meat Store
1034,1,rove,fragment,moderate verdigris,FALSE,,,,32,26,diamond,,,,FALSE,,2.45,seems to be one half of a rove possibly with rivet attached,FALSE,LH,,1958,1958,1930-1960,Levelling Horizon
536,27,rove,complete,moderate verdigris,TRUE,,,,10,4,diamond,,,,FALSE,,0.06,,FALSE,S33.1,1880,1952,1880-1952,1870-1960,Stables
545,38,rove,near complete,light verdigris,TRUE,,,,29,6,diamond,,,,FALSE,,0.88,,FALSE,S32.1,1850,1890,1850-1890,1840-1900,Forge
3557,166,rove,complete,moderate verdigris,FALSE,,,,31,10,diamond,,,,FALSE,,1.01,,FALSE,S9.2,1800,1880,1800-1880,1780-1900,Living Quarters
1370,248,rove,near complete,moderate verdigris,FALSE,,,,14,15,square,,,,FALSE,,0.69,,TRUE,S5.5,1800,1830,1800-1830,1780-1840,Pantry/Study & Library
1370,248,rove,near complete,moderate verdigris,FALSE,,,,15,14,square,,,,FALSE,,0.7,,TRUE,S5.5,1800,1830,1800-1830,1780-1840,Pantry/Study & Library
4365,268,rove,complete,light verdigris,FALSE,,,,15,7,diamond,,,,FALSE,,0.35,wood seems to be attached to this tiny rove,FALSE,S5.4,1780,1800,1780-1800,1780-1810,Pantry/Study & Library
2293,455,rove,fragment,moderate verdigris,FALSE,,,,19,12,diamond,,,,FALSE,,0.6,half of rove present; rivet hole not visible so could be something else.,FALSE,MC.1,1650,1700,1650-1700,1630-1720,Midden Zone C
2300,457,rove,near complete,light verdigris,TRUE,,,,16,11,irreg/other,,,,FALSE,,0.61,shape like something between diamond and square; washer?,FALSE,MC.1,1650,1700,1650-1700,1630-1720,Midden Zone C
3059,596,rove,fragment,light verdigris,FALSE,,,,12,9,square,,,,FALSE,,0.52,half present,FALSE,MC.1,1650,1700,1650-1700,1630-1720,Midden Zone C
3059,596,rove,fragment,light verdigris,FALSE,,,,18,10,irreg/other,,,,FALSE,,0.56,folded together,FALSE,MC.1,1650,1700,1650-1700,1630-1720,Midden Zone C
19359,1450,rove,near complete,light verdigris,TRUE,,,,39,9,irreg/other,,,,FALSE,,0.94,triangle shaped,TRUE,S5.2,1740,1760,1740-1760,1720-1780,Bishops Dining Room
7370,1512,rove,fragment,moderate verdigris,TRUE,,,,24,13,diamond,,,,FALSE,,,looks like exactly one half of a diamond rove but might be some other kind of fastener.,FALSE,S5.1,1720,1740,1720-1740,1720-1750,Bishops Dining Room
7455,1654,rove,complete,moderate verdigris,TRUE,,,,27,15,diamond,,,,FALSE,,1.25,bent in one side,FALSE,S18.6,1760,1770,1760-1770,1750-1780,Pantry
7458,1675,rove,fragment,light verdigris,TRUE,,,,32,15,diamond,,,,FALSE,,1.28,,FALSE,S18.6,1760,1770,1760-1770,1750-1780,Pantry
10219,2060,rove,near complete,light verdigris,FALSE,,,,80,23,diamond,,,,FALSE,,9.21,2 fragments that go together. Possibly rivet 181 went with them.,FALSE,MC.1,1650,1700,1650-1700,1630-1720,Midden Zone C
10234,2122,rove,near complete,light verdigris,TRUE,,,,23,11,diamond,,,,FALSE,,1,might go with ID 174 - separate in bag,FALSE,S17.7,1770,1790,1770-1790,1750-1810,Meat Store
10244,2139,rove,fragment,moderate verdigris,TRUE,,,,31,21,diamond,,,,FALSE,,1.92,,FALSE,S18.4,1700,1740,1700-1740,1690-1750,Pantry
10281,2240,rove,complete,light verdigris,TRUE,,,,34,17,diamond,,,,FALSE,,1.62,,FALSE,S18.4,1700,1740,1700-1740,1690-1750,Pantry
10304,2319,rove,fragment,light verdigris,TRUE,,,,12,10,square,,,,FALSE,,0.54,possibly just a repair strap,FALSE,S18.3,1690,1700,1690-1700,1690-1720,Pantry
10307,2335,rove,near complete,moderate verdigris,FALSE,,,,18,14,square,,,,FALSE,,1.53,,FALSE,S6.1,1720,1760,1720-1760,1720-1780,Bishops Living Quarters
10315,2365,rove,complete,light verdigris,TRUE,,,,66,26,diamond,,,,FALSE,,6.51,,FALSE,S18.3,1690,1700,1690-1700,1690-1720,Pantry
10336,2408,rove,near complete,light verdigris,TRUE,,,,43,12,diamond,,,,FALSE,,1.8,,FALSE,S18.2,1680,1690,1680-1690,1660-1690,Pantry
10357,2437,rove,complete,light verdigris,TRUE,,,,21,7,diamond,,,,FALSE,,0.86,,FALSE,MC.1,1650,1700,1650-1700,1630-1720,Midden Zone C
16750,2644,rove,complete,light verdigris,TRUE,,,,16,15,circular,,,,FALSE,,0.59,washer?,FALSE,S25.2,1710,1720,1710-1720,1690-1720,Boys Lodge (servants?)
13858,2649,rove,near complete,light verdigris,TRUE,,,,26,24,circular,,,,FALSE,,3.53,washer?,FALSE,S25.2,1710,1720,1710-1720,1690-1720,Boys Lodge (servants?)
17024,2665,rove,near complete,light verdigris,FALSE,,,,22,13,diamond,,,,FALSE,,0.62,textile attached; rove-like shape might be due to preservation.,FALSE,S17.4,1710,1720,1710-1720,1690-1720,Meat Store
13791,2788,rove,complete,light verdigris,TRUE,,,,18,18,circular,,,,FALSE,,0.92,well made; washer?; part of some other kind of artefact?,TRUE,S25.2,1710,1720,1710-1720,1690-1720,Boys Lodge (servants?)
16726,2896,rove,near complete,light verdigris,TRUE,,,,26,24,irreg/other,,,,FALSE,,4.12,looks like it shouls have an octagonal shape; has curious scratch marks,FALSE,S17.2,1690,1700,1690-1700,1690-1720,Meat Store
13833,2910,rove,near complete,light verdigris,TRUE,,,,16,14,diamond,,,,FALSE,,0.88,one end broken off (length),FALSE,S17.2,1690,1700,1690-1700,1690-1720,Meat Store
13765,2949,rove,complete,light verdigris,TRUE,,,,21,18,diamond,,,,FALSE,,2.21,,FALSE,S23.1,1700,1720,1700-1720,1690-1720,Bishops Living Quarters
1062,166,staple,near complete,light verdigris,TRUE,19,14,,,,,,forged,9,FALSE,3,2.11,square sectioned; bent,FALSE,S9.2,1800,1880,1800-1880,1780-1900,Living Quarters
3705,1011,staple,fragment,light verdigris,FALSE,14,,,,,,,,9,FALSE,1,0.34,possibly a hook,FALSE,S22.1,1670,1700,1670-1700,1660-1720,Assistant Teachers Quarters
10187,1913,staple,near complete,light verdigris,FALSE,21,,,,,,,,5,FALSE,4,2.25,one end is twisted upwards and the other one seems to be missing it's pointed end,FALSE,S18.5,1740,1760,1740-1760,1720-1780,Pantry
10264,2200,staple,fragment,light verdigris,TRUE,15,,,,,,,forged,10,TRUE,3,0.86,sqare sectioned,FALSE,S18.4,1700,1740,1700-1740,1690-1750,Pantry
10323,2380,staple,fragment,moderate verdigris,TRUE,24,,,,,,,,,FALSE,4,0.95,one half of a staple; possibly something different,FALSE,S8.2,1750,1800,1750-1800,1750-1810,Nursery/Private Chambers
10328,2389,staple,complete,light verdigris,TRUE,33,,,,,,,forged,7,FALSE,3,2.87,square sectioned staple,FALSE,S18.2,1680,1690,1680-1690,1660-1690,Pantry
14990,2674,staple,near complete,moderate verdigris,FALSE,37,15,,,,,,,7,FALSE,4,3.55,one end broken at mid-length,FALSE,S25.2,1710,1720,1710-1720,1690-1720,Boys Lodge (servants?)
3753,967,staple,complete,moderate,FALSE,11,,,,,,,rolled,7,FALSE,,0.2,U-shaped staple made from rolled sheet; prob used as a catch for a small hasp/latch on a small box,FALSE,S5.3,1760,1780,1760-1780,1750-1780,Bishops Dining Room
522,1,strap,near complete,light verdigris,TRUE,,,,36,14,,,,,FALSE,,2.34,"seems to be two sheets, one bigger one smallar, attached at their ends",FALSE,LH,,1958,1958,1930-1960,Levelling Horizon
528,1,strap,fragment,light verdigris,FALSE,,,,128,101,,,,,FALSE,,47.2,large strap possibly part of some object like a vessel?,FALSE,LH,,1958,1958,1930-1960,Levelling Horizon
528,1,strap,fragment,light verdigris,FALSE,,,,68,22,,,,,FALSE,,2.55,,FALSE,LH,,1958,1958,1930-1960,Levelling Horizon
528,1,strap,fragment,light verdigris,FALSE,,,,29,20,,,,,FALSE,,1.17,possibly two rivet holes,FALSE,LH,,1958,1958,1930-1960,Levelling Horizon
528,1,strap,fragment,light verdigris,FALSE,,,,31,29,,,,,FALSE,,2.49,,FALSE,LH,,1958,1958,1930-1960,Levelling Horizon
528,1,strap,fragment,light verdigris,FALSE,,,,33,12,,,,,FALSE,,1.02,,FALSE,LH,,1958,1958,1930-1960,Levelling Horizon
19370,1,strap,fragment,light verdigris,FALSE,,,,,,,,,,FALSE,,28.21,7 fastening straps in various sizes,FALSE,LH,,1958,1958,1930-1960,Levelling Horizon
19374,1,strap,fragment,light verdigris,FALSE,,,,78,32,,,,,FALSE,,24.53,2 mm thick sheet,FALSE,LH,,1958,1958,1930-1960,Levelling Horizon
19374,1,strap,near complete,light verdigris,FALSE,,,,92,6,,,,,FALSE,,5.35,long strap with a bent end that forms a point,FALSE,LH,,1958,1958,1930-1960,Levelling Horizon
19375,1,strap,near complete,light verdigris,FALSE,,,,145,27,,,,,FALSE,,40.11,"tapering strap. Wide end has two rivets and there is one rivethole visible ca 40mm further towards the other end. Other end is folded but seems like it forks into two separate straps, having possibly joined again at some time to form a circle",FALSE,LH,,1958,1958,1930-1960,Levelling Horizon
19375,1,strap,near complete,light verdigris,FALSE,,,,,,,,,,FALSE,,7.02,three concentric straps with a large perforation and decoration in the middle. Some sort of fitting?; in two fragments,FALSE,LH,,1958,1958,1930-1960,Levelling Horizon
568,95,strap,fragment,moderate verdigris,FALSE,,,,18,29,,,,,FALSE,,6.47,"2-3mm thick, rivet attached; possibly a part of a vessel/vessel lid; similar to ID 43 in copper misc database",FALSE,S20.4,1750,1770,1750-1770,1750-1780,School Dormitory
576,143,strap,fragment,moderate verdigris,FALSE,,,,20,17,,,,,FALSE,,1.15,,FALSE,S21.3,1750,1770,1750-1770,1750-1780,School Room
576,143,strap,fragment,moderate verdigris,FALSE,,,,14,8,,,,,FALSE,,0.3,rolled up strap,FALSE,S21.3,1750,1770,1750-1770,1750-1780,School Room
5934,164,strap,fragment,light verdigris,FALSE,,,,76,10,,,,,FALSE,,7.75,fastening strap,FALSE,MA.2,1910,1930,1910-1930,1900-1930,Midden Zone A
1062,166,strap,fragment,light verdigris,TRUE,,,,49,14,,,,,FALSE,,5.74,thick fragment,FALSE,S9.2,1800,1880,1800-1880,1780-1900,Living Quarters
1152,182,strap,fragment,light verdigris,FALSE,,,,24,12,,,,,FALSE,,8.08,attached to a piece of mud with tiny iron bits in it = textile and again a heavy piece of copper,FALSE,S32.1,1850,1890,1850-1890,1840-1900,Forge
2202,252,strap,fragment,light verdigris,FALSE,,,,14,13,,,,,FALSE,,0.78,,FALSE,S5.5,1800,1830,1800-1830,1780-1840,Pantry/Study & Library
1678,348,strap,near complete,light verdigris,FALSE,,,,8,4,,,,,FALSE,,0.32,,FALSE,S8.2,1750,1800,1750-1800,1750-1810,Nursery/Private Chambers
2174,405,strap,complete,light verdigris,FALSE,,,,16,10,,,,,FALSE,,1.04,rather thick,FALSE,MC.1,1650,1700,1650-1700,1630-1720,Midden Zone C
2477,454,strap,near complete,light verdigris,FALSE,,,,31,4,,,,,FALSE,,0.53,,FALSE,MC.1,1650,1700,1650-1700,1630-1720,Midden Zone C
2925,459,strap,fragment,light verdigris,FALSE,,,,12,9,,,,,FALSE,,0.67,ends seem decorated with an outline,FALSE,MC.1,1650,1700,1650-1700,1630-1720,Midden Zone C
2925,459,strap,fragment,light verdigris,FALSE,,,,11,10,,,,,FALSE,,0.11,very thin,FALSE,MC.1,1650,1700,1650-1700,1630-1720,Midden Zone C
2925,459,strap,fragment,light verdigris,FALSE,,,,10,6,,,,,FALSE,,0.13,very thin sheet,FALSE,MC.1,1650,1700,1650-1700,1630-1720,Midden Zone C
2277,512,strap,fragment,moderate verdigris,FALSE,,,,33,9,,,,,FALSE,,0.59,,FALSE,S5.4,1780,1800,1780-1800,1780-1810,Pantry/Study & Library
2955,591,strap,near complete,light verdigris,FALSE,,,,11,7,,,,,FALSE,,0.29,,FALSE,MC.1,1650,1700,1650-1700,1630-1720,Midden Zone C
4686,591,strap,fragment,light verdigris,TRUE,,,,34,6,,,,,FALSE,,4.01,strap with differential thickness and bends as it would seem purposefully outwards as it thickens. Thinnest part has half of a hole for a rivet/nail visible,FALSE,MC.1,1650,1700,1650-1700,1630-1720,Midden Zone C
2961,592,strap,fragment,moderate verdigris,FALSE,,,,25,13,,,,,FALSE,,1.98,triangle shaped rather thick fragment,FALSE,MC.1,1650,1700,1650-1700,1630-1720,Midden Zone C
2963,592,strap,fragment,light verdigris,TRUE,,,,20,5,,,,,FALSE,,0.34,"in two fragments; has a rivet hole at one end, other end is slightly tapering",FALSE,MC.1,1650,1700,1650-1700,1630-1720,Midden Zone C
2964,592,strap,fragment,light verdigris,FALSE,,,,28,9,,,,,FALSE,,3.25,irregularly rolled up rather thick copper sheet; leftovers?,FALSE,MC.1,1650,1700,1650-1700,1630-1720,Midden Zone C
19355,595,strap,fragment,moderate verdigris,FALSE,,,,16,10,,,,,FALSE,,0.34,diamond shaped fragment,FALSE,MC.1,1650,1700,1650-1700,1630-1720,Midden Zone C
3059,596,strap,fragment,moderate verdigris,FALSE,,,,44,14,,,,,FALSE,,8.08,thick bent fragment,FALSE,MC.1,1650,1700,1650-1700,1630-1720,Midden Zone C
3121,598,strap,fragment,light verdigris,FALSE,,,,41,5,,,,,FALSE,,0.9,with possible one half of a rivet hole at tip,FALSE,S34.1,1880,1920,1880-1920,1870-1930,Silo Pit
3094,703,strap,fragment,light verdigris,FALSE,,,,20,10,,,,,FALSE,,0.85,triangular shaped,FALSE,MC.1,1650,1700,1650-1700,1630-1720,Midden Zone C
3094,703,strap,fragment,light verdigris,FALSE,,,,31,7,,,,,FALSE,,0.36,triangle shaped,FALSE,MC.1,1650,1700,1650-1700,1630-1720,Midden Zone C
3094,703,strap,near complete,,FALSE,,,,,1,,,,,FALSE,,,rolled up strap with tapered ends,FALSE,MC.1,1650,1700,1650-1700,1630-1720,Midden Zone C
3094,703,strap,fragment,moderate verdigris,FALSE,,,,61,10,,,,,FALSE,,3.34,,FALSE,MC.1,1650,1700,1650-1700,1630-1720,Midden Zone C
3167,711,strap,fragment,moderate verdigris,FALSE,,,,26,14,,,,,FALSE,,0.63,very fragmented; double sheet with some sort of copper thread/wire between them,FALSE,S4.2,1760,1780,1760-1780,1750-1780,Lodge/Dining Room & Chambers
3633,860,strap,fragment,light verdigris,TRUE,,,,90,9,,,,,FALSE,,3.76,,FALSE,C.4,1850,1890,1850-1890,1840-1900,Courtyard
4676,933,strap,fragment,light verdigris,TRUE,,,,23,18,,,,,FALSE,,1.36,,FALSE,S4.1,1720,1760,1720-1760,1720-1780,Lodge/Dining Room & Chambers
3646,945,strap,fragment,light verdigris,TRUE,,,,36,5,,,,,FALSE,,0.77,half a rivet hole visible,FALSE,S21.2,1690,1750,1690-1750,1690-1750,School Room
9237,956,strap,near complete,light verdigris,TRUE,,,,24,2,,,,,FALSE,,0.16,some wood seems to be attached,FALSE,S5.3,1760,1780,1760-1780,1750-1780,Bishops Dining Room
3762,963,strap,near complete,light verdigris,TRUE,,,,26,3,,,,,FALSE,,1.01,bends into a half-circle,FALSE,S5.3,1760,1780,1760-1780,1750-1780,Bishops Dining Room
3726,988,strap,near complete,light verdigris,TRUE,,,,40,3,,,,,FALSE,,0.41,,FALSE,S30.1,1670,1720,1670-1720,1660-1720,School Master's House
3694,1034,strap,fragment,light verdigris,TRUE,,,,52,13,,,,,FALSE,,1.81,,FALSE,S13.2,1750,1800,1750-1800,1750-1810,Main Corridor
3698,1035,strap,fragment,moderate verdigris,FALSE,,,,15,6,,,,,FALSE,,0.36,"two fragments; badly preserved; textile attached; weighed together, larger one measured",FALSE,S7.3,1800,1840,1800-1840,1780-1840,Vestibule & Corridor
3711,1035,strap,fragment,light verdigris,FALSE,,,,36,9,,,,,FALSE,,0.38,very thin sheet with wood attached to it; a piece of the wood has chipped off and is free floating in the bag,FALSE,S7.3,1800,1840,1800-1840,1780-1840,Vestibule & Corridor
3779,1208,strap,fragment,light verdigris,TRUE,,,,33,24,,,,,FALSE,,1.79,"has a purposefully made narrow, long hole probably made for something to go through that was more like a strap than a nail/rivet",FALSE,S3.1,1760,1890,1760-1890,1750-1900,Pantry/Stores
18970,1245,strap,fragment,light verdigris,FALSE,,,,12,8,,,,,FALSE,,0.1,,FALSE,S35.2,,1958,1958,1930-1960,Western Farmhouse
18137,1309,strap,fragment,light verdigris,TRUE,,,,10,8,,,,,FALSE,,0.13,ID 261-264 probably fragments of one sheet,FALSE,MC.2,1700,1750,1700-1750,1690-1750,Midden Zone C
18137,1309,strap,fragment,light verdigris,FALSE,,,,3,2,,,,,FALSE,,0.02,ID 261-264 probably fragments of one sheet,FALSE,MC.2,1700,1750,1700-1750,1690-1750,Midden Zone C
7288,1348,strap,fragment,light verdigris,TRUE,,,,53,16,,,,,FALSE,,3.02,,FALSE,S5.2,1740,1760,1740-1760,1720-1780,Bishops Dining Room
7300,1362,strap,fragment,light verdigris,TRUE,,,,14,12,,,,,FALSE,,0.34,,FALSE,S18.8,1790,1830,1790-1830,1780-1840,Midden
7300,1362,strap,,,TRUE,,,,11,2,,,,,FALSE,,0.07,,FALSE,S18.8,1790,1830,1790-1830,1780-1840,Midden
7300,1362,strap,,,TRUE,,,,14,9,,,,,FALSE,,0.22,,FALSE,S18.8,1790,1830,1790-1830,1780-1840,Midden
7308,1390,strap,complete,light verdigris,TRUE,,,,25,20,,,,,FALSE,,5.38,bent on each long side; unbent length closer to 45,FALSE,S5.2,1740,1760,1740-1760,1720-1780,Bishops Dining Room
7311,1391,strap,fragment,light verdigris,TRUE,,,,10,3,,,,,FALSE,,0.12,bent in a half circle; might be part of something like a copper lid?,FALSE,S5.2,1740,1760,1740-1760,1720-1780,Bishops Dining Room
7321,1412,strap,fragment,light verdigris,TRUE,,,,11,6,,,,,FALSE,,0.16,strap with one hole for a rivet,FALSE,S18.8,1790,1830,1790-1830,1780-1840,Midden
7369,1509,strap,fragment,light verdigris,TRUE,,,,23,12,,,,,FALSE,,0.65,folded,FALSE,S11.1,1690,1720,1690-1720,1690-1720,Living Quarters
7369,1509,strap,fragment,light verdigris,TRUE,,,,8,5,,,,,FALSE,,0.08,"some sort of copper wire or band stamped into it, or textile?",FALSE,S11.1,1690,1720,1690-1720,1690-1720,Living Quarters
7404,1627,strap,fragment,light verdigris,TRUE,,,,39,10,,,,,FALSE,,0.74,,FALSE,S7.1,1720,1760,1720-1760,1720-1780,Vestibule & Corridor
7446,1641,strap,fragment,light verdigris,TRUE,,,,10,9,,,,,FALSE,,0.39,,FALSE,S18.6,1760,1770,1760-1770,1750-1780,Pantry
7468,1690,strap,complete,light verdigris,TRUE,,,,147,3,,,,,FALSE,,2.43,long slim strip,FALSE,S7.2,1760,1800,1760-1800,1750-1810,Vestibule & Corridor
10157,1744,strap,fragment,light verdigris,TRUE,,,,46,5,,,,,FALSE,,0.71,,FALSE,C.3,1830,1850,1830-1850,1810-1870,Courtyard
10172,1855,strap,,,FALSE,,,,14,12,,,,,FALSE,,0.52,thin sheet folded together; may have one rivet attached but possibly just a weird folding.,FALSE,C.3,1830,1850,1830-1850,1810-1870,Courtyard
10182,1907,strap,fragment,light verdigris,TRUE,,,,51,16,,,,,FALSE,,3.16,,FALSE,MC.1,1650,1700,1650-1700,1630-1720,Midden Zone C
10196,1935,strap,near complete,moderate verdigris,TRUE,,,,75,8,,,,,FALSE,,3.01,,FALSE,MC.1,1650,1700,1650-1700,1630-1720,Midden Zone C
10196,1935,strap,fragment,moderate verdigris,TRUE,,,,18,15,,,,,FALSE,,1.01,,FALSE,MC.1,1650,1700,1650-1700,1630-1720,Midden Zone C
10202,1960,strap,near complete,light verdigris,TRUE,,,,26,15,,,,,FALSE,,1.42,strap has a big hole on one side that might represent a keyhole fragment.,FALSE,S18.5,1740,1760,1740-1760,1720-1780,Pantry
10215,2048,strap,fragment,light verdigris,TRUE,,,,45,33,,,,,FALSE,,7.46,sheet with perforations possibly from rivets and another smaller fragment,FALSE,MC.1,1650,1700,1650-1700,1630-1720,Midden Zone C
10218,2050,strap,fragment,light verdigris,TRUE,,,,21,9,,,,,FALSE,,6.22,"thick, has possible signs of a rivet hole at end",FALSE,MC.1,1650,1700,1650-1700,1630-1720,Midden Zone C
10229,2116,strap,fragment,light verdigris,TRUE,,,,24,12,,,,,FALSE,,1.51,,FALSE,MC.1,1650,1700,1650-1700,1630-1720,Midden Zone C
10238,2129,strap,fragment,moderate verdigris,FALSE,,,,7,4,,,,,FALSE,,0.12,tiny strap fragment,FALSE,S18.4,1700,1740,1700-1740,1690-1750,Pantry
10242,2135,strap,near complete,light verdigris,TRUE,,,,40,7,,,,,FALSE,,3.41,"flat strap with a 90° bend, stretches to both ends; it's folded into circles: Hinge pivot?",FALSE,MC.1,1650,1700,1650-1700,1630-1720,Midden Zone C
10256,2181,strap,fragment,light verdigris,TRUE,,,,49,4,,,,,FALSE,,0.82,,FALSE,S18.4,1700,1740,1700-1740,1690-1750,Pantry
10278,2238,strap,fragment,light verdigris,TRUE,,,,30,5,,,,,FALSE,,1.86,"folded to form two circles, like a ""B"", on purpose or not. Unfolded length something like 90mm",FALSE,S10.1,1700,1740,1700-1740,1690-1750,Kitchen
10292,2275,strap,fragment,light verdigris,TRUE,,,,27,19,,,,,FALSE,,1.55,,FALSE,S6.4,,1890,1890,1870-1900,Millers Workshop
10293,2279,strap,fragment,light verdigris,TRUE,,,,15,10,,,,,FALSE,,0.54,possible hole for rivet visible,FALSE,C.3,1830,1850,1830-1850,1810-1870,Courtyard
18315,2308,strap,fragment,light verdigris,FALSE,,,,12,6,,,,,FALSE,,0.26,originally a double sheet?,FALSE,S18.3,1690,1700,1690-1700,1690-1720,Pantry
10308,2338,strap,fragment,light verdigris,TRUE,,,,18,11,,,,,FALSE,,0.6,weird double bulging sheet,FALSE,S18.3,1690,1700,1690-1700,1690-1720,Pantry
10310,2346,strap,fragment,light verdigris,TRUE,,,,15,2,,,,,FALSE,,0.36,"folded into a ""9""; unfolded length close to 30mm",FALSE,S31.1,1650,1700,1650-1700,1660-1690,Bishops Former Living Quarters
10311,2347,strap,fragment,light verdigris,TRUE,,,,29,5,,,,,FALSE,,0.49,,FALSE,S6.1,1720,1760,1720-1760,1720-1780,Bishops Living Quarters
10320,2380,strap,near complete,light verdigris,TRUE,,,,33,11,,,,,FALSE,,3.56,could be a rove but it's missing a rivet hole; possibly a thick staple? Bent to each end.,FALSE,S8.2,1750,1800,1750-1800,1750-1810,Nursery/Private Chambers
10334,2398,strap,fragment,light verdigris,TRUE,,,,46,12,,,,,FALSE,,1.98,looks like someone began cutting a piece out of it and then stopped,FALSE,S17.5,1720,1750,1720-1750,1720-1750,Meat Store
10337,2411,strap,fragment,light verdigris,TRUE,,,,28,14,,,,,FALSE,,0.89,in three fragments with one rivethole,FALSE,MC.1,1650,1700,1650-1700,1630-1720,Midden Zone C
10343,2415,strap,near complete,light verdigris,TRUE,,,,31,6,,,,,FALSE,,0.85,two rivet holes,FALSE,MC.1,1650,1700,1650-1700,1630-1720,Midden Zone C
19089,2438,strap,fragment,light verdigris,FALSE,,,,7,11,,,,,FALSE,,0.63,rolled up strap around a piece of wood,FALSE,S7.1,1720,1760,1720-1760,1720-1780,Vestibule & Corridor
18318,2494,strap,fragment,moderate verdigris,FALSE,,,,17,9,,,,,FALSE,,0.44,,FALSE,S6.1,1720,1760,1720-1760,1720-1780,Bishops Living Quarters
13831,2637,strap,fragment,heavy verdigris,FALSE,,,,21,16,,,,,FALSE,,0.4,possible rivet hole at tip; badly preserved,FALSE,S25.2,1710,1720,1710-1720,1690-1720,Boys Lodge (servants?)
13844,2650,strap,near complete,light verdigris,FALSE,,,,23,14,,,,,FALSE,,6.79,bent into a half ring but possibly formed a circle originally; very similar to ID 443,FALSE,S25.2,1710,1720,1710-1720,1690-1720,Boys Lodge (servants?)
16724,2688,strap,complete,light verdigris,TRUE,,,,23,15,,,,,FALSE,,0.8,forms a  (pythagorean-type) triangle,FALSE,S23.1,1700,1720,1700-1720,1690-1720,Bishops Living Quarters
14939,2693,strap,near complete,light verdigris,TRUE,,,,38,6,,,,,FALSE,,3.39,rolled up sheet as if to form a tube; real width (if unrolled) closer to 19mm,FALSE,S23.1,1700,1720,1700-1720,1690-1720,Bishops Living Quarters
16757,2693,strap,complete,light verdigris,FALSE,,,,23,12,,,,,FALSE,,5.46,"forms a half-ring, very similar to ID 444",FALSE,S23.1,1700,1720,1700-1720,1690-1720,Bishops Living Quarters
13868,2707,strap,near complete,light verdigris,TRUE,,,,19,16,,,,,FALSE,,5.53,rolled up strap; unrolled length close to 70/80 mm. Has two protruding fastening straps attached with holes for rivets,FALSE,S25.2,1710,1720,1710-1720,1690-1720,Boys Lodge (servants?)
16693,2815,strap,complete,light verdigris,TRUE,,,,26,7,,,,,FALSE,,1,"some textile/wood attached. Neatly formed, sturdy sheet",FALSE,S25.1,1670,1710,1670-1710,1660-1720,Boys Lodge (servants?)
12784,2948,strap,fragment,light verdigris,TRUE,,,,40,32,,,,,FALSE,,4.27,two tiny rivets were attached to this strap but one is free floating in the bag as of now - very easy to miss/lose so open with care,FALSE,S23.1,1700,1720,1700-1720,1690-1720,Bishops Living Quarters
10391,,strap,fragment,light verdigris,FALSE,,,,23,11,,,,,FALSE,,0.79,looks like an end that's been ripped off a strap; no unit no,FALSE,,,,,,
