ID1,ID,Find No,Button  No,Context No,Photo/Drawing,Material,Type,Composition,Joning (composite),Completeness,Condition,Shape,Typology,Size,Attachment,Number of holes,Hole alignment,Decoration method,hole profile,Shank-type,Colour,Decoration design,Gilt,Backstampe,Note,Building Phase,Start Date,End Date,Real Date,Period_Date,Attribution
1,626,373,626,54,n,pewter,cast,solid,,incomplete,very poor,,A,,shanked,,,uncertain,,cast (loop),,,,,very bad corrosion,S20.5,1770,1790,1770-1790,1750-1810,School Dormitory
2,11,561,11,88,n,pewter,cast,solid,,incomplete,very poor,,A,,,,,,,,,,,,,S21.5,,1790,1790,1780-1810,School Room
3,67,566,67,94,n,copper alloy,cast,solid,,incomplete,very poor,domed,A1,,shanked,,,uncertain,,soldered (alpha),,,,,,S21.5,,1790,1790,1780-1810,School Room
4,94,2834,94,616,y,copper alloy,cast,solid,,complete,good,domed,A1,0.9,shanked,,,engraved,,cast (wedge),,lines like unven echequer,,,,S20.2,1670,1700,1670-1700,1660-1720,School Dormitory
5,334,10380,334,2474,n,copper alloy,cast,solid,,incomplete,poor,domed,A1,1.3,shanked,,,moulded,,cast (wedge),,small dotts,,,,S8.1,1720,1750,1720-1750,1720-1750,Nursery
6,673,16790,673,2958,y,copper alloy,cast,solid,,complete,good,domed,A1,1.1,shanked,,,moulded,,soldered (alpha),,"nice decoration - small central circle with radiate lines, some dots decoration belowe that and on the edge is dots tight",,,,S17.1,1670,1690,1670-1690,1660-1690,Meat Store
7,720,7337,720,1449,n,lead,cast,solid,,complete,good,domed,A1,1.1,shanked,,,moulded,,soldered (alpha),,Two circels with the edge but other decoration unclear,,,,S5.2,1740,1760,1740-1760,1720-1780,Bishops Dining Room
8,717,13869,717,2641,n,lead,cast,solid,,incomplete,poor,domed,A1,1.1,shanked,,,moulded,,cast (wedge),,medium boss in the central but other decoration is unclear (tenting off??),,,The shank and the decoration is in a bad shape,S25.2,1710,1720,1710-1720,1690-1720,Boys Lodge (servants?)
9,715,13810,715,2872,y,lead,cast,solid,,complete,good,domed,A1,1.1,shanked,,,moulded,,soldered (alpha),,"Rather unclear decoration, possible a human?",,,,S23.1,1700,1720,1700-1720,1690-1720,Bishops Living Quarters
10,68,1005,68,29,n,pewter,cast,solid,,complete,good,domed,A1,1.3,shanked,,,uncertain,,cast (loop),,,,,,S20.6,,1790,1790,1780-1810,School Dormitory
11,10,561,10,88,n,pewter,cast,solid,,complete,very poor,domed,A1,1.4,shanked,,,uncertain,,soldered (alpha),,small central boss,,,,S21.5,,1790,1790,1780-1810,School Room
12,13,561,13,88,y,pewter,cast,solid,,complete,good,domed,A1,1.4,shanked,,,engraved,,soldered,,four petal,,,Copper shanks,S21.5,,1790,1790,1780-1810,School Room
13,14,561,14,88,n,pewter,cast,solid,,incomplete,very poor,domed,A1,2,shanked,,,,,soldered (alpha),,,,,,S21.5,,1790,1790,1780-1810,School Room
14,8,569,8,102,n,pewter,cast,solid,,incomplete,very poor,domed,A1,1.1,shanked,,,uncertain,,cast (loop),,,,,,S20.4,1750,1770,1750-1770,1750-1780,School Dormitory
15,77,1560,77,283,n,pewter,cast,solid,,complete,good,domed,A1,1.1,shanked,,,uncertain,,soldered (alpha),,,,,,S20.2,1670,1700,1670-1700,1660-1720,School Dormitory
16,82,1604,82,286,n,pewter,cast,solid,,complete,good,domed,A1,1.2,shanked,,,moulded,,soldered (alpha),,floral - repoussé,,,,S20.2,1670,1700,1670-1700,1660-1720,School Dormitory
17,83,1604,83,286,n,pewter,cast,solid,,complete,good,domed,A1,1,shanked,,,undecorated,,cast (wedge),,,,,,S20.2,1670,1700,1670-1700,1660-1720,School Dormitory
18,99,2626,99,554,n,pewter,cast,solid,,incomplete,very poor,domed,A1,1.1,shanked,,,uncertain,,cast (wedge),,,,,,S13.3,1800,1830,1800-1830,1780-1840,Main Corridor
19,87,3268,87,729,y,pewter,cast,solid,,complete,good,domed,A1,1.1,shanked,,,moulded,,cast (loop),,central boss with star around,,,,S20.2,1670,1700,1670-1700,1660-1720,School Dormitory
20,113,3267,113,729,n,pewter,cast,solid,,complete,good,domed,A1,1.1,shanked,,,undecorated,,cast (loop),,,,,,S20.2,1670,1700,1670-1700,1660-1720,School Dormitory
21,739,18742,739,891,n,pewter,cast,solid,,incomplete,poor,domed,A1,1.6,shanked,,,uncertain,,,,,,,The decoration is very corroted and not easy to see,S13.2,1750,1800,1750-1800,1750-1810,Main Corridor
22,154,3613,154,902,y,pewter,cast,solid,,complete,good,domed,A1,1.4,shanked,,,moulded,,cast (wedge),,central boss with radiate lines,yes,,,S30.2,1720,1740,1720-1740,1720-1750,School Master's House
23,159,3600,159,902,n,pewter,cast,solid,,complete,good,domed,A1,1.6,shanked,,,undecorated,,cast (loop),,,,,,S30.2,1720,1740,1720-1740,1720-1750,School Master's House
24,176,3574,176,956,n,pewter,cast,solid,,complete,poor,domed,A1,1.7,shanked,,,moulded,,soldered (omega),,uncertain,yes,,the shanks have broken of but are with the button,S5.3,1760,1780,1760-1780,1750-1780,Bishops Dining Room
25,140,3592,140,988,y,pewter,cast,solid,,complete,good,domed,A1,1,shanked,,,moulded,,soldered (omega),,flower pattern,,,,S30.1,1670,1720,1670-1720,1660-1720,School Master's House
26,170,3727,170,988,y,pewter,cast,solid,,complete,good,domed,A1,1.1,shanked,,,moulded,,soldered,,central boss with half flowers on the edge around,,,,S30.1,1670,1720,1670-1720,1660-1720,School Master's House
27,173,3616,173,988,y,pewter,cast,solid,,complete,good,domed,A1,2.1,shanked,,,engraved,,soldered,,"central boss with flower around it, a dott box over the flower",yes,,,S30.1,1670,1720,1670-1720,1660-1720,School Master's House
28,171,3685,171,1034,y,pewter,cast,solid,,complete,good,domed,A1,1.4,shanked,,,moulded,,soldered,,central boss with flower? Pattern,,,,S13.2,1750,1800,1750-1800,1750-1810,Main Corridor
29,152,3745,152,1161,y,pewter,cast,solid,,complete,good,domed,A1,1.1,shanked,,,undecorated,,soldered (alpha),,,,,pimple type,S6.3,1800,1890,1800-1890,1780-1900,Bishops Living Quarters
30,132,3780,132,1228,y,pewter,cast,solid,,complete,good,domed,A1,1.4,shanked,,,engraved,,soldered (alpha),,square box in the middle with lines from each corner and two lines from each side,,,,S5.3,1760,1780,1760-1780,1750-1780,Bishops Dining Room
31,251,7271,251,1329,n,pewter,cast,solid,,incomplete,poor,domed,A1,,shanked,,,moulded,,cast (wedge),,uncertain,,,,S12.1,1690,1740,1690-1740,1690-1750,Living Quarters
32,215,7413,215,1627,n,pewter,cast,solid,,complete,good,domed,A1,1,shanked,,,moulded,,cast (loop),,unclear,,,,S7.1,1720,1760,1720-1760,1720-1780,Vestibule & Corridor
33,219,7426,219,1627,n,pewter,cast,solid,,incomplete,good,domed,A1,1,shanked,,,moulded,,soldered (alpha),,central boss,,,,S7.1,1720,1760,1720-1760,1720-1780,Vestibule & Corridor
34,286,10262,286,2195,n,pewter,cast,solid,,incomplete,good,domed,A1,1.1,shanked,,,undecorated,,soldered (alpha),,,,,,C.2,1720,1830,1720-1830,1720-1840,Courtyard
35,287,10262,287,2195,n,pewter,cast,solid,,complete,good,domed,A1,1,shanked,,,undecorated,,soldered (alpha),,,,,,C.2,1720,1830,1720-1830,1720-1840,Courtyard
36,315,10269,315,2215,y,pewter,cast,solid,,complete,good,domed,A1,1.2,shanked,,,moulded,,soldered (alpha),,central dot with swirl design,,,,S5.2,1740,1760,1740-1760,1720-1780,Bishops Dining Room
37,383,13871,383,2674,y,pewter,cast,solid,,complete,good,domed,A1,1.3,shanked,,,moulded,,soldered (omega),,flower with centra boss,,,,S25.2,1710,1720,1710-1720,1690-1720,Boys Lodge (servants?)
38,679,16762,679,2751,n,pewter,cast,solid,,complete,good,domed,A1,1.1,shanked,,,undecorated,,soldered (alpha),,,yes,,,S25.1,1670,1710,1670-1710,1660-1720,Boys Lodge (servants?)
39,667,16780,667,2780,n,pewter,cast,solid,,complete,good,domed,A1,1,shanked,,,moulded,,soldered (alpha),,flower,,,from whtestone mould [964],S25.2,1710,1720,1710-1720,1690-1720,Boys Lodge (servants?)
40,373,14968,373,2813,n,pewter,cast,solid,,complete,good,domed,A1,1.1,shanked,,,moulded,,cast (loop),,flower,,,most likley is this button from the whetstone mould [964],S25.1,1670,1710,1670-1710,1660-1720,Boys Lodge (servants?)
41,374,14968,374,2813,n,pewter,cast,solid,,complete,good,domed,A1,1.1,shanked,,,moulded,,cast (loop),,flower,,,possably from the whetstone mould [964] - but not cleare,S25.1,1670,1710,1670-1710,1660-1720,Boys Lodge (servants?)
42,391,14969,391,2813,y,pewter,cast,solid,,complete,good,domed,A1,1.7,shanked,,,moulded,,cast inset (cone & loop),,five leaf flower,,,,S25.1,1670,1710,1670-1710,1660-1720,Boys Lodge (servants?)
43,684,16784,684,2817,n,pewter,cast,solid,,complete,good,domed,A1,1.6,shanked,,,moulded,,cast (loop),,central boss with flower around (uncleare),,,,S25.1,1670,1710,1670-1710,1660-1720,Boys Lodge (servants?)
44,662,16772,662,2822,n,pewter,cast,solid,,complete,good,domed,A1,1.1,shanked,,,uncertain,,soldered (alpha),,,,,,S25.1,1670,1710,1670-1710,1660-1720,Boys Lodge (servants?)
45,675,16779,675,2825,y,pewter,cast,solid,,complete,good,domed,A1,1.5,shanked,,,moulded,,cast (loop),,central boss with radiate lines,,,,S25.1,1670,1710,1670-1710,1660-1720,Boys Lodge (servants?)
46,393,13821,393,2830,n,pewter,cast,solid,,complete,good,domed,A1,1.1,shanked,,,moulded,,cast (loop),,flower,,,most likley is this button from the whetstone mould [964],S25.1,1670,1710,1670-1710,1660-1720,Boys Lodge (servants?)
47,378,14959,378,2872,y,pewter,cast,solid,,complete,good,domed,A1,1.4,shanked,,,moulded,,cast (loop),,swirl pattern,,,,S23.1,1700,1720,1700-1720,1690-1720,Bishops Living Quarters
48,737,19151,737,348,n,Copper alloy,cast,solid,,incomplete,poor,domed,A1,1.1,,,,moulded,,,,"biconvex button with raised central pellet with, at least 3 (possible more but can not been seen) comma shaped arms extending from it",,,,S17.2,1690,1700,1690-1700,1690-1720,Meat Store
49,147,4672,147,880,n,copper alloy,cast,solid,,complete,good,domed,A1,1,,,,uncertain,,,,,,,,S21.2,1690,1750,1690-1750,1690-1750,School Room
50,190,3762,190,963,n,copper alloy,cast,solid,,incomplete,poor,domed,A1,1.4,,,,undecorated,,,,,,,,S5.3,1760,1780,1760-1780,1750-1780,Bishops Dining Room
51,225,7279,225,1346,n,copper alloy,cast,solid,,incomplete,very poor,domed,A1,,,,,uncertain,,,,,,,,S5.2,1740,1760,1740-1760,1720-1780,Bishops Dining Room
52,339,10372,339,2470,n,copper alloy,cast,solid,,incomplete,good,domed,A1,1.2,,,,moulded,,,,central boss with flower around?,,,,S8.1,1720,1750,1720-1750,1720-1750,Nursery
53,695,16775,695,2827,n,copper alloy,cast,solid,,complete,good,domed,A1,1.1,,,,undecorated,,,,,,,possibly back from button 694 but dose not fitt,S25.1,1670,1710,1670-1710,1660-1720,Boys Lodge (servants?)
54,110,3561,110,1,n,pewter,cast,solid,,incomplete,very poor,domed,A1,1.6,,,,uncertain,,,,,,,,LH,,1958,1958,1930-1960,Levelling Horizon
55,49,660,49,29,n,pewter,cast,solid,,incomplete,very poor,domed,A1,1.2,,,,,,,,,,,,S20.6,,1790,1790,1780-1810,School Dormitory
56,38,542,38,37,n,pewter,cast,solid,,incomplete,very poor,domed,A1,1.5,,,,moulded,,,,radiate lines from the top,,,,S20.6,,1790,1790,1780-1810,School Dormitory
57,39,542,39,37,n,pewter,cast,solid,,incomplete,very poor,domed,A1,,,,,moulded,,,,radiate lines from the top,,,,S20.6,,1790,1790,1780-1810,School Dormitory
58,40,542,40,37,n,pewter,cast,solid,,incomplete,very poor,domed,A1,,,,,,,,,,,,,S20.6,,1790,1790,1780-1810,School Dormitory
59,47,662,47,69,n,pewter,cast,solid,,incomplete,very poor,domed,A1,1.2,,,,,,,,,,,,S20.5,1770,1790,1770-1790,1750-1810,School Dormitory
60,66,566,66,94,n,pewter,cast,solid,,incomplete,very poor,domed,A1,,,,,,,,,,,,,S21.5,,1790,1790,1780-1810,School Room
61,32,567,32,95,n,pewter,cast,solid,,incomplete,very poor,domed,A1,1.1,,,,,,,,,,,,S20.4,1750,1770,1750-1770,1750-1780,School Dormitory
62,33,567,33,95,n,pewter,cast,solid,,incomplete,very poor,domed,A1,1,,,,,,,,,,,,S20.4,1750,1770,1750-1770,1750-1780,School Dormitory
63,34,567,34,95,n,pewter,cast,solid,,incomplete,very poor,domed,A1,1,,,,moulded,,,,radiate lines,,,,S20.4,1750,1770,1750-1770,1750-1780,School Dormitory
64,6,569,6,102,n,pewter,cast,solid,,incomplete,very poor,domed,A1,1.2,,,,,,,,,,,very bad corrosion,S20.4,1750,1770,1750-1770,1750-1780,School Dormitory
65,7,569,7,102,n,pewter,cast,solid,,incomplete,very poor,domed,A1,1.3,,,,moulded,,,,small central boss with radiate lines,,,,S20.4,1750,1770,1750-1770,1750-1780,School Dormitory
66,50,571,50,116,n,pewter,cast,solid,,incomplete,very poor,domed,A1,,,,,,,,,,,,,S20.4,1750,1770,1750-1770,1750-1780,School Dormitory
67,106,1503,106,279,n,pewter,cast,solid,,complete,good,domed,A1,0.9,,,,undecorated,,,,,,,no shanks but two very small holes on the back,S20.2,1670,1700,1670-1700,1660-1720,School Dormitory
68,76,1560,76,283,y,pewter,cast,solid,,complete,good,domed,A1,1.4,,,,moulded,,,,floral - repoussé,,,,S20.2,1670,1700,1670-1700,1660-1720,School Dormitory
69,78,1560,78,283,n,pewter,cast,solid,,incomplete,poor,domed,A1,1.2,,,,uncertain,,,,,,,,S20.2,1670,1700,1670-1700,1660-1720,School Dormitory
70,123,2522,123,424,n,pewter,cast,solid,,incomplete,very poor,domed,A1,,,,,uncertain,,,,,,,very bad corrosion,S20.1,1650,1670,1650-1670,1630-1690,School Dormitory
71,93,2511,93,448,n,pewter,cast,solid,,incomplete,poor,domed,A1,1.1,,,,uncertain,,,,,,,,S20.2,1670,1700,1670-1700,1660-1720,School Dormitory
72,107,2463,107,488,n,pewter,cast,solid,,incomplete,very poor,domed,A1,1.3,,,,uncertain,,,,,,,,S20.2,1670,1700,1670-1700,1660-1720,School Dormitory
73,46,547,46,547,n,pewter,cast,solid,,incomplete,very poor,domed,A1,1.3,,,,,,,,,,,,S29.3,,1900,1900,1900,Outhouse
74,112,3266,112,729,n,pewter,cast,solid,,incomplete,good,domed,A1,1,,,,moulded,,,,five half circle from the edge,,,,S20.2,1670,1700,1670-1700,1660-1720,School Dormitory
75,146,3639,146,867,y,pewter,cast,solid,,complete,good,domed,A1,1,,,,moulded,,,,flower pattern,,,fitts with a whetstone [964],S13.2,1750,1800,1750-1800,1750-1810,Main Corridor
76,156,3627,156,930,n,pewter,cast,solid,,complete,poor,domed,A1,1.1,,,,uncertain,,,,,,,,S22.2,1700,1730,1700-1730,1690-1750,Assistant Teachers Quarters
77,157,3627,157,930,n,pewter,cast,solid,,incomplete,poor,domed,A1,1.1,,,,moulded,,,,uncertain,,,,S22.2,1700,1730,1700-1730,1690-1750,Assistant Teachers Quarters
78,160,3610,160,980,y,pewter,cast,solid,,complete,good,domed,A1,1.1,,,,moulded,,,,central boss (large) with flower around,,,,S15.2,1760,1800,1760-1800,1750-1810,Wheystore
79,180,3729,180,988,n,pewter,cast,solid,,complete,good,domed,A1,2,,,,moulded,,,,swirl pattern,,,,S30.1,1670,1720,1670-1720,1660-1720,School Master's House
80,514,4673,514,993,n,pewter,cast,solid,,incomplete,good,domed,A1,0.7,,,,undecorated,,,,,,,,S21.1,1650,1690,1650-1690,1630-1690,School Room
81,151,3747,151,1156,n,pewter,cast,solid,,incomplete,good,domed,A1,1.1,,,,undecorated,,,,,,,,S20.1,1650,1670,1650-1670,1630-1690,School Dormitory
82,233,7281,233,1346,n,pewter,cast,solid,,incomplete,poor,domed,A1,1.2,,,,uncertain,,,,,,,,S5.2,1740,1760,1740-1760,1720-1780,Bishops Dining Room
83,252,7286,252,1347,y,pewter,cast,solid,,complete,good,domed,A1,1.3,,,,moulded,,,,central boss with four blade flower around,,,,S5.2,1740,1760,1740-1760,1720-1780,Bishops Dining Room
84,254,7317,254,1393,n,pewter,cast,solid,,complete,good,domed,A1,1.1,,,,engraved,,,,uncertain,,,,S5.2,1740,1760,1740-1760,1720-1780,Bishops Dining Room
85,260,7408,260,1627,y,pewter,cast,solid,,complete,good,domed,A1,1.1,,,,moulded,,,,small central boss with four blade flower around,,,most likley is this button from the whetstone mould [964],S7.1,1720,1760,1720-1760,1720-1780,Vestibule & Corridor
86,231,7439,231,1630,n,pewter,cast,solid,,complete,good,domed,A1,1.3,,,,undecorated,,,,,,,,S5.2,1740,1760,1740-1760,1720-1780,Bishops Dining Room
87,343,10154,343,1716,y,pewter,cast,solid,,complete,good,domed,A1,1.1,,,,moulded,,,,four blade flower with deoration between,,,,S4.1,1720,1760,1720-1760,1720-1780,Lodge/Dining Room & Chambers
88,340,10177,340,1881,n,pewter,cast,solid,,incomplete,good,domed,A1,1.5,,,,moulded,,,,swirl pattern,,,,S23.1,1700,1720,1700-1720,1690-1720,Bishops Living Quarters
89,350,10179,350,1898,n,pewter,cast,solid,,incomplete,good,domed,A1,1.2,,,,uncertain,,,,,,,,S8.2,1750,1800,1750-1800,1750-1810,Nursery/Private Chambers
90,351,10179,351,1898,n,pewter,cast,solid,,incomplete,poor,domed,A1,,,,,uncertain,,,,,,,,S8.2,1750,1800,1750-1800,1750-1810,Nursery/Private Chambers
91,352,10194,352,1929,n,pewter,cast,solid,,incomplete,good,domed,A1,1.3,,,,moulded,,,,central boss with six dots like flower around,,,,S6.2,1760,1800,1760-1800,1750-1810,Bishops Living Quarters
92,347,10201,347,1975,n,pewter,cast,solid,,incomplete,good,domed,A1,1.5,,,,moulded,,,,uncertain,,,,S17.7,1770,1790,1770-1790,1750-1810,Meat Store
93,341,10223,341,2100,n,pewter,cast,solid,,complete,poor,domed,A1,1.1,,,,undecorated,,,,,,,,S17.7,1770,1790,1770-1790,1750-1810,Meat Store
94,288,10262,288,2195,n,pewter,cast,solid,,complete,good,domed,A1,1.1,,,,undecorated,,,,,,,,C.2,1720,1830,1720-1830,1720-1840,Courtyard
95,289,10262,289,2195,n,pewter,cast,solid,,complete,good,domed,A1,1.1,,,,undecorated,,,,,,,,C.2,1720,1830,1720-1830,1720-1840,Courtyard
96,290,10262,290,2195,n,pewter,cast,solid,,complete,good,domed,A1,1.3,,,,moulded,,,,unclear,,,,C.2,1720,1830,1720-1830,1720-1840,Courtyard
97,291,10262,291,2195,y,pewter,cast,solid,,complete,good,domed,A1,1.3,,,,moulded,,,,central boss with six small boss as flower around,,,,C.2,1720,1830,1720-1830,1720-1840,Courtyard
98,312,10367,312,2467,n,pewter,cast,solid,,incomplete,poor,domed,A1,1.3,,,,moulded,,,,central boss with flower decoraton around,,,,S8.1,1720,1750,1720-1750,1720-1750,Nursery
99,313,10367,313,2467,n,pewter,cast,solid,,incomplete,poor,domed,A1,,,,,uncertain,,,,,,,,S8.1,1720,1750,1720-1750,1720-1750,Nursery
100,349,10381,349,2475,n,pewter,cast,solid,,complete,good,domed,A1,1.2,,,,uncertain,,,,,,,,S8.1,1720,1750,1720-1750,1720-1750,Nursery
101,362,13839,362,2652,n,pewter,cast,solid,,complete,good,domed,A1,1.5,,,,undecorated,,,,,,,,S25.2,1710,1720,1710-1720,1690-1720,Boys Lodge (servants?)
102,385,14947,385,2672,n,pewter,cast,solid,,complete,good,domed,A1,1,,,,moulded,,,,central boss,,,,S25.2,1710,1720,1710-1720,1690-1720,Boys Lodge (servants?)
103,371,13797,371,2694,n,pewter,cast,solid,,complete,good,domed,A1,0.9,,,,moulded,,,,floral,,,,S23.1,1700,1720,1700-1720,1690-1720,Bishops Living Quarters
104,366,14965,366,2823,y,pewter,cast,solid,,complete,good,domed,A1,1.1,,,,moulded,,,,small central boss with flower around and floral decoration on the edge,,,,S25.1,1670,1710,1670-1710,1660-1720,Boys Lodge (servants?)
105,363,13848,363,2826,n,pewter,cast,solid,,complete,good,domed,A1,1.1,,,,moulded,,,,flower,,,most likley is this button from the whetstone mould [964],S25.1,1670,1710,1670-1710,1660-1720,Boys Lodge (servants?)
106,375,13834,375,2829,n,pewter,cast,solid,,complete,good,domed,A1,1.1,,,,moulded,,,,small central boss with flower decorationit and between the leaf are small dots,,,,S25.1,1670,1710,1670-1710,1660-1720,Boys Lodge (servants?)
107,367,13772,367,2838,n,pewter,cast,solid,,complete,good,domed,A1,1.4,,,,moulded,,,,small centra dot with radiate lines,,,,S25.1,1670,1710,1670-1710,1660-1720,Boys Lodge (servants?)
108,764,6896,509,1479,,pewter,cast,solid,,complete,good,domed,A1,0.9,,,,,,,,,,,"small, domed object - poss pewter button",S13.2,1750,1800,1750-1800,1750-1810,Main Corridor
109,207,3753,207,967,y,silver,cast,solid,,complete,good,domed,A1,1.2,,,,engraved,,,,central boss with four blade flower around,,,,S5.3,1760,1780,1760-1780,1750-1780,Bishops Dining Room
110,200,3692,200,1088,n,silver,cast,solid,,complete,good,domed,A1,1,,,,undecorated,,,,,,,,S13.2,1750,1800,1750-1800,1750-1810,Main Corridor
111,199,3678,199,1113,y,silver,cast,solid,,complete,good,domed,A1,0.9,,,,moulded,,,,unclear pattern,,,,S20.2,1670,1700,1670-1700,1660-1720,School Dormitory
112,70,1143,70,178,y,pewter,cast,solid,,complete,good,flat disc,A2,2,shanked,,,engraved,,cast (loop),,circle near middle with lines out from the circle - edge circle -,,number and decoration,the number and decoration on the back are rather uncleare,S4.5,1840,1890,1840-1890,1840-1900,Pantry/Kitchen
113,18,529,18,1,y,copper alloy,cast,solid,,complete,good,flat disc,A2,2.1,shanked,,,moulded,,cast (wedge),,"cross in the middle, anchor on the leaft and heart on the right, rope circle around it.",,,,LH,,1958,1958,1930-1960,Levelling Horizon
114,91,1704,91,1,n,copper alloy,cast,solid,,complete,good,flat disc,A2,1.4,shanked,,,undecorated,,cast (wedge),,,,,,LH,,1958,1958,1930-1960,Levelling Horizon
115,265,7249,265,1,n,copper alloy,cast,solid,,incomplete,good,flat disc,A2,1.7,shanked,,,moulded,,soldered (alpha),,flower and in the center of it is check pattern,,,,LH,,1958,1958,1930-1960,Levelling Horizon
116,275,7251,275,1,y,copper alloy,cast,solid,,complete,good,flat disc,A2,1.3,shanked,,,engraved,,cast (wedge),,"central hole with five star arms, and with beaded border",,,,LH,,1958,1958,1930-1960,Levelling Horizon
117,15,658,15,14,n,copper alloy,cast,solid,,complete,good,flat disc,A2,1.5,shanked,,,undecorated,,soldered (alpha),,,,,,S4.6,,1890,1890,1870-1900,Pantry/Kitchen
118,58,535,58,27,n,copper alloy,cast,solid,,complete,good,flat disc,A2,1.4,shanked,,,undecorated,,cast (wedge),,,,,,S33.1,1880,1952,1880-1952,1870-1960,Stables
119,35,542,35,37,n,copper alloy,cast,solid,,complete,good,flat disc,A2,1.9,shanked,,,moulded,,cast (wedge),,edge cyrcle - small hole in the middle,,,,S20.6,,1790,1790,1780-1810,School Dormitory
120,16,550,16,59,n,copper alloy,cast,solid,,complete,good,flat disc,A2,1.4,shanked,,,moulded,,cast (wedge),,six petal,,,,S20.5,1770,1790,1770-1790,1750-1810,School Dormitory
121,17,552,17,73,y,copper alloy,cast,solid,,complete,good,flat disc,A2,2.1,shanked,,,undecorated,,cast (wedge),,,,,,S4.6,,1890,1890,1870-1900,Pantry/Kitchen
122,55,557,55,79,y,copper alloy,cast,solid,,complete,good,flat disc,A2,2.4,shanked,,,engraved,,cast (loop),,five petal in the middle - rather small,,,,S13.4,1830,1850,1830-1850,1810-1870,Silo/Midden
123,28,570,28,108,n,copper alloy,cast,solid,,complete,good,flat disc,A2,1.5,shanked,,,undecorated,,cast (wedge),,,,,,S29.1,1780,1800,1780-1800,1780-1810,Infirmary
124,116,1613,116,334,y,copper alloy,cast,solid,,complete,good,flat disc,A2,1.7,shanked,,,undecorated,,cast (wedge),,,,,,S8.2,1750,1800,1750-1800,1750-1810,Nursery/Private Chambers
125,117,1706,117,363,y,copper alloy,cast,solid,,complete,good,flat disc,A2,1.6,shanked,,,moulded,,cast (wedge),,eight-pointed flower,,,same pattern as Bailey has on page 37,S5.4,1780,1800,1780-1800,1780-1810,Pantry/Study & Library
126,103,2681,103,572,n,copper alloy,cast,solid,,complete,good,flat disc,A2,1.3,shanked,,,undecorated,,cast (wedge),,,,,,S5.5,1800,1830,1800-1830,1780-1840,Pantry/Study & Library
127,100,2670,100,597,n,copper alloy,cast,solid,,incomplete,poor,flat disc,A2,,shanked,,,undecorated,,cast (wedge),,,,,,S2.1,1902,1930,1902-1930,1900-1930,Haybarn
128,137,3591,137,741,y,copper alloy,cast,solid,,complete,good,flat disc,A2,2.2,shanked,,,moulded,,cast (wedge),,flower pattern,possible,,,S13.2,1750,1800,1750-1800,1750-1810,Main Corridor
129,205,3586,205,811,y,copper alloy,cast,solid,,complete,good,flat disc,A2,1.5,shanked,,,moulded,,cast (wedge),,flower with six blade,,,,S13.2,1750,1800,1750-1800,1750-1810,Main Corridor
130,212,3569,212,813,y,copper alloy,cast,solid,,complete,good,flat disc,A2,1.6,shanked,,,engraved,,cast (wedge),,line cross designe,yes,,mounld?,S13.2,1750,1800,1750-1800,1750-1810,Main Corridor
131,172,3622,172,891,n,copper alloy,cast,solid,,complete,good,flat disc,A2,1.4,shanked,,,moulded,,cast (wedge),,central boss with radiate lines,,,,S13.2,1750,1800,1750-1800,1750-1810,Main Corridor
132,131,3629,131,893,n,copper alloy,cast,solid,,incomplete,very poor,flat disc,A2,,shanked,,,uncertain,,cast (wedge),,,,,mostlekly textile over it,S13.2,1750,1800,1750-1800,1750-1810,Main Corridor
133,189,3762,189,963,n,copper alloy,cast,solid,,incomplete,good,flat disc,A2,2.2,shanked,,,moulded,,cast (wedge),,central cirle and decorated border,,,,S5.3,1760,1780,1760-1780,1750-1780,Bishops Dining Room
134,206,3570,206,1007,y,copper alloy,cast,solid,,complete,good,flat disc,A2,1.1,shanked,,,moulded,,cast (loop),,pattern on the edge and also unclear pattern,,,,S21.2,1690,1750,1690-1750,1690-1750,School Room
135,711,3715,711,1035,y,copper alloy,cast,solid,,complete,good,flat disc,A2,1.6,shanked,,,moulded,,cast (wedge),,Anchor with circle around the edge,,,,S7.3,1800,1840,1800-1840,1780-1840,Vestibule & Corridor
136,183,3699,183,1064,y,copper alloy,cast,solid,,incomplete,good,flat disc,A2,,shanked,,,moulded,,cast (wedge),,a large star with dotts between the arms,,,,S13.2,1750,1800,1750-1800,1750-1810,Main Corridor
137,197,3690,197,1066,n,copper alloy,cast,solid,,complete,good,flat disc,A2,2,shanked,,,moulded,,cast (loop),,central dot with circle on the edge,,,,S13.2,1750,1800,1750-1800,1750-1810,Main Corridor
138,713,3676,713,1090,y,copper alloy,cast,solid,,complete,good,flat disc,A2,1.6,shanked,,,undecorated,,cast (wedge),,,,,"The shank is not in the center, but rather close to the edge",MC.3,1750,1900,1750-1900,1750-1810,Midden Zone C
139,150,3768,150,1144,n,copper alloy,cast,solid,,incomplete,very poor,flat disc,A2,1.4,shanked,,,undecorated,,cast (loop),,,,,,MC.3,1750,1900,1750-1900,1750-1810,Midden Zone C
140,149,3740,149,1158,y,copper alloy,cast,solid,,complete,good,flat disc,A2,2,shanked,,,engraved,,soldered (alpha),,floral pattern,,,,S7.3,1800,1840,1800-1840,1780-1840,Vestibule & Corridor
141,168,3742,168,1158,n,copper alloy,cast,solid,,incomplete,good,flat disc,A2,1.8,shanked,,,undecorated,,cast (wedge),,,,,,S7.3,1800,1840,1800-1840,1780-1840,Vestibule & Corridor
142,278,7255,278,1289,n,copper alloy,cast,solid,,complete,good,flat disc,A2,1.8,shanked,,,undecorated,,cast (wedge),,,,,,MB.3,1880,1930,1880-1930,1870-1930,Midden Zone B
143,242,7351,242,1477,y,copper alloy,cast,solid,,complete,good,flat disc,A2,2.2,shanked,,,moulded,,cast (wedge),,eight point flower/star with four point flower/star inside,,,,S13.2,1750,1800,1750-1800,1750-1810,Main Corridor
144,707,7399,707,1600,y,copper alloy,cast,solid,,complete,good,flat disc,A2,2.2,shanked,,,moulded,,cast (wedge),Possible silver on the top,"A hole in the central and around a square with ""arms"", the edges is with unclear decoration on.",possible,,,S18.7,1770,1790,1770-1790,1750-1810,Pantry
145,245,7420,245,1627,n,copper alloy,cast,solid,,complete,good,flat disc,A2,1.7,shanked,,,moulded,,soldered (alpha),,central boss with five blade flower around,,,,S7.1,1720,1760,1720-1760,1720-1780,Vestibule & Corridor
146,269,7432,269,1630,y,copper alloy,cast,solid,,complete,good,flat disc,A2,2.3,shanked,,,moulded,,cast (wedge),,decoratin with inner cirles and beabed edge -same decoration as on button 264- Bailey bls 70 mynd 9.228,,,,S5.2,1740,1760,1740-1760,1720-1780,Bishops Dining Room
147,326,10198,326,1970,n,copper alloy,cast,solid,,complete,good,flat disc,A2,1.5,shanked,,,undecorated,,cast (wedge),,,,,,S17.7,1770,1790,1770-1790,1750-1810,Meat Store
148,335,10225,335,2102,n,copper alloy,cast,solid,,complete,good,flat disc,A2,2.4,shanked,,,undecorated,,soldered (alpha),,,,,,S7.1,1720,1760,1720-1760,1720-1780,Vestibule & Corridor
149,377,13838,377,2644,y,copper alloy,cast,solid,,complete,good,flat disc,A2,1.4,shanked,,,moulded,,cast (wedge),,flower,yes,,,S25.2,1710,1720,1710-1720,1690-1720,Boys Lodge (servants?)
150,381,13802,381,2649,y,copper alloy,cast,solid,,complete,good,flat disc,A2,1.6,shanked,,,moulded,,cast (wedge),,flowe,,,,S25.2,1710,1720,1710-1720,1690-1720,Boys Lodge (servants?)
151,719,13840,719,2686,y,Copper alloy,cast,solid,,complete,good,flat disc,A2,1.2,shanked,,,moulded,,cast (loop),,Flower/star pattern,,,Similar as 710,S23.1,1700,1720,1700-1720,1690-1720,Bishops Living Quarters
152,718,13770,718,2823,y,Copper alloy,cast,solid,,complete,good,flat disc,A2,1.6,shanked,,,undecorated,,cast (wedge),,,,,,S25.1,1670,1710,1670-1710,1660-1720,Boys Lodge (servants?)
153,664,16773,664,2832,n,copper alloy,cast,solid,,complete,good,flat disc,A2,1.3,shanked,,,moulded,,cast (loop),,flower,,,,S25.1,1670,1710,1670-1710,1660-1720,Boys Lodge (servants?)
154,710,13800,710,2872,y,copper alloy,cast,solid,,incomplete,good,flat disc,A2,1.4,shanked,,,moulded,,cast (loop),,Flower/star pattern with circle around the edge,,,"The shank is missing, (possible cast (loop) - Similar as 719",S23.1,1700,1720,1700-1720,1690-1720,Bishops Living Quarters
155,716,14976,716,2831,y,lead,cast,solid,,complete,good,flat disc,A2,1.2,shanked,,,moulded,,cast (wedge),,"Small boss in the central, out from there are eight lines that goes half the way out, dots between the lines and a circle around the lines.",,,,S25.1,1670,1710,1670-1710,1660-1720,Boys Lodge (servants?)
156,41,542,41,37,n,pewter,cast,solid,,incomplete,very poor,flat disc,A2,,shanked,,,uncertain,,cast (wedge),,in many small pices,,,,S20.6,,1790,1790,1780-1810,School Dormitory
157,192,3773,192,107,n,pewter,cast,solid,,complete,good,flat disc,A2,1.5,shanked,,,undecorated,,soldered (alpha),,,,,,,,,,,
158,89,1441,89,298,y,pewter,cast,solid,,incomplete,good,flat disc,A2,,shanked,,,moulded,,cast (loop),,flower?,,,same pattern on nr 109,S5.5,1800,1830,1800-1830,1780-1840,Pantry/Study & Library
159,84,1952,84,362,n,pewter,cast,solid,,complete,good,flat disc,A2,1.2,shanked,,,moulded,,cast (loop),,star with a central boss in it - edge circle,,,,S5.4,1780,1800,1780-1800,1780-1810,Pantry/Study & Library
160,109,2018,109,379,y,pewter,cast,solid,,complete,good,flat disc,A2,1.7,shanked,,,moulded,,cast (loop),,flower,,,same pattern on nr 89,S5.4,1780,1800,1780-1800,1780-1810,Pantry/Study & Library
161,203,3631,203,891,n,pewter,cast,solid,,complete,good,flat disc,A2,1.6,shanked,,,undecorated,,cast (wedge),,,,,,S13.2,1750,1800,1750-1800,1750-1810,Main Corridor
162,174,3630,174,902,y,pewter,cast,solid,,complete,good,flat disc,A2,1.5,shanked,,,moulded,,cast (wedge),,flower pttern,yes,,,S30.2,1720,1740,1720-1740,1720-1750,School Master's House
163,209,3578,209,958,y,pewter,cast,solid,,complete,good,flat disc,A2,1.4,shanked,,,moulded,,cast (wedge),,eight-pointed flower,,,,S5.3,1760,1780,1760-1780,1750-1780,Bishops Dining Room
164,202,3714,202,964,y,pewter,cast,solid,,complete,good,flat disc,A2,1.8,shanked,,,moulded,,cast (wedge),,central dot in the middle,,,,S5.3,1760,1780,1760-1780,1750-1780,Bishops Dining Room
165,163,3607,163,1013,n,pewter,cast,solid,,complete,good,flat disc,A2,2.4,shanked,,,undecorated,,cast (wedge),,,,,,S13.2,1750,1800,1750-1800,1750-1810,Main Corridor
166,221,8723,221,1362,y,pewter,cast,solid,,complete,good,flat disc,A2,2.2,shanked,,,moulded,,cast (wedge),,central dot with circle on the edge,,,,S18.8,1790,1830,1790-1830,1780-1840,Midden
167,264,7334,264,1448,y,pewter,cast,solid,,complete,good,flat disc,A2,2.2,shanked,,,moulded,,cast (wedge),,decoratin with inner cirles and beabed edge - same decoration as on button 269 - Bailey bls 70 mynd 9.228,,,,S5.2,1740,1760,1740-1760,1720-1780,Bishops Dining Room
168,236,7461,236,1679,y,pewter,cast,solid,,incomplete,good,flat disc,A2,1.2,shanked,,,moulded,,cast (wedge),,central boss with flower around,,,,S7.1,1720,1760,1720-1760,1720-1780,Vestibule & Corridor
169,250,7465,250,1687,n,pewter,cast,solid,,complete,good,flat disc,A2,1.9,shanked,,,moulded,,cast (wedge),,central dot with circle on the edge,,,,S18.6,1760,1770,1760-1770,1750-1780,Pantry
170,331,10213,331,2044,y,pewter,cast,solid,,complete,good,flat disc,A2,2.4,shanked,,,undecorated,,cast (wedge),,,,,,C.2-3,1720,1850,1720-1850,1720-1870,Courtyard
171,298,10261,298,2195,n,pewter,cast,solid,,complete,good,flat disc,A2,2,shanked,,,undecorated,,soldered (alpha),,,yes,,,C.2,1720,1830,1720-1830,1720-1840,Courtyard
172,316,10269,316,2215,y,pewter,cast,solid,,complete,good,flat disc,A2,1.3,shanked,,,moulded,,soldered (alpha),,central dot surrounded by circle and another two circles on the egde,,,,S5.2,1740,1760,1740-1760,1720-1780,Bishops Dining Room
173,678,16774,678,2836,y,pewter,cast,solid,,complete,good,flat disc,A2,1.4,shanked,,,moulded,,cast (wedge),,six leaf flower,,,,S25.1,1670,1710,1670-1710,1660-1720,Boys Lodge (servants?)
174,56,539,56,34,n,copper alloy,cast,solid,,incomplete,poor,flat disc,A2,1.5,,,,uncertain,,,,,,,,S33.1,1880,1952,1880-1952,1870-1960,Stables
175,53,546,53,38,y,copper alloy,cast,solid,,incomplete,good,flat disc,A2,1.2,,,,moulded,,,,five arm star with decorated border,,,,S32.1,1850,1890,1850-1890,1840-1900,Forge
176,95,1388,95,268,n,copper alloy,cast,solid,,complete,good,flat disc,A2,1.3,,,,undecorated,,,,,,,,S5.4,1780,1800,1780-1800,1780-1810,Pantry/Study & Library
177,105,1631,105,330,n,copper alloy,cast,solid,,incomplete,poor,flat disc,A2,1.5,,,,uncertain,,,,,,,,S7.5,,1890,1890,1870-1900,Vestibule & Corridor
178,182,3598,182,829,n,copper alloy,cast,solid,,incomplete,poor,flat disc,A2,2.2,,,,undecorated,,,,,,,,C.4,1850,1890,1850-1890,1840-1900,Courtyard
179,161,3634,161,866,n,copper alloy,cast,solid,,complete,good,flat disc,A2,1.1,,,,undecorated,,,,,,,,S13.2,1750,1800,1750-1800,1750-1810,Main Corridor
180,191,3629,191,893,n,copper alloy,cast,solid,,incomplete,very poor,flat disc,A2,1.3,,,,uncertain,,,,,,,very corrosion,S13.2,1750,1800,1750-1800,1750-1810,Main Corridor
181,177,3573,177,946,n,copper alloy,cast,solid,,incomplete,poor,flat disc,A2,1.6,,,,uncertain,,,,,,,realy thin button,S7.4,1840,1890,1840-1890,1840-1900,Vestibule & Corridor
182,144,3743,144,965,Y,copper alloy,cast,solid,,incomplete,very poor,flat disc,A2,,,,,moulded,,,,five petal,,,very corrosion,S5.3,1760,1780,1760-1780,1750-1780,Bishops Dining Room
183,195,3687,195,1063,n,copper alloy,cast,solid,,incomplete,good,flat disc,A2,1.4,,,,undecorated,,,,,,,,S13.2,1750,1800,1750-1800,1750-1810,Main Corridor
184,164,3761,164,1215,y,copper alloy,cast,solid,,complete,good,flat disc,A2,1.8,,,,,,,,small sunburst pattern in the center and decorated border,,,realy thin button,S7.2,1760,1800,1760-1800,1750-1810,Vestibule & Corridor
185,279,7255,279,1289,y,copper alloy,cast,solid,,complete,good,flat disc,A2,1.5,,,,moulded,,,,flower,,,,MB.3,1880,1930,1880-1930,1870-1930,Midden Zone B
186,281,7319,281,1398,y,copper alloy,cast,solid,,complete,good,flat disc,A2,1.8,,,,moulded,,,,central boss,,,,S11.2,1720,1730,1720-1730,1720-1750,Priests Living Quarters
187,282,7323,282,1412,y,copper alloy,cast,solid,,complete,good,flat disc,A2,1.2,,,,engraved,,,,flower,,,,S18.8,1790,1830,1790-1830,1780-1840,Midden
188,230,7466,230,1690,n,copper alloy,cast,solid,,incomplete,good,flat disc,A2,1.3,,,,undecorated,,,,,,,possibly just a part of a button - possibly textile cover mising,S7.2,1760,1800,1760-1800,1750-1810,Vestibule & Corridor
189,337,10156,337,1743,n,copper alloy,cast,solid,,incomplete,very poor,flat disc,A2,,,,,uncertain,,,,,,,,C.3,1830,1850,1830-1850,1810-1870,Courtyard
190,329,10186,329,1913,n,copper alloy,cast,solid,,incomplete,poor,flat disc,A2,,,,,undecorated,,,,,,,not sure if it is a button,S18.5,1740,1760,1740-1760,1720-1780,Pantry
191,301,10192,301,1928,n,copper alloy,cast,solid,,incomplete,good,flat disc,A2,1.4,,,,undecorated,,,,,,,rather deformed,MC.1,1650,1700,1650-1700,1630-1720,Midden Zone C
192,311,10203,311,1983,n,copper alloy,cast,solid,,incomplete,poor,flat disc,A2,1.9,,,,undecorated,,,,,,,,S17.7,1770,1790,1770-1790,1750-1810,Meat Store
193,332,10210,332,2030,n,copper alloy,cast,solid,,complete,good,flat disc,A2,1.3,,,,undecorated,,,,,,,,S17.7,1770,1790,1770-1790,1750-1810,Meat Store
194,680,16771,680,2665,n,copper alloy,cast,solid,,complete,poor,flat disc,A2,1.1,,,,moulded,,,,five leaf flower,,,,S17.4,1710,1720,1710-1720,1690-1720,Meat Store
195,663,16767,663,2705,n,copper alloy,cast,solid,,complete,good,flat disc,A2,1.3,,,,moulded,,,,six leaf flower,,,,S25.2,1710,1720,1710-1720,1690-1720,Boys Lodge (servants?)
196,379,13876,379,1,y,pewter,cast,solid,,complete,good,flat disc,A2,2,,,,moulded,,,,central hole? And six holes around,,,,LH,,1958,1958,1930-1960,Levelling Horizon
197,126,660,126,29,n,pewter,cast,solid,,incomplete,very poor,flat disc,A2,,,,,uncertain,,,,,,,very bad corrosion - not sure if it is flat or curved,S20.6,,1790,1790,1780-1810,School Dormitory
198,45,665,45,88,n,pewter,cast,solid,,complete,good,flat disc,A2,2,,,,undecorated,,,,,,,,S21.5,,1790,1790,1780-1810,School Room
199,29,570,29,108,n,pewter,cast,solid,,complete,good,flat disc,A2,2,,,,undecorated,,,,,,,,S29.1,1780,1800,1780-1800,1780-1810,Infirmary
200,127,571,127,116,n,pewter,cast,solid,,incomplete,very poor,flat disc,A2,,,,,uncertain,,,,,,,very bad corrosion - not sure if it is flat or curved,S20.4,1750,1770,1750-1770,1750-1780,School Dormitory
201,75,1516,75,303,n,pewter,cast,solid,,incomplete,poor,flat disc,A2,,,,,moulded,,,,circle near middle with lines from the middle - around the cirlce are rouletted pattern,,,,S8.3,1800,1850,1800-1850,1780-1870,Nursery/Private Chambers
202,122,1620,122,334,n,pewter,cast,solid,,incomplete,very poor,flat disc,A2,,,,,uncertain,,,,,,,very bad corrosion - not sure if it is flat or curved,S8.2,1750,1800,1750-1800,1750-1810,Nursery/Private Chambers
203,125,2734,125,582,n,pewter,cast,solid,,incomplete,very poor,flat disc,A2,,,,,uncertain,,,,,,,very bad corrosion - not sure if it is flat or curved,S15.3,1800,1850,1800-1850,1780-1810,Wheystore
204,118,2900,118,633,y,pewter,cast,solid,,complete,good,flat disc,A2,1.7,,,,moulded,,,,lines and pyramids?,,,,S5.4,1780,1800,1780-1800,1780-1810,Pantry/Study & Library
205,185,3636,185,902,n,pewter,cast,solid,,complete,good,flat disc,A2,1.7,,,,moulded,,,,cross at the center,,,,S30.2,1720,1740,1720-1740,1720-1750,School Master's House
206,188,3635,188,939,n,pewter,cast,solid,,incomplete,good,flat disc,A2,2.4,,,,undecorated,,,,,,,,S13.2,1750,1800,1750-1800,1750-1810,Main Corridor
207,193,3691,193,1071,n,pewter,cast,solid,,incomplete,good,flat disc,A2,1.8,,,,undecorated,,,,,,,,MC.3,1750,1900,1750-1900,1750-1810,Midden Zone C
208,263,7264,263,1319,y,pewter,cast,solid,,incomplete,good,flat disc,A2,1.4,,,,moulded,,,,flower in the center and eight medium dotts around,,,,S5.3,1760,1780,1760-1780,1750-1780,Bishops Dining Room
209,234,7281,234,1346,n,pewter,cast,solid,,incomplete,poor,flat disc,A2,1.5,,,,uncertain,,,,,,,not sure if it is a button or not?,S5.2,1740,1760,1740-1760,1720-1780,Bishops Dining Room
210,220,7364,220,1506,n,pewter,cast,solid,,incomplete,very poor,flat disc,A2,,,,,,,,,,,,,S19.1,1730,1770,1730-1770,1720-1780,School Refectory
211,229,7383,229,1549,y,pewter,cast,solid,,complete,good,flat disc,A2,1.4,,,,moulded,,,,central boss with flower around,,,,S13.2,1750,1800,1750-1800,1750-1810,Main Corridor
212,222,7397,222,1595,n,pewter,cast,solid,,complete,good,flat disc,A2,1.5,,,,moulded,,,,eight point sun,,,,S18.7,1770,1790,1770-1790,1750-1810,Pantry
213,338,10324,338,2380,n,pewter,cast,solid,,incomplete,poor,flat disc,A2,1.5,,,,moulded,,,,central boss with radiate lines,,,,S8.2,1750,1800,1750-1800,1750-1810,Nursery/Private Chambers
214,348,10373,348,2470,n,pewter,cast,solid,,complete,good,flat disc,A2,1.8,,,,undecorated,,,,,,,,S8.1,1720,1750,1720-1750,1720-1750,Nursery
215,369,14946,369,2643,n,pewter,cast,solid,,complete,good,flat disc,A2,1.4,,,,undecorated,,,,,,,,S25.2,1710,1720,1710-1720,1690-1720,Boys Lodge (servants?)
216,365,14965,365,2823,n,pewter,cast,solid,,complete,good,flat disc,A2,1.4,,,,moulded,,,,central circle in the middle and another circle on the edge,,,,S25.1,1670,1710,1670-1710,1660-1720,Boys Lodge (servants?)
217,359,14917,359,2904,y,pewter,cast,solid,,complete,good,flat disc,A2,1.2,,,,moulded,,,,flower?,,,,S23.1,1700,1720,1700-1720,1690-1720,Bishops Living Quarters
218,213,3582,213,775,y,copper alloy,cast,solid,,complete,poor,curved disc,A3,1.7,shanked,,,moulded,,cast (wedge),,unclear,,unclear letters,part of textile with it,S7.2,1760,1800,1760-1800,1750-1810,Vestibule & Corridor
219,57,535,57,27,y,copper alloy,cast,solid,,complete,good,curved disc,A3,1.5,shanked,,,moulded,,cast (wedge),,central boss with radiate lines,,,,S33.1,1880,1952,1880-1952,1870-1960,Stables
220,59,535,59,27,y,copper alloy,cast,solid,,complete,good,curved disc,A3,1.5,shanked,,,moulded,,cast (wedge),,floral,,,,S33.1,1880,1952,1880-1952,1870-1960,Stables
221,24,548,24,54,n,copper alloy,cast,solid,,complete,good,curved disc,A3,1.4,shanked,,,moulded,,cast (wedge),,small central boss with radiate lines,,,,S20.5,1770,1790,1770-1790,1750-1810,School Dormitory
222,27,372,27,54,y,copper alloy,cast,solid,,complete,good,curved disc,A3,2.2,shanked,,,moulded,,cast (wedge),,"four-pointed central petal við one arrow, decorated border",,,,S20.5,1770,1790,1770-1790,1750-1810,School Dormitory
223,3,558,3,85,y,copper alloy,cast,solid,,complete,good,curved disc,A3,1.5,shanked,,,moulded,,cast (wedge),,edge cyrcle,,,,S21.5,,1790,1790,1780-1810,School Room
224,9,565,9,94,y,copper alloy,cast,solid,,complete,good,curved disc,A3,2,shanked,,,moulded,,soldered,,six circle around one cirlcle in the middle,,,,S21.5,,1790,1790,1780-1810,School Room
225,69,1431,69,296,y,copper alloy,cast,solid,,complete,good,curved disc,A3,2.1,shanked,,,moulded,,cast (wedge),,dots-box in middle with four wave around - lines on edge,,,,S13.3,1800,1830,1800-1830,1780-1840,Main Corridor
226,119,2863,119,612,y,copper alloy,cast,solid,,complete,good,curved disc,A3,1.5,shanked,,,moulded,,cast (wedge),,concentric in the middle,,,,S29.1,1780,1800,1780-1800,1780-1810,Infirmary
227,138,3582,138,775,n,copper alloy,cast,solid,,complete,good,curved disc,A3,1.7,shanked,,,undecorated,,cast (wedge),,,,,possbly textile with it,S7.2,1760,1800,1760-1800,1750-1810,Vestibule & Corridor
228,136,3730,136,988,y,copper alloy,cast,solid,,complete,good,curved disc,A3,1.5,shanked,,,moulded,,soldered (alpha),,central boss with flower around - on the edge two chain of wave,yes,,,S30.1,1670,1720,1670-1720,1660-1720,School Master's House
229,142,3690,142,1066,n,copper alloy,cast,solid,,complete,poor,curved disc,A3,2,shanked,,,moulded,,cast (loop),,concave in middle - edge circle,,,,S13.2,1750,1800,1750-1800,1750-1810,Main Corridor
230,262,7419,262,1627,n,copper alloy,cast,solid,,complete,good,curved disc,A3,1.4,shanked,,,moulded,,cast (wedge),,central boss with radiate lines,,,,S7.1,1720,1760,1720-1760,1720-1780,Vestibule & Corridor
231,272,7423,272,1627,n,copper alloy,cast,solid,,complete,good,curved disc,A3,1.9,shanked,,,moulded,,cast (wedge),,central dot with circle on the edge,,,,S7.1,1720,1760,1720-1760,1720-1780,Vestibule & Corridor
232,239,7441,239,1630,y,copper alloy,cast,solid,,complete,good,curved disc,A3,1.2,shanked,,,engraved,,soldered (alpha),,four blade flower,,,,S5.2,1740,1760,1740-1760,1720-1780,Bishops Dining Room
233,310,10321,310,2380,n,copper alloy,cast,solid,,complete,good,curved disc,A3,2.1,shanked,,,moulded,,cast (wedge),,central dot with circle on the edge,,,textile enwrap around the shank,S8.2,1750,1800,1750-1800,1750-1810,Nursery/Private Chambers
234,705,10378,705,2473,y,copper alloy,cast,solid,,complete,poor,curved disc,A3,2.3,shanked,,,moulded,,cast (wedge),,Face with dots aaround on the egde (man on the moon),,,intresting,S8.1,1720,1750,1720-1750,1720-1750,Nursery
235,669,16786,669,2780,n,copper alloy,cast,solid,,complete,good,curved disc,A3,1.4,shanked,,,moulded,,cast (wedge),,central boss with radiate lines,,,,S25.2,1710,1720,1710-1720,1690-1720,Boys Lodge (servants?)
236,685,16783,685,2788,n,copper alloy,cast,solid,,complete,good,curved disc,A3,1.3,shanked,,,moulded,,cast (loop),,"central boss with five leaf flower around, the leafs have radiate lines",,,,S25.2,1710,1720,1710-1720,1690-1720,Boys Lodge (servants?)
237,380,14935,380,2813,y,copper alloy,cast,solid,,complete,good,curved disc,A3,1.8,shanked,,,moulded,,cast (loop),,five circles,possible,,,S25.1,1670,1710,1670-1710,1660-1720,Boys Lodge (servants?)
238,627,664,627,88,y,pewter,cast,solid,,complete,good,curved disc,A3,2.2,shanked,,,moulded,,cast (loop),,central dot with circle on the edge,,,,S21.5,,1790,1790,1780-1810,School Room
239,88,1995,88,379,n,pewter,cast,solid,,complete,good,curved disc,A3,1.4,shanked,,,undecorated,,cast (wedge),,,,,,S5.4,1780,1800,1780-1800,1780-1810,Pantry/Study & Library
240,114,2618,114,542,y,pewter,cast,solid,,complete,good,curved disc,A3,2,shanked,,,moulded,,cast (loop),,central boss with swirl lines,,,,S11.4,,1740,1740,1720-1750,Priests Living Quarters
241,130,3641,130,902,y,pewter,cast,solid,,complete,good,curved disc,A3,1.5,shanked,,,moulded,,cast (wedge),,central boss with radiate lines,,,,S30.2,1720,1740,1720-1740,1720-1750,School Master's House
242,141,3609,141,988,y,pewter,cast,solid,,complete,good,curved disc,A3,1.6,shanked,,,moulded,,cast (wedge),,central boss with radiate lines,yes,,,S30.1,1670,1720,1670-1720,1660-1720,School Master's House
243,145,3729,145,988,n,pewter,cast,solid,,complete,good,curved disc,A3,2,shanked,,,moulded,,cast (loop),,swirl pattern,,,,S30.1,1670,1720,1670-1720,1660-1720,School Master's House
244,721,3674,721,1034,y,pewter,cast,solid,,complete,poor,curved disc,A3,1.5,shanked,,,moulded,,soldered (alpha),,Boss in the central with flower decoration around. Between the leafs are net-pattern,,,,S13.2,1750,1800,1750-1800,1750-1810,Main Corridor
245,734,3766,734,1157,n,pewter,cast,solid,,complete,good,curved disc,A3,1.8,shanked,,,moulded,,cast (wedge),,cicle (pellet) in the central with a circle on the edge/border,,,,S5.3,1760,1780,1760-1780,1750-1780,Bishops Dining Room
246,267,7262,267,1316,n,pewter,cast,solid,,complete,good,curved disc,A3,1.6,shanked,,,moulded,,soldered (alpha),,central boss with radiate lines,,,,S18.8,1790,1830,1790-1830,1780-1840,Midden
247,276,7299,276,1362,n,pewter,cast,solid,,complete,good,curved disc,A3,1.6,shanked,,,moulded,,cast (wedge),,central dot with circle on the edge,,,,S18.8,1790,1830,1790-1830,1780-1840,Midden
248,255,7324,255,1415,n,pewter,cast,solid,,complete,good,curved disc,A3,1.7,shanked,,,moulded,,cast (wedge),,central boss with radiate lines,,,,S7.2,1760,1800,1760-1800,1750-1810,Vestibule & Corridor
249,248,7328,248,1424,n,pewter,cast,solid,,complete,good,curved disc,A3,1.3,shanked,,,engraved,,soldered (alpha),,five blade flower,,,,S5.2,1740,1760,1740-1760,1720-1780,Bishops Dining Room
250,702,7330,702,1428,y,pewter,cast,solid,,complete,good,curved disc,A3,2.6,shanked,,,moulded,,cast (wedge),,cast moulded - edge circle,,,,C.4,1850,1890,1850-1890,1840-1900,Courtyard
251,261,7362,261,1505,n,pewter,cast,solid,,complete,good,curved disc,A3,2,shanked,,,moulded,,cast (wedge),,central dot with circle on the edge,,,,S19.1,1730,1770,1730-1770,1720-1780,School Refectory
252,232,7442,232,1630,n,pewter,cast,solid,,complete,good,curved disc,A3,1.5,shanked,,,moulded,,cast (wedge),,central boss,,,,S5.2,1740,1760,1740-1760,1720-1780,Bishops Dining Room
253,243,7440,243,1630,n,pewter,cast,solid,,complete,good,curved disc,A3,1.4,shanked,,,moulded,,cast (wedge),,uncertain,,,,S5.2,1740,1760,1740-1760,1720-1780,Bishops Dining Room
254,328,10153,328,1714,n,pewter,cast,solid,,incomplete,poor,curved disc,A3,,shanked,,,uncertain,,soldered (alpha),,,,,,S18.6,1760,1770,1760-1770,1750-1780,Pantry
255,300,10261,300,2195,y,pewter,cast,solid,,complete,good,curved disc,A3,2.3,shanked,,,moulded,,cast (wedge),,face,,,,C.2,1720,1830,1720-1830,1720-1840,Courtyard
256,303,12485,303,2527,n,pewter,cast,solid,,complete,good,curved disc,A3,1,shanked,,,undecorated,,soldered (alpha),,,,,,S10.1,1700,1740,1700-1740,1690-1750,Kitchen
257,357,14981,357,2650,n,pewter,cast,solid,,complete,good,curved disc,A3,1.2,shanked,,,undecorated,,cast (loop),,,,,,S25.2,1710,1720,1710-1720,1690-1720,Boys Lodge (servants?)
258,686,16782,686,2692,n,pewter,cast,solid,,complete,good,curved disc,A3,1.1,shanked,,,undecorated,,soldered (alpha),,,,,,S23.1,1700,1720,1700-1720,1690-1720,Bishops Living Quarters
259,689,16768,689,2695,y,pewter,cast,solid,,complete,good,curved disc,A3,1,shanked,,,moulded,,cast (loop),,central boss with five doblue waves on the edge,,,same pattern as on button 694,S23.1,1700,1720,1700-1720,1690-1720,Bishops Living Quarters
260,681,16765,681,2709,y,pewter,cast,solid,,complete,good,curved disc,A3,2.2,shanked,,,moulded,,soldered (alpha),,central boss with radiate lines,,,,S25.2,1710,1720,1710-1720,1690-1720,Boys Lodge (servants?)
261,683,16777,683,2789,n,pewter,cast,solid,,complete,good,curved disc,A3,1.1,shanked,,,uncertain,,soldered (alpha),,,,,,S25.2,1710,1720,1710-1720,1690-1720,Boys Lodge (servants?)
262,694,16775,694,2827,y,pewter,cast,solid,,complete,good,curved disc,A3,1.1,shanked,,,moulded,,soldered (alpha),,central boss with five doblue waves on the edge,,,same pattern as on button 689,S25.1,1670,1710,1670-1710,1660-1720,Boys Lodge (servants?)
263,390,13783,390,2831,n,pewter,cast,solid,,complete,good,curved disc,A3,1.6,shanked,,,moulded,,soldered (alpha),,central boss with swril decoration,,,,S25.1,1670,1710,1670-1710,1660-1720,Boys Lodge (servants?)
264,665,16773,665,2832,n,pewter,cast,solid,,complete,good,curved disc,A3,1.1,shanked,,,undecorated,,cast (loop),,,,,,S25.1,1670,1710,1670-1710,1660-1720,Boys Lodge (servants?)
265,692,16769,692,2832,y,pewter,cast,solid,,complete,good,curved disc,A3,1.2,shanked,,,moulded,,soldered (alpha),,central boss with flower shape on the button it self,,,,S25.1,1670,1710,1670-1710,1660-1720,Boys Lodge (servants?)
266,706,13835,706,2832,y,pewter,cast,solid,,incomplete,good,curved disc,A3,2.2,shanked,,,moulded,,,gylted - brownish,Rounded spiral with a low boss in the central,yes,,"The shank is missing, possible cast (loop)",S25.1,1670,1710,1670-1710,1660-1720,Boys Lodge (servants?)
267,670,16778,670,2838,n,silver,cast,solid,,complete,good,curved disc,A3,1,shanked,,,undecorated,,soldered (alpha),,,,,,S25.1,1670,1710,1670-1710,1660-1720,Boys Lodge (servants?)
268,135,3759,135,1211,n,copper alloy,cast,solid,,complete,good,curved disc,A3,2.1,,,,undecorated,,,,,,,with textile,S5.2,1740,1760,1740-1760,1720-1780,Bishops Dining Room
269,270,7450,270,1646,n,copper alloy,cast,solid,,complete,good,curved disc,A3,1.9,,,,engraved,,,,small lines on the border,,,,C.2-3,1720,1850,1720-1850,1720-1870,Courtyard
270,364,14965,364,2823,n,copper alloy,cast,solid,,complete,good,curved disc,A3,1.1,,,,undecorated,,,,,,,,S25.1,1670,1710,1670-1710,1660-1720,Boys Lodge (servants?)
271,688,16763,688,2839,y,copper alloy,cast,solid,,complete,poor,curved disc,A3,1.3,,,,moulded,,,,Squere box  with cross in it and decoration,,,,S25.1,1670,1710,1670-1710,1660-1720,Boys Lodge (servants?)
272,63,535,63,27,n,pewter,cast,solid,,incomplete,poor,curved disc,A3,1.5,,,,uncertain,,,,,,,,S33.1,1880,1952,1880-1952,1870-1960,Stables
273,48,662,48,69,n,pewter,cast,solid,,incomplete,very poor,curved disc,A3,,,,,,,,,,,,,S20.5,1770,1790,1770-1790,1750-1810,School Dormitory
274,42,669,42,149,n,pewter,cast,solid,,incomplete,poor,curved disc,A3,,,,,engraved,,,,five petal - flower,,,,S21.3,1750,1770,1750-1770,1750-1780,School Room
275,92,2511,92,448,n,pewter,cast,solid,,incomplete,poor,curved disc,A3,1.2,,,,uncertain,,,,,,,,S20.2,1670,1700,1670-1700,1660-1720,School Dormitory
276,128,3589,128,853,n,pewter,cast,solid,,incomplete,very poor,curved disc,A3,,,,,uncertain,,,,,,,very bad corrosion - not sure if it is flat or curved,S22.3,1730,1750,1730-1750,1720-1750,Assistant Teachers Quarters
277,129,3700,129,1050,y,pewter,cast,solid,,complete,good,curved disc,A3,1.3,,,,undecorated,,,,very small centra boss,,,,MB.2,1830,1850,1830-1850,1810-1870,Midden Zone B
278,249,7291,249,1359,n,pewter,cast,solid,,complete,good,curved disc,A3,1.1,,,,uncertain,,,,,,,,S6.1,1720,1760,1720-1760,1720-1780,Bishops Living Quarters
279,235,7456,235,1657,n,pewter,cast,solid,,complete,good,curved disc,A3,1.4,,,,uncertain,,,,,,,,S11.1,1690,1720,1690-1720,1690-1720,Living Quarters
280,237,7460,237,1679,n,pewter,cast,solid,,complete,good,curved disc,A3,1.5,,,,undecorated,,,,,,,,S7.1,1720,1760,1720-1760,1720-1780,Vestibule & Corridor
281,293,10262,293,2195,y,pewter,cast,solid,,complete,good,curved disc,A3,1.6,,,,moulded,,,,horse,,,,C.2,1720,1830,1720-1830,1720-1840,Courtyard
282,299,10261,299,2195,y,pewter,cast,solid,,complete,good,curved disc,A3,2,,,,moulded,,,,central boss with radiate lines and betrween are vertical lines,,,,C.2,1720,1830,1720-1830,1720-1840,Courtyard
283,302,12486,302,2200,n,pewter,cast,solid,,incomplete,poor,curved disc,A3,1.7,,,,uncertain,,,,,,,,S18.4,1700,1740,1700-1740,1690-1750,Pantry
284,308,10312,308,2356,y,pewter,cast,solid,,incomplete,good,curved disc,A3,2.7,,,,moulded,,,,flower,,,,S8.2,1750,1800,1750-1800,1750-1810,Nursery/Private Chambers
285,336,10333,336,2397,n,pewter,cast,solid,,complete,good,curved disc,A3,1.7,,,,moulded,,,,central boss with swirl design,yes,,,S17.5,1720,1750,1720-1750,1720-1750,Meat Store
286,354,10374,354,2471,n,pewter,cast,solid,,complete,good,curved disc,A3,1.4,,,,moulded,,,,flower? In the central (rather unclear),,,,S8.1,1720,1750,1720-1750,1720-1750,Nursery
287,330,10384,330,2495,n,pewter,cast,solid,,incomplete,poor,curved disc,A3,,,,,moulded,,,,uncertain,,,,S17.5,1720,1750,1720-1750,1720-1750,Meat Store
288,307,10389,307,2521,n,pewter,cast,solid,,complete,good,curved disc,A3,1.9,,,,moulded,,,,swirl pattern,,,,S25.2,1710,1720,1710-1720,1690-1720,Boys Lodge (servants?)
289,368,13843,368,2642,y,pewter,cast,solid,,complete,good,curved disc,A3,1.3,,,,moulded,,,,circle in the middle of the button with uncertain decoration on the edge is also decoration,yes,,,S25.2,1710,1720,1710-1720,1690-1720,Boys Lodge (servants?)
290,389,13841,389,2677,y,pewter,cast,solid,,complete,good,curved disc,A3,1.4,,,,moulded,,,,flower - four leaf and under four leaf,,,,S25.2,1710,1720,1710-1720,1690-1720,Boys Lodge (servants?)
291,682,16781,682,2690,n,pewter,cast,solid,,incomplete,poor,curved disc,A3,1,,,,uncertain,,,,,,,,S23.1,1700,1720,1700-1720,1690-1720,Bishops Living Quarters
292,687,16782,687,2692,n,pewter,cast,solid,,complete,good,curved disc,A3,1.1,,,,moulded,,,,six leaf flower,,,,S23.1,1700,1720,1700-1720,1690-1720,Bishops Living Quarters
293,690,16764,690,2693,n,pewter,cast,solid,,incomplete,good,curved disc,A3,1.1,,,,uncertain,,,,,,,,S25.2,1710,1720,1710-1720,1690-1720,Boys Lodge (servants?)
294,370,13768,370,2820,y,pewter,cast,solid,,complete,good,curved disc,A3,1.2,,,,moulded,,,,basket weave design - similar/same as Bailey bls 69 mynd 9.224,,,,S25.1,1670,1710,1670-1710,1660-1720,Boys Lodge (servants?)
295,666,16773,666,2832,n,pewter,cast,solid,,complete,good,curved disc,A3,1.1,,,,undecorated,,,,,,,,S25.1,1670,1710,1670-1710,1660-1720,Boys Lodge (servants?)
296,676,16785,676,2836,y,pewter,cast,solid,,complete,good,curved disc,A3,1.1,,,,moulded,,,,central boss with dot in and around are six dots which are sparkling,,,,S25.1,1670,1710,1670-1710,1660-1720,Boys Lodge (servants?)
297,677,16785,677,2836,n,pewter,cast,solid,,complete,good,curved disc,A3,1.2,,,,moulded,,,,central circle with another circle around that,,,,S25.1,1670,1710,1670-1710,1660-1720,Boys Lodge (servants?)
298,691,16776,691,2840,n,pewter,cast,solid,,complete,good,curved disc,A3,1.2,,,,moulded,,,,central boss with swirl lines which are dobule,,,,S25.1,1670,1710,1670-1710,1660-1720,Boys Lodge (servants?)
299,216,7360,216,1504,y,silver,cast,solid,,complete,good,curved disc,A3,1.5,,,,moulded,,,,flower,,,,S19.1,1730,1770,1730-1770,1720-1780,School Refectory
300,388,14982,388,2813,y,silver,cast,solid,,complete,good,curved disc,A3,1.6,,,,moulded,,,,half circles on the edge,,,,S25.1,1670,1710,1670-1710,1660-1720,Boys Lodge (servants?)
301,102,2321,102,395,n,pewter,cast,solid,,complete,good,spherical,A4,1,,,,undecorated,,,,,,,,S20.2,1670,1700,1670-1700,1660-1720,School Dormitory
302,97,2774,97,550,y,pewter,cast,solid,,incomplete,poor,spherical,A4,1,,,,moulded,,,,circle of lines aorund the button?,,,,S20.2,1670,1700,1670-1700,1660-1720,School Dormitory
303,748,7354,748,1479,n,pewter,cast,solid,,incomplete,very poor,spherical,A4,1,,,,,,,,,,,spheroid - poss button,S13.2,1750,1800,1750-1800,1750-1810,Main Corridor
304,218,7277,218,1346,y,pewter,cast,solid,,complete,good,elliptical,A5,2.2,shanked,,,undecorated,,soldered (alpha),,hexgonal shape?,,,,S5.2,1740,1760,1740-1760,1720-1780,Bishops Dining Room
305,294,10262,294,2196,y,pewter,cast,solid,,complete,good,elliptical,A5,1.1,shanked,,,moulded,,cast (loop),,flower,,,,C.2,1720,1830,1720-1830,1720-1840,Courtyard
306,2,553,2,75,y,copper alloy,Sheet,hollow,,complete,good,domed,B1,1.3,shanked,,,moulded,,cast (wedge),,starfish,possible,,,S33.1,1880,1952,1880-1952,1870-1960,Stables
307,722,7453,722,1652,y,Copper alloy,Sheet,hollow,,incomplete,poor,domed,B1,1.2,shanked,,,engraved,,soldered (alpha),,Flower patern with star under,,,Very fragil fragments,S5.2,1740,1760,1740-1760,1720-1780,Bishops Dining Room
308,727,17517,727,2872,n,Copper alloy,Sheet,hollow,,incomplete,good,domed,B1,1.5,shanked,,,undecorated,,,,,,,,S25.1,1670,1710,1670-1710,1660-1720,Boys Lodge (servants?)
309,360,14910,360,2705,y,pewter,Sheet,hollow,,complete,good,domed,B1,1.6,shanked,,,uncertain,,cast (loop),,,,,,S25.2,1710,1720,1710-1720,1690-1720,Boys Lodge (servants?)
310,169,3724,169,1054,y,silver,Sheet,hollow,,complete,good,domed,B1,1,shanked,,,moulded,,soldered,,central boss and a cirle around that,,,two small holes,S22.1,1670,1700,1670-1700,1660-1720,Assistant Teachers Quarters
311,224,7412,224,1627,y,silver,Sheet,hollow,,complete,good,domed,B1,1,shanked,,,undecorated,,soldered (alpha),,"some uncertain lines, not sure if it is a decoration",,,,S7.1,1720,1760,1720-1760,1720-1780,Vestibule & Corridor
312,111,3460,111,640,n,pewter,Sheet,hollow,,complete,good,domed,B1,0.9,,,,moulded,,,,very small centra boss with lines out half way on the button,,,,S20.2,1670,1700,1670-1700,1660-1720,School Dormitory
313,729,544,729,37,n,Copper alloy,Sheet,hollow,,incomplete,very poor,curved disc,B3,2.1,shanked,,,moulded,,cast (loop),,central boss with a circle line on the edge,,,- very poor condition,S20.6,,1790,1790,1780-1810,School Dormitory
314,71,1688,71,307,n,copper alloy,Sheet,hollow,,incomplete,poor,curved disc,B3,2,shanked,,,engraved,,soldered (alpha),,uncertain,,,,S4.4,1800,1840,1800-1840,1780-1840,Pantry/Kitchen
315,120,2863,120,612,y,copper alloy,Sheet,hollow,,complete,good,spherical,B4,1.1,shanked,,,undecorated,,soldered (alpha),,,,,,S29.1,1780,1800,1780-1800,1780-1810,Infirmary
316,86,2125,86,405,n,pewter,Sheet,hollow,,incomplete,poor,spherical,B4,1.4,,,,moulded,,,,radiate lines from central,,,,S11.4,,1740,1740,1720-1750,Priests Living Quarters
317,44,532,44,10,y,copper alloy,Sheet,hollow,,complete,good,elliptical,B5,1.8,,,,undecorated,,,,,yes,,possibly silver,T1.2,1984,1986,1984-1986,1960-1990,Guðmundur Ólafsson Excavation
318,353,10374,353,2471,n,copper alloy,Sheet,back,,complete,good,,B,1.2,shanked,,,,,soldered (alpha),,,,,,S8.1,1720,1750,1720-1750,1720-1750,Nursery
319,699,16770,699,2691,n,copper alloy,Sheet,back,,incomplete,poor,,B,0.9,shanked,,,,,soldered (alpha),,,,,,S23.1,1700,1720,1700-1720,1690-1720,Bishops Living Quarters
320,384,13792,384,2727,n,copper alloy,Sheet,back,,incomplete,good,,B,1.5,,,,,,,,,,,,S23.2,,1720,1720,1690-1720,Bishops Living Quarters
321,517,10199,517,1972,n,copper alloy,Sheet,composite,,incomplete,very poor,,B,,,,,uncertain,,,,,,,,S17.7,1770,1790,1770-1790,1750-1810,Meat Store
322,510,10322,510,2380,n,wood-copper,Sheet,composite,,incomplete,poor,,B,1.8,,,,,,,,,,,,S8.2,1750,1800,1750-1800,1750-1810,Nursery/Private Chambers
323,319,10268,319,2215,n,copper alloy,Sheet,back,,incomplete,poor,domed,B1,,,,,,,,,,,,,S5.2,1740,1760,1740-1760,1720-1780,Bishops Dining Room
324,179,3577,179,759,n,copper alloy,Sheet,composite,soldered,incomplete,very poor,domed,B1,1.6,shanked,,,moulded,,backplate inset (composite),,circle on the middle of the button and some uncertain pattern inside it,,,,T1.3,2002,2007,2002-2007,1990-2020,FSÍ Excavation
325,204,3596,204,853,n,copper alloy,Sheet,composite,soldered,complete,good,domed,B1,1.3,shanked,,,undecorated,,soldered (omega),,,,,,S22.3,1730,1750,1730-1750,1720-1750,Assistant Teachers Quarters
326,153,3608,153,988,n,copper alloy,Sheet,composite,soldered,incomplete,poor,domed,B1,1.3,shanked,,,uncertain,,soldered (alpha),,,,,,S30.1,1670,1720,1670-1720,1660-1720,School Master's House
327,292,10262,292,2195,y,copper alloy,Sheet,composite,crimped,complete,poor,domed,B1,1.5,shanked,,,undecorated,,cast inset (cone & loop),,,,,,C.2,1720,1830,1720-1830,1720-1840,Courtyard
328,155,3604,155,902,y,pewter,Sheet,composite,soldered,complete,good,domed,B1,1.4,shanked,,,moulded,,soldered (omega),,central boss with flower decoraton around,yes,,,S30.2,1720,1740,1720-1740,1720-1750,School Master's House
329,158,3626,158,902,y,pewter,Sheet,composite,soldered,complete,good,domed,B1,1.3,shanked,,,engraved,,soldered (alpha),,central boss with five dimonds shape leaf from it,,,,S30.2,1720,1740,1720-1740,1720-1750,School Master's House
330,181,3744,181,965,n,pewter,Sheet,composite,soldered,incomplete,poor,domed,B1,2.2,shanked,,,uncertain,,soldered (alpha),,,,,,S5.3,1760,1780,1760-1780,1750-1780,Bishops Dining Room
331,507,3628,507,902,y,wood-copper,Sheet,composite,soldered,complete,good,domed,B1,2.2,shanked,1,,undecorated,,,,,,,,S30.2,1720,1740,1720-1740,1720-1750,School Master's House
332,178,3577,178,759,y,copper alloy,Sheet,composite,soldered,incomplete,poor,domed,B1,1.5,,,,moulded,,,,franch pattern,,,,T1.3,2002,2007,2002-2007,1990-2020,FSÍ Excavation
333,186,3583,186,778,n,copper alloy,Sheet,composite,soldered,incomplete,poor,domed,B1,2.1,,,,moulded,,,,uncertain,,,are in two pices,S29.1,1780,1800,1780-1800,1780-1810,Infirmary
334,358,13842,358,2641,y,copper alloy,Sheet,composite,crimped,complete,good,domed,B1,1.5,,,,moulded,,,,"central dot with small flower inside and five ""leaf"" around the dot with decoratin between",,,,S25.2,1710,1720,1710-1720,1690-1720,Boys Lodge (servants?)
335,162,3606,162,1008,n,pewter,Sheet,composite,soldered,incomplete,very poor,domed,B1,1.6,,,,uncertain,,,,,,,,S22.1,1670,1700,1670-1700,1660-1720,Assistant Teachers Quarters
336,765,16412,,2829,,silver/wood?,Sheet,composite,,complete,good,domed,B1,1.4,,,,,,,,,,,silver wire thread wound round ?wooden core; shank broken; domed shape,S25.1,1670,1710,1670-1710,1660-1720,Boys Lodge (servants?)
337,712,3733,712,1034,n,wood-copper,Sheet,composite,,incomplete,very poor,domed,B1,1.2,,,,moulded,,,,Flower in the central with six small dots between each leaf. The border is decorated with leafs,,,"The button is in two pices parts, the wood and the copper. Both very fragil",S13.2,1750,1800,1750-1800,1750-1810,Main Corridor
338,745,2009,745,405,n,pewter,Sheet,composite,,incomplete,poor,domed,B1,1.1,,,,,,,,,,,"sheet dome, bent - poss jacket for hemispherical button",MC.1,1650,1700,1650-1700,1630-1720,Midden Zone C
339,30,537,30,29,n,copper alloy,Sheet,cover,soldered,incomplete,poor,domed,B1,1.5,,,,moulded,,,,concentric circles,,,,S20.6,,1790,1790,1780-1810,School Dormitory
340,21,553,21,75,n,copper alloy,Sheet,cover,soldered,incomplete,good,domed,B1,,,,,moulded,,,,uncler,,,,S33.1,1880,1952,1880-1952,1870-1960,Stables
341,22,553,22,75,n,copper alloy,Sheet,cover,,incomplete,very poor,domed,B1,1.2,,,,uncertain,,,,uncler,,,,S33.1,1880,1952,1880-1952,1870-1960,Stables
342,104,1649,104,335,n,copper alloy,Sheet,cover,,incomplete,very poor,domed,B1,1.5,,,,moulded,,,,radiate lines,,,,S8.2,1750,1800,1750-1800,1750-1810,Nursery/Private Chambers
343,124,1638,124,335,n,copper alloy,Sheet,cover,,incomplete,poor,domed,B1,1,,,,undecorated,,,,,,,,S8.2,1750,1800,1750-1800,1750-1810,Nursery/Private Chambers
344,85,1980,85,374,n,copper alloy,Sheet,cover,,complete,good,domed,B1,1.6,,,,engraved,,,,four patel with central boss,,,,S8.2,1750,1800,1750-1800,1750-1810,Nursery/Private Chambers
345,165,4684,165,591,n,copper alloy,Sheet,cover,,incomplete,very poor,domed,B1,1,,,,undecorated,,,,,,,,MC.1,1650,1700,1650-1700,1630-1720,Midden Zone C
346,194,3687,194,1063,n,copper alloy,Sheet,cover,,complete,poor,domed,B1,1.4,,,,undecorated,,,,,,,,S13.2,1750,1800,1750-1800,1750-1810,Main Corridor
347,208,3741,208,1180,n,copper alloy,Sheet,cover,,incomplete,poor,domed,B1,1,,,,undecorated,,,,,,,,S5.3,1760,1780,1760-1780,1750-1780,Bishops Dining Room
348,238,7307,238,1390,y,copper alloy,Sheet,cover,,incomplete,poor,domed,B1,1.7,,,,moulded,,,,flower pattern? With decoration on the edge,,,,S5.2,1740,1760,1740-1760,1720-1780,Bishops Dining Room
349,280,7316,280,1393,y,copper alloy,Sheet,cover,,complete,poor,domed,B1,1.6,,,,moulded,,,,flower in the center and decoration on the edge,,,,S5.2,1740,1760,1740-1760,1720-1780,Bishops Dining Room
350,283,7336,283,1448,n,copper alloy,Sheet,cover,,complete,good,domed,B1,1.1,,,,undecorated,,,,,,,"some lines on the button, but not as decoration",S5.2,1740,1760,1740-1760,1720-1780,Bishops Dining Room
351,273,7374,273,1514,n,copper alloy,Sheet,cover,,incomplete,poor,domed,B1,,,,,moulded,,,,lines and small holes,,,,S18.7,1770,1790,1770-1790,1750-1810,Pantry
352,227,7405,227,1627,n,copper alloy,Sheet,cover,,incomplete,poor,domed,B1,1.1,,,,engraved,,,,central boss with flower around,,,,S7.1,1720,1760,1720-1760,1720-1780,Vestibule & Corridor
353,259,7416,259,1627,n,copper alloy,Sheet,cover,,incomplete,poor,domed,B1,0.8,,,,undecorated,,,,,,,,S7.1,1720,1760,1720-1760,1720-1780,Vestibule & Corridor
354,271,7443,271,1630,n,copper alloy,Sheet,cover,,complete,good,domed,B1,1,,,,undecorated,,,,,,,,S5.2,1740,1760,1740-1760,1720-1780,Bishops Dining Room
355,512,7438,512,1630,y,copper alloy,Sheet,cover,,complete,good,domed,B1,1.8,,,,moulded,,,,"small centra boss with small engrave lines out from it and six larger rip down from the center, hole between the rips on the edge",,,,S5.2,1740,1760,1740-1760,1720-1780,Bishops Dining Room
356,320,10208,320,2016,n,copper alloy,Sheet,cover,,complete,good,domed,B1,1.2,,,,undecorated,,,,,,,,MC.1,1650,1700,1650-1700,1630-1720,Midden Zone C
357,322,10206,322,2016,n,copper alloy,Sheet,cover,,incomplete,poor,domed,B1,1.7,,,,undecorated,,,,,,,,MC.1,1650,1700,1650-1700,1630-1720,Midden Zone C
358,333,10217,333,2054,y,copper alloy,Sheet,cover,,incomplete,poor,domed,B1,1.3,,,,engraved,,,,small centra boss with five leaf flower around,,,,S6.1,1720,1760,1720-1760,1720-1780,Bishops Living Quarters
359,304,10240,304,2135,n,copper alloy,Sheet,cover,,incomplete,poor,domed,B1,0.7,,,,undecorated,,,,,,,,MC.1,1650,1700,1650-1700,1630-1720,Midden Zone C
360,327,10277,327,2227,n,copper alloy,Sheet,cover,,incomplete,poor,domed,B1,1,,,,undecorated,,,,,,,,IS.1,1650,1720,1650-1720,1630-1720,Interstice
361,324,10294,324,2298,n,copper alloy,Sheet,cover,soldered,incomplete,good,domed,B1,1.8,,,,moulded,,,,central boss - the cover is like hat,,,,S17.5,1720,1750,1720-1750,1720-1750,Meat Store
362,356,14963,356,2638,n,copper alloy,Sheet,cover,,complete,good,domed,B1,1,,,,undecorated,,,,,,,,S25.2,1710,1720,1710-1720,1690-1720,Boys Lodge (servants?)
363,674,16766,674,2639,y,copper alloy,Sheet,cover,,incomplete,good,domed,B1,1.5,,,,engraved,,,,doble zic zag in the center and around that are like suture (höfuð saumur),,,,S25.2,1710,1720,1710-1720,1690-1720,Boys Lodge (servants?)
364,386,14947,386,2672,y,copper alloy,Sheet,cover,,incomplete,good,domed,B1,,,,,moulded,,,,"central boss with ""sand hill"" decoration on the edge",,,indented,S25.2,1710,1720,1710-1720,1690-1720,Boys Lodge (servants?)
365,387,14947,387,2672,n,copper alloy,Sheet,cover,,incomplete,poor,domed,B1,,,,,undecorated,,,,,,,indented,S25.2,1710,1720,1710-1720,1690-1720,Boys Lodge (servants?)
366,372,14940,372,2949,y,copper alloy,Sheet,cover,,incomplete,poor,domed,B1,1.2,,,,moulded,,,,flower,,,,S23.1,1700,1720,1700-1720,1690-1720,Bishops Living Quarters
367,738,8709,738,1,n,metal- stamped-covered,Sheet,cover,,incomplete,very poor,domed,B1,1,,,,uncertain,,,,,,,just the cover of a hollow button,LH,,1958,1958,1930-1960,Levelling Horizon
368,79,1560,79,283,n,pewter,Sheet,cover,,incomplete,poor,domed,B1,1.3,,,,undecorated,,,,,,,possebly a mount rather than button,S20.2,1670,1700,1670-1700,1660-1720,School Dormitory
369,72,1217,72,170,y,silver,Sheet,cover,soldered,incomplete,poor,domed,B1,1.5,,,,engraved,,,,floral - lines,,,,S11.4,,1740,1740,1720-1750,Priests Living Quarters
370,217,7421,217,1627,y,silver,Sheet,cover,,incomplete,good,domed,B1,1,,,,engraved,,,,flower,,,,S7.1,1720,1760,1720-1760,1720-1780,Vestibule & Corridor
371,346,10370,346,2468,y,silver,Sheet,cover,,complete,good,domed,B1,1.2,,,,engraved,,,,four leaf flower,,,,S8.1,1720,1750,1720-1750,1720-1750,Nursery
372,723,3765,723,965,y,Copper alloy,Sheet,hollow,stitched,complete,good,domed,B1,1.5,shanked,,,engraved,,soldered (alpha),,Flower pattern,,,,S5.3,1760,1780,1760-1780,1750-1780,Bishops Dining Room
373,256,7295,256,1329,n,copper alloy,Sheet,hollow,soldered,incomplete,poor,domed,B1,1.3,shanked,,,engraved,,soldered (alpha),,small doots,,,the button have fall in two pices,S12.1,1690,1740,1690-1740,1690-1750,Living Quarters
374,253,7343,253,1461,n,copper alloy,Sheet,hollow,stitched,incomplete,poor,domed,B1,1.1,shanked,,,undecorated,,,,,,,the shank has fallen in the button so it is not easy to see the type,S7.1,1720,1760,1720-1760,1720-1780,Vestibule & Corridor
375,306,13817,306,2395,n,pewter,Sheet,hollow,soldered,complete,good,domed,B1,1,shanked,,,undecorated,,soldered (alpha),,,,,,S17.5,1720,1750,1720-1750,1720-1750,Meat Store
376,342,10376,342,2471,y,silver,Sheet,hollow,soldered,complete,good,domed,B1,1.2,shanked,,,undecorated,,cast (loop),,,,,,S8.1,1720,1750,1720-1750,1720-1750,Nursery
377,376,13860,376,2521,n,copper alloy,Sheet,hollow,soldered,complete,good,domed,B1,1.6,,,,undecorated,,,,,,,,S25.2,1710,1720,1710-1720,1690-1720,Boys Lodge (servants?)
378,361,13845,361,2604,n,copper alloy,Sheet,hollow,soldered,incomplete,good,domed,B1,1.3,,,,undecorated,,,,,,,,S17.5,1720,1750,1720-1750,1720-1750,Meat Store
379,355,13867,355,2752,y,pewter,Sheet,mould (composite),,complete,good,domed,B1,1.1,shanked,,,uncertain,,soldered (omega),,some lines/strokes which I´m not sure is something??,,,,S25.1,1670,1710,1670-1710,1660-1720,Boys Lodge (servants?)
380,134,3781,134,1217,y,copper alloy,Sheet,mould (composite),crimped,complete,poor,domed,B1,1.6,,,,moulded,,,,samll centra boss with swirl pattern - on the edge franceh lines (very uncertain),,,has a wood mould - not sure if it had a back or not,MC.2,1700,1750,1700-1750,1690-1750,Midden Zone C
381,20,553,20,75,n,copper alloy,Sheet,back,soldered,incomplete,very poor,flat disc,B2,,shanked,,,,,cast (wedge),,,,,,S33.1,1880,1952,1880-1952,1870-1960,Stables
382,696,16775,696,2827,n,copper alloy,Sheet,back,,incomplete,good,flat disc,B2,1.1,,,,,,,,,,,,S25.1,1670,1710,1670-1710,1660-1720,Boys Lodge (servants?)
383,184,3620,184,956,y,copper alloy,Sheet,composite,soldered,incomplete,good,flat disc,B2,1.6,shanked,,,moulded,,soldered (alpha),,dotts pattern,,,,S5.3,1760,1780,1760-1780,1750-1780,Bishops Dining Room
384,187,3583,187,778,n,copper alloy,Sheet,composite,soldered,incomplete,very poor,flat disc,B2,2,,,,uncertain,,,,,,,,S29.1,1780,1800,1780-1800,1780-1810,Infirmary
385,735,19352,735,1,n,Copper alloy,Sheet,cover,,incomplete,very poor,flat disc,B2,1.6,,,,uncertain,,,,,,,coverd with soil,LH,,1958,1958,1930-1960,Levelling Horizon
386,51,572,51,124,n,copper alloy,Sheet,cover,,incomplete,poor,flat disc,B2,1.8,,,,undecorated,,,,,,,,S21.1,1650,1690,1650-1690,1630-1690,School Room
387,175,3597,175,843,n,copper alloy,Sheet,cover,,incomplete,very poor,flat disc,B2,1.4,,,,uncertain,,,,,,,,S22.3,1730,1750,1730-1750,1720-1750,Assistant Teachers Quarters
388,277,7310,277,1391,y,copper alloy,Sheet,cover,,complete,good,flat disc,B2,1.7,,,,engraved,,,,with lucky four leaf clover designe -same/similar as button 268 - Bailey bls 56 mynd 9.124,,,,S5.2,1740,1760,1740-1760,1720-1780,Bishops Dining Room
389,268,7452,268,1652,y,copper alloy,Sheet,cover,,complete,good,flat disc,B2,1.6,,,,engraved,,,,with lucky four leaf clover designe -Same/smilar as button 277 - Bailey bls 56 mynd 9.124,,,,S5.2,1740,1760,1740-1760,1720-1780,Bishops Dining Room
390,395,13829,395,2635,n,copper alloy,Sheet,cover,,complete,good,flat disc,B2,1.3,,,,undecorated,,,,,,,,C.1,1670,1720,1670-1720,1660-1720,Courtyard
391,60,535,60,27,n,copper alloy,Sheet,back,soldered,incomplete,good,curved disc,B3,,shanked,,,,,soldered (omega),,,,,,S33.1,1880,1952,1880-1952,1870-1960,Stables
392,4,558,4,85,n,copper alloy,Sheet,back,soldered,incomplete,good,curved disc,B3,1.4,shanked,,,,,soldered (alpha),,,,,,S21.5,,1790,1790,1780-1810,School Room
393,26,562,26,90,n,copper alloy,Sheet,back,soldered,incomplete,poor,curved disc,B3,,shanked,,,,,cast (wedge),,,,,,S8.2,1750,1800,1750-1800,1750-1810,Nursery/Private Chambers
394,64,566,64,94,n,copper alloy,Sheet,back,soldered,incomplete,good,curved disc,B3,,shanked,,,,,cast (wedge),,,,,nr 64 and 65 possibly from the same button,S21.5,,1790,1790,1780-1810,School Room
395,81,1273,81,176,n,copper alloy,Sheet,back,soldered,complete,good,curved disc,B3,2,shanked,,,,,cast (wedge),,,,,,S5.5,1800,1830,1800-1830,1780-1840,Pantry/Study & Library
396,90,1352,90,237,n,copper alloy,Sheet,back,soldered,incomplete,good,curved disc,B3,1.5,shanked,,,,,cast (wedge),,,,,,S8.3,1800,1850,1800-1850,1780-1870,Nursery/Private Chambers
397,96,2699,96,446,n,copper alloy,Sheet,back,soldered,incomplete,good,curved disc,B3,2.2,shanked,,,,,soldered (alpha),,,,,,S20.2,1670,1700,1670-1700,1660-1720,School Dormitory
398,210,4679,210,877,n,copper alloy,Sheet,back,soldered,incomplete,good,curved disc,B3,1.6,shanked,,,,,cast (wedge),,,,,most likely that the back is of the cover form nr 211,S4.1,1720,1760,1720-1760,1720-1780,Lodge/Dining Room & Chambers
399,714,3755,714,1196,n,copper alloy,Sheet,back,,incomplete,good,curved disc,B3,2.1,shanked,,,,,cast (wedge),,,,,"Two fragments of the cover are in the box but they are very fragil, some very unclear decoration on the cover. Possible are the fragments not from the same button and it is possible that they are not from the back.",S5.3,1760,1780,1760-1780,1750-1780,Bishops Dining Room
400,167,3774,167,1248,n,copper alloy,Sheet,back,soldered,complete,good,curved disc,B3,1.1,shanked,,,,,backplate inset (composite),,,,,,S10.2,1740,1760,1740-1760,1720-1780,Kitchen
401,284,7256,284,1291,n,copper alloy,Sheet,back,soldered,complete,good,curved disc,B3,1.5,shanked,,,,,cast (wedge),,,,,,MB.2,1830,1850,1830-1850,1810-1870,Midden Zone B
402,226,7373,226,1514,n,copper alloy,Sheet,back,,incomplete,very poor,curved disc,B3,,shanked,,,,,cast (loop),,,,,,S18.7,1770,1790,1770-1790,1750-1810,Pantry
403,318,10268,318,2215,n,copper alloy,Sheet,back,,incomplete,good,curved disc,B3,,shanked,,,undecorated,,cast (wedge),,,,,,S5.2,1740,1760,1740-1760,1720-1780,Bishops Dining Room
404,672,16787,672,2821,y,copper alloy,Sheet,back,,incomplete,good,curved disc,B3,,shanked,,,,,soldered (alpha),,,,,possibly that when the cover got lost the back was still used but just folded it to keep in use,S25.1,1670,1710,1670-1710,1660-1720,Boys Lodge (servants?)
405,619,554,619,75,n,copper alloy,Sheet,back,,complete,good,curved disc,B3,2.2,,,,undecorated,,,,,,,,S33.1,1880,1952,1880-1952,1870-1960,Stables
406,5,558,5,85,n,copper alloy,Sheet,back,,incomplete,good,curved disc,B3,2,,,,,,,,,,,,S21.5,,1790,1790,1780-1810,School Room
407,25,562,25,90,n,copper alloy,Sheet,back,soldered,complete,good,curved disc,B3,2.1,,,,,,,,,,,,S8.2,1750,1800,1750-1800,1750-1810,Nursery/Private Chambers
408,108,1039,108,165,n,copper alloy,Sheet,back,,incomplete,very poor,curved disc,B3,1.7,,,,,,,,,,,,LH,,1958,1958,1930-1960,Levelling Horizon
409,166,4682,166,443,n,copper alloy,Sheet,back,,complete,good,curved disc,B3,1.9,,,,,,,,,,,,S5.4,1780,1800,1780-1800,1780-1810,Pantry/Study & Library
410,139,3582,139,775,n,copper alloy,Sheet,back,,incomplete,very poor,curved disc,B3,1.4,,,,,,,,,,,possbly textile with it,S7.2,1760,1800,1760-1800,1750-1810,Vestibule & Corridor
411,198,3590,198,778,n,copper alloy,Sheet,back,soldered,incomplete,poor,curved disc,B3,1.5,,,,,,,,,,,,S29.1,1780,1800,1780-1800,1780-1810,Infirmary
412,133,3752,133,1134,n,copper alloy,Sheet,back,,incomplete,good,curved disc,B3,2,,,,,,,,,,,,MC.3,1750,1900,1750-1900,1750-1810,Midden Zone C
413,196,3759,196,1211,n,copper alloy,Sheet,back,soldered,complete,good,curved disc,B3,2.1,,,,,,,,,,,fragment of textil with it,S5.2,1740,1760,1740-1760,1720-1780,Bishops Dining Room
414,258,7396,258,1595,n,copper alloy,Sheet,back,,incomplete,good,curved disc,B3,1.5,,,,,,,,,,,,S18.7,1770,1790,1770-1790,1750-1810,Pantry
415,43,532,43,10,y,copper alloy,Sheet,composite,soldered,complete,good,curved disc,B3,2.2,shanked,,,moulded,,soldered inset (cone & loop),,french pattern,,,,T1.2,1984,1986,1984-1986,1960-1990,Guðmundur Ólafsson Excavation
416,1,553,1,75,n,copper alloy,Sheet,composite,soldered,incomplete,good,curved disc,B3,2.3,shanked,,,undecorated,,cast (wedge),,,,,,S33.1,1880,1952,1880-1952,1870-1960,Stables
417,12,561,12,88,y,copper alloy,Sheet,composite,soldered,complete,good,curved disc,B3,1.6,shanked,,,moulded,,soldered (alpha),,four petal,,,,S21.5,,1790,1790,1780-1810,School Room
418,74,1358,74,254,n,copper alloy,Sheet,composite,soldered,incomplete,good,curved disc,B3,1.2,shanked,,,moulded,,cast (wedge),,uncertain,,,two pices but from the same button,C.4,1850,1890,1850-1890,1840-1900,Courtyard
419,274,7333,274,1446,n,copper alloy,Sheet,composite,soldered,incomplete,poor,curved disc,B3,2.1,shanked,,,moulded,,soldered (alpha),,central dot with uncertain lains - rather unclear pattern,,,the cover are in eight pices but it fits to the back,MC.1,1650,1700,1650-1700,1630-1720,Midden Zone C
420,115,1612,115,334,y,pewter,Sheet,composite,soldered,complete,good,curved disc,B3,1.6,shanked,,,moulded,,soldered (alpha),,central boss with radiate lines,,,,S8.2,1750,1800,1750-1800,1750-1810,Nursery/Private Chambers
421,625,7345,625,1461,n,pewter,Sheet,composite,,complete,good,curved disc,B3,1.9,shanked,,,moulded,,cast (wedge),,central dot with circle on the edge,,,,S7.1,1720,1760,1720-1760,1720-1780,Vestibule & Corridor
422,534,1349,534,175,y,wood-copper,Sheet,composite,,complete,good,curved disc,B3,2.3,shanked,1,,undecorated,,soldered (alpha),,,,,type 1 button core - nice as shows shank in situ but textile? Jacket gone,S9.1,1740,1800,1740-1800,1750-1810,Living Quarters
423,37,542,37,37,n,copper alloy,Sheet,composite,soldered,incomplete,good,curved disc,B3,2,,,,undecorated,,,,,,,,S20.6,,1790,1790,1780-1810,School Dormitory
424,101,2321,101,395,n,copper alloy,Sheet,composite,soldered,incomplete,poor,curved disc,B3,1.5,,,,uncertain,,,,central boss,,,,S20.2,1670,1700,1670-1700,1660-1720,School Dormitory
425,201,3688,201,1066,y,copper alloy,Sheet,composite,soldered,incomplete,good,curved disc,B3,1.8,,,,moulded,,,,flower in the center and fæover aorund,,,the button are in three pices,S13.2,1750,1800,1750-1800,1750-1810,Main Corridor
426,244,7265,244,1322,y,copper alloy,Sheet,composite,soldered,complete,poor,curved disc,B3,1.8,,,,moulded,,,,circle with flower? Inside,,,,S5.3,1760,1780,1760-1780,1750-1780,Bishops Dining Room
427,223,7393,223,1590,n,copper alloy,Sheet,composite,soldered,incomplete,very poor,curved disc,B3,2,,,,moulded,,,,franch pattern?,,,very corrosion,S18.7,1770,1790,1770-1790,1750-1810,Pantry
428,297,10267,297,2215,y,copper alloy,Sheet,composite,soldered,complete,good,curved disc,B3,2.1,,,,moulded,,,,two circles,,,,S5.2,1740,1760,1740-1760,1720-1780,Bishops Dining Room
429,382,13865,382,2585,y,copper alloy,Sheet,composite,soldered,incomplete,poor,curved disc,B3,2.3,,,,moulded,,,,dots pattern joined as five leaf in the center of the button,,,,C.2,1720,1830,1720-1830,1720-1840,Courtyard
430,693,16789,693,2813,n,copper alloy,Sheet,composite,,complete,poor,curved disc,B3,1.2,,,,moulded,,,,"unclerar pattern - central boss, flower and somting more",,,,S25.1,1670,1710,1670-1710,1660-1720,Boys Lodge (servants?)
431,344,10383,344,2477,y,pewter,Sheet,composite,soldered,complete,good,curved disc,B3,1.9,,,,engraved,,,,clean circle in the center and leaf pattern in circle around that,,,,S8.1,1720,1750,1720-1750,1720-1750,Nursery
432,31,534,31,20,n,copper alloy,Sheet,cover,,incomplete,poor,curved disc,B3,1.7,,,,undecorated,,,,,,,,MA.2,1910,1930,1910-1930,1900-1930,Midden Zone A
433,61,535,61,27,n,copper alloy,Sheet,cover,,incomplete,poor,curved disc,B3,,,,,,,,,,,,Nr 61 and 62 possibly from the same button,S33.1,1880,1952,1880-1952,1870-1960,Stables
434,36,542,36,37,n,copper alloy,Sheet,cover,,incomplete,poor,curved disc,B3,2.3,,,,engraved,,,,five petal,,,,S20.6,,1790,1790,1780-1810,School Dormitory
435,23,548,23,54,n,copper alloy,Sheet,cover,soldered,incomplete,poor,curved disc,B3,1.4,,,,engraved,,,,four petal - small central boss,,,,S20.5,1770,1790,1770-1790,1750-1810,School Dormitory
436,19,553,19,75,n,copper alloy,Sheet,cover,soldered,incomplete,good,curved disc,B3,,,,,moulded,,,,uncler paten with curved lines,,,Nr 19 and 1 are possibly from the same button,S33.1,1880,1952,1880-1952,1870-1960,Stables
437,65,566,65,94,y,copper alloy,Sheet,cover,soldered,incomplete,poor,curved disc,B3,2.1,,,,engraved,,,,"flower with circle around it and small strip, edge circle",,,nr 64 and 65 possibly from the same button,S21.5,,1790,1790,1780-1810,School Room
438,54,574,54,130,n,copper alloy,Sheet,cover,soldered,incomplete,good,curved disc,B3,1.8,,,,undecorated,,,,,,,,,,,,,
439,211,4679,211,877,n,copper alloy,Sheet,cover,,incomplete,poor,curved disc,B3,,,,,moulded,,,,dotts,,,most likely that the cover is from the same back nr 210,S4.1,1720,1760,1720-1760,1720-1780,Lodge/Dining Room & Chambers
440,247,7327,247,1423,y,copper alloy,Sheet,cover,,incomplete,good,curved disc,B3,2.3,,,,moulded,,,,"flower with eight blade, small wave on the edge",,,,S5.2,1740,1760,1740-1760,1720-1780,Bishops Dining Room
441,325,10216,325,2049,y,copper alloy,Sheet,cover,soldered,incomplete,poor,curved disc,B3,2.2,,,,moulded,,,,uncertain,,,,C.2,1720,1830,1720-1830,1720-1840,Courtyard
442,698,16791,698,2751,y,copper alloy,Sheet,cover,,incomplete,good,curved disc,B3,1.4,,,,undecorated,,,,,yes,,,S25.1,1670,1710,1670-1710,1660-1720,Boys Lodge (servants?)
443,668,16788,668,2799,n,copper alloy,Sheet,cover,,complete,good,curved disc,B3,1.3,,,,moulded,,,,small dots allaround (like thimble),,,,S25.1,1670,1710,1670-1710,1660-1720,Boys Lodge (servants?)
444,671,16889,671,2838,n,copper alloy,Sheet,cover,,incomplete,poor,curved disc,B3,1.3,,,,moulded,,,,central boss with radiate lines as flower,,,,S17.1,1670,1690,1670-1690,1660-1690,Meat Store
445,709,1440,709,263,y,stamped-metal covered,Sheet,cover,,incomplete,poor,curved disc,B3,2.1,,,,moulded,,,,Face of a ram (the devil),,,,S20.4,1750,1770,1750-1770,1750-1780,School Dormitory
446,73,1189,73,177,y,copper alloy,Sheet,hollow,crimped,complete,poor,curved disc,B3,1.3,shanked,,,moulded,,soldered (alpha),,corown with anchor - edge line,,letters,..LERIOH. ....,S9.2,1800,1880,1800-1880,1780-1900,Living Quarters
447,98,1063,98,1,n,copper alloy,Sheet,hollow,soldered,incomplete,poor,curved disc,B3,1.7,shanked,,,undecorated,,soldered (alpha),,,,,,LH,,1958,1958,1930-1960,Levelling Horizon
448,728,9115,728,43,n,Copper alloy,Sheet,hollow,crimped,complete,very poor,curved disc,B3,2.1,shanked,,,moulded,,cast (wedge),,central boss with 8 pointed flower in the central and 8 straight lines out from there,,,the buktton has some textile aournd the shank - other vise is the button not consevated and has some soild on it,S4.3,1780,1800,1780-1800,1780-1810,Lodge/Dining Room & Chambers
449,703,3677,703,1090,y,copper alloy,Sheet,hollow,soldered,complete,good,curved disc,B3,2.1,shanked,,,moulded,,backplate inset (composite),,"central hole with small dots dcoration around, similar to leaf",,,,MC.3,1750,1900,1750-1900,1750-1810,Midden Zone C
450,708,7379,708,1527,y,copper alloy,Sheet,hollow,soldered,complete,good,curved disc,B3,2.2,shanked,,,moulded,,cast (loop),silver?,"Small boss in the central and out from there are eight lines to the edge, between the lines are three diamonds, One up against the central - forming a flower around the boss, the others are closer to the edge. Circals lines under all the decoration.",possible,,,S5.2,1740,1760,1740-1760,1720-1780,Bishops Dining Room
451,704,7390,704,1582,y,copper alloy,Sheet,hollow,soldered,complete,good,curved disc,B3,1.9,shanked,,,moulded,,backplate inset (composite),,Flower in the central with four lines around,,,,S19.1,1730,1770,1730-1770,1720-1780,School Refectory
452,246,7254,246,1209,y,copper alloy,Sheet,hollow,soldered,incomplete,poor,curved disc,B3,1.8,,,,undecorated,,,,,,,,S6.2,1760,1800,1760-1800,1750-1810,Bishops Living Quarters
453,266,7451,266,1646,y,copper alloy,Sheet,hollow,soldered,incomplete,poor,curved disc,B3,2,,,,moulded,,,,flower,,,,C.2-3,1720,1850,1720-1850,1720-1870,Courtyard
454,701,1159,701,188,y,copper alloy,Sheet,mould (composite),crimped,incomplete,good,curved disc,B3,2.7,shanked,,,undecorated,,soldered (alpha),green/brown/gilt,,possible,,Wery nice button with no decoration. Completed but the eye is missing.,LH,,1958,1958,1930-1960,Levelling Horizon
455,214,3582,214,775,n,copper alloy,Sheet,mould (composite),crimped,complete,poor,curved disc,B3,1.4,,,,uncertain,,,,,,,,S7.2,1760,1800,1760-1800,1750-1810,Vestibule & Corridor
456,52,657,52,14,y,silver,Sheet,composite,soldered,complete,good,spherical,B4,1.1,shanked,,,undecorated,,soldered (alpha),,,,,,S4.6,,1890,1890,1870-1900,Pantry/Kitchen
457,317,10309,317,2341,y,copper alloy,Sheet,composite,soldered,complete,good,spherical,B4,2.4,,,,undecorated,,,,,yes,,,S25.3,,1720,1720,1690-1720,Boys Lodge (servants?)
458,285,7303,285,1365,y,wood-copper,Sheet,composite,crimped,complete,good,curved disc,C,1.8,sew-through,5,regular,moulded,vertical,,,eight leaf flower with decoration on the edge,,,,MC.2,1700,1750,1700-1750,1690-1750,Midden Zone C
459,505,4346,505,954,y,wood-copper,Sheet,composite,soldered,complete,very poor,curved disc,C,2.1,sew-through,5,regular,moulded,vertical,,,"the metal has central dot with flower around it, decoration on the edge - rather unclera pattern",,,,S5.3,1760,1780,1760-1780,1750-1780,Bishops Dining Room
460,305,10148,305,1,y,copper alloy,cast,solid,,complete,good,curved disc,C,1.8,sew-through,4,regular,undecorated,vertical,,,,,,,LH,,1958,1958,1930-1960,Levelling Horizon
461,143,3775,143,1258,y,pewter,cast,solid,,complete,good,flat disc,C,1.7,sew-through,4,regular,,vertical,,,,,letters,X.O.X,S7.5,,1890,1890,1870-1900,Vestibule & Corridor
462,62,535,62,27,n,copper alloy,shank,shank,,incomplete,poor,,shank,,shanked,,,,,soldered (alpha),,,,,Nr 61 and 62 possibly from the same button,S33.1,1880,1952,1880-1952,1870-1960,Stables
463,750,10221,750,2084,n,Copper alloy,shank,shank,,incomplete,poor,,shank,,shanked,,,,,,,,,,button shank? - integral shank - could be from other object rather than button,C.2-3,1720,1850,1720-1850,1720-1870,Courtyard
464,751,10257,751,2185,n,Copper alloy,shank,shank,,incomplete,very poor,,shank,,shanked,,,,,,,,,,button shank? - loop with ends bent at angle; gilt copper; poss button or other fastener,S5.2,1740,1760,1740-1760,1720-1780,Bishops Dining Room
465,752,8597,752,1426,n,iron,shank,shank,,incomplete,poor,,shank,,shanked,,,,,,,,,,button shank? - small loop with long arms; prob button shank,S5.2,1740,1760,1740-1760,1720-1780,Bishops Dining Room
466,753,16661,753,2829,n,iron,shank,shank,,incomplete,poor,,shank,,shanked,,,,,,,,,,button shanks - small iron loop with ?copper plating,S25.1,1670,1710,1670-1710,1660-1720,Boys Lodge (servants?)
467,754,16666,754,2915,n,iron,shank,shank,,incomplete,poor,,shank,,shanked,,,,,,,,,,button shanks - small loop - prob shank from button,S17.2,1690,1700,1690-1700,1690-1720,Meat Store
468,762,19059,762,284,n,pewter,shank,shank,,incomplete,poor,,shank,,shanked,,,,,,,,,,"button shanks? - small loop, prob button shank",S20.2,1670,1700,1670-1700,1660-1720,School Dormitory
469,758,10369,758,2467,n,pewter,shank,shank,,incomplete,very poor,,shank,,shanked,,,,,,,,,,"button shanks? - small wire loop, prob button shank",S8.1,1720,1750,1720-1750,1720-1750,Nursery
470,759,14915,759,2673,n,pewter,shank,shank,,incomplete,poor,,shank,,shanked,,,,,,,,,,"button shanks? - small loop, prob button shank; lozenge x-section",S25.2,1710,1720,1710-1720,1690-1720,Boys Lodge (servants?)
471,761,16675,761,2695,n,pewter,shank,shank,,incomplete,poor,,shank,,shanked,,,,,,,,,,"button shanks? - small loop, prob button shank",S23.1,1700,1720,1700-1720,1690-1720,Bishops Living Quarters
472,760,16664,760,2780,n,pewter,shank,shank,,incomplete,poor,,shank,,shanked,,,,,,,,,,button shanks? - small wire loop - prob from a button,S25.2,1710,1720,1710-1720,1690-1720,Boys Lodge (servants?)
473,763,19157,763,2872,n,pewter,shank,shank,,incomplete,poor,,shank,,shanked,,,,,,,,,,"button shanks? - small loop, prob button shank; lozenge x-section",S23.1,1700,1720,1700-1720,1690-1720,Bishops Living Quarters
474,323,10204,323,1989,n,copper alloy,shank,shank,,complete,good,,shank,,,,,,,,,,,,,C.3,1830,1850,1830-1850,1810-1870,Courtyard
475,700,16755,700,2677,n,copper alloy,shank,shank,,complete,good,,shank,,,,,,,,,,,,,S25.2,1710,1720,1710-1720,1690-1720,Boys Lodge (servants?)
476,697,16775,697,2827,n,copper alloy,shank,shank,,complete,good,,shank,,,,,,,,,,,,,S25.1,1670,1710,1670-1710,1660-1720,Boys Lodge (servants?)
477,755,1216,755,237,n,Copper alloy,shank,,,incomplete,poor,,shank,,shanked,,,,,,,,,,button shanks - probable button shank - with long shank,S8.3,1800,1850,1800-1850,1780-1870,Nursery/Private Chambers
478,756,1430,756,237,n,Copper alloy,shank,,,incomplete,poor,,shank,,shanked,,,,,,,,,,button shanks -slightly bent; prob button shank,S8.3,1800,1850,1800-1850,1780-1870,Nursery/Private Chambers
479,757,2863,757,612,n,Copper alloy,shank,,,incomplete,poor,,shank,,shanked,,,,,,,,,,button shanks - loop - prob button shank,S29.1,1780,1800,1780-1800,1780-1810,Infirmary
480,744,848,744,27,n,pewter,Unid,,,incomplete,very poor,domed,x,1.3,,,,,,,,,,,"rounded, domed frag - prob button",S33.1,1880,1952,1880-1952,1870-1960,Stables
481,743,567,743,95,n,pewter,Unid,,,incomplete,very poor,domed,x,,,,,,,,,,,,"rounded, domed frag - prob button",S20.4,1750,1770,1750-1770,1750-1780,School Dormitory
482,746,3399,746,617,n,pewter,unid,,,incomplete,very poor,domed,x,,,,,,,,,,,,"rounded, domed frag - prob button",S20.1,1650,1670,1650-1670,1630-1690,School Dormitory
483,749,10353,749,2425,n,pewter,Unid,,,incomplete,very poor,flat disc,x,,shanked,,,,,,,,,,disc/slightly domes with central nipple and groove; shank attachment on flat side,S23.2,,1720,1720,1690-1720,Bishops Living Quarters
484,747,7268,747,1329,n,pewter,unid,,,incomplete,very poor,flat disc,x,0.9,,,,,,,,,,,disc shaped spall from a probable button,S12.1,1690,1740,1690-1740,1690-1750,Living Quarters
485,740,2650,740,535,n,Copper alloy,Unid,,,incomplete,very poor,,x,,shanked,,,,,,,,,,part of shank and head,S15.4,,1850,1850,1840-1870,Wheystore
486,742,19022,742,29,n,Copper alloy,Unid,,,incomplete,very poor,,x,,,,,,,,,,,,"several small frags, poss not all same object; 1 piece definitely from a shanked button",S20.6,,1790,1790,1780-1810,School Dormitory
487,741,18141,741,1327,n,Copper alloy,Unid,,,incomplete,very poor,,x,1.5,,,,,,,,,,,gilt copper sheeting over ?pewter core; shank/rivet broken off,MC.2,1700,1750,1700-1750,1690-1750,Midden Zone C
488,309,10150,309,1704,n,copper alloy,Unid,,,incomplete,poor,,x,,,,,moulded,,,,central boss and unclear pattern,,,,S10.2,1740,1760,1740-1760,1720-1780,Kitchen
