SampleNo,Est Vol,Exact Vol,Description,Type,Processed,Fractio,Sub-Sampled,Missing?,FieldDate,FieldID,Unit,Building Phase,Start Date,End Date,Real Date,Period_Date,Attribution
1,20,22,midden deposit,Bulk,TRUE,R/C/F,TRUE,FALSE,31/05/2002,AFH,29,S20.6,,1790,1790,1780-1810,School Dormitory
2,20,19,charcoal deposit,Bulk,TRUE,R/C/F,TRUE,FALSE,03/06/2002,CKH,38,S32.1,1850,1890,1850-1890,1840-1900,Forge
3,20,17,black deposit,Bulk,TRUE,R/C/F,TRUE,FALSE,04/06/2002,AFH,59,S20.5,1770,1790,1770-1790,1750-1810,School Dormitory
4,0,,black deposit,Micromorph,FALSE,,FALSE,FALSE,04/06/2002,AFH,59,S20.5,1770,1790,1770-1790,1750-1810,School Dormitory
5,20,9,dark organic deposit,Bulk,TRUE,R/C/F,TRUE,FALSE,11/06/2002,AFH,95,S20.4,1750,1770,1750-1770,1750-1780,School Dormitory
6,20,10,red-brown twiggy deposit,Bulk,TRUE,R/C/F,TRUE,FALSE,11/06/2002,AFH,102,S20.4,1750,1770,1750-1770,1750-1780,School Dormitory
7,2,,dark organic deposit,Chemical,FALSE,,FALSE,TRUE,11/06/2002,AFH,95,S20.4,1750,1770,1750-1770,1750-1780,School Dormitory
8,2,,red-brown twiggy deposit,Chemical,FALSE,,FALSE,TRUE,11/06/2002,AFH,102,S20.4,1750,1770,1750-1770,1750-1780,School Dormitory
9,10,9,drain fill,Bulk,TRUE,R/C/F,TRUE,FALSE,12/06/2002,AFH,116,S20.4,1750,1770,1750-1770,1750-1780,School Dormitory
10,10,9,dark deposit,Bulk,TRUE,R/C/F,TRUE,FALSE,13/06/2002,AFH,125,S21.4,1770,1790,1770-1790,1750-1810,School Room
11,0,,dark deposit,Chemical,FALSE,,FALSE,TRUE,13/06/2002,AFH,125,S21.4,1770,1790,1770-1790,1750-1810,School Room
12,30,25,bone & charcoal rich fill,Bulk,TRUE,R/C/F,TRUE,FALSE,17/06/2002,AFH,143,S21.3,1750,1770,1750-1770,1750-1780,School Room
13,0,,units 206-216,Micromorph,FALSE,,FALSE,FALSE,10/10/2002,GG,152,T1.2,1984,1986,1984-1986,1960-1990,Guðmundur Ólafsson Excavation
14,10,11,ash layer,Bulk,TRUE,R/C/F,TRUE,FALSE,10/10/2002,GG,214,M.4,,,1500-1900,,Mound (Kyndluholl)
15,10,10,turf & ash layer,Bulk,TRUE,R/C/F,TRUE,FALSE,10/10/2002,GG,213,M.5,,,1500-1900,,Mound (Kyndluholl)
16,10,10,turf & ash layer,Bulk,TRUE,R/C/F,TRUE,FALSE,10/10/2002,GG,224,M.2,,,1500-1900,,Mound (Kyndluholl)
17,10,9,turf & charcoal,Bulk,TRUE,R/C/F,TRUE,FALSE,10/10/2002,GG,226,M.1,1500,1600,1500-1600,,Mound (Kyndluholl)
19,0,,units 224-228 NB: double sampl No,Micromorph,FALSE,,FALSE,FALSE,10/10/2002,GG,152,T1.2,1984,1986,1984-1986,1960-1990,Guðmundur Ólafsson Excavation
19,0,,Hammerscale/ Slag NB: double sampl No,Chemical,FALSE,,FALSE,FALSE,04/06/2003,GML,182,S32.1,1850,1890,1850-1890,1840-1900,Forge
20,0,,Taken in peatash layers at bottom of pit. Area 39,Chemical,FALSE,,TRUE,FALSE,05/06/2003,EH,174,T1.2,1984,1986,1984-1986,1960-1990,Guðmundur Ólafsson Excavation
21,10,10,Organig floor layer. Area 80.,Bulk,TRUE,R+C/F,TRUE,FALSE,05/06/2003,AFH,186,S20.3,1700,1750,1700-1750,1690-1750,School Dormitory
22,10,8,Organig floor layer. Area 80.,Bulk,TRUE,R+C/F,TRUE,FALSE,05/06/2003,AFH,183,S20.3,1700,1750,1700-1750,1690-1750,School Dormitory
23,10,8,Charcoale floor ? Dump ?. Area 80.,Bulk,TRUE,R+C/F,TRUE,FALSE,05/06/2003,AFH,187,S20.3,1700,1750,1700-1750,1690-1750,School Dormitory
24,0,,Small burnt bone,Chemical,FALSE,,FALSE,TRUE,06/06/2003,GML,191,S32.1,1850,1890,1850-1890,1840-1900,Forge
25,20,18,Floor from [190].,Bulk,TRUE,R+C/F,TRUE,FALSE,06/06/2003,SÞ,193,S20.3,1700,1750,1700-1750,1690-1750,School Dormitory
26,20,18,Floor from [190].,Bulk,TRUE,R+C/F,TRUE,FALSE,06/06/2003,SÞ,230,S20.3,1700,1750,1700-1750,1690-1750,School Dormitory
27,10,8,Fill from drain,Bulk,TRUE,R+C/F,TRUE,FALSE,11/06/2003,SÞ/AFH,278,S20.2,1670,1700,1670-1700,1660-1720,School Dormitory
28,10,8,Fill from drain,Bulk,TRUE,R+C/F,TRUE,FALSE,11/06/2003,SÞ/AFH,280,S20.2,1670,1700,1670-1700,1660-1720,School Dormitory
29,10,7,Fill from drain,Bulk,TRUE,R+C/F,TRUE,FALSE,12/06/2003,SÞ/AFH,279,S20.2,1670,1700,1670-1700,1660-1720,School Dormitory
30,20,18,Fill from drain in [055],Bulk,TRUE,R/C/F,TRUE,FALSE,12/06/2003,BL,268,S5.4,1780,1800,1780-1800,1780-1810,Pantry/Study & Library
31,10,6,Fill from drain.,Bulk,TRUE,R/C+F,TRUE,FALSE,12/06/2003,SÞ,284,S20.2,1670,1700,1670-1700,1660-1720,School Dormitory
32,0,,,Chemical,FALSE,,FALSE,FALSE,14/06/2003,OV,238,S4.4,1800,1840,1800-1840,1780-1840,Pantry/Kitchen
33,0,,Blue-grey clay stuff,Chemical,FALSE,,FALSE,FALSE,18/06/2003,BL,328,S5.4,1780,1800,1780-1800,1780-1810,Pantry/Study & Library
34,10,10,Floor [306],Bulk,TRUE,R+C/F,TRUE,FALSE,19/06/2003,OV,306,S4.4,1800,1840,1800-1840,1780-1840,Pantry/Kitchen
35,10,8,Floor easter end.,Bulk,FALSE,R+C/F,TRUE,TRUE,19/06/2003,OV,307,S4.4,1800,1840,1800-1840,1780-1840,Pantry/Kitchen
36,10,10,Floor wester end.,Bulk,TRUE,R+C/F,TRUE,FALSE,19/06/2003,OV,307,S4.4,1800,1840,1800-1840,1780-1840,Pantry/Kitchen
37,0,,"Turf, shit or hey ?",Chemical,FALSE,,FALSE,FALSE,26/06/2003,BL,350,S5.4,1780,1800,1780-1800,1780-1810,Pantry/Study & Library
38,0,16,Layer in lowest half of [438],Bulk,TRUE,R+C/F,TRUE,FALSE,26/06/2003,MS,439,S12.1,1690,1740,1690-1740,1690-1750,Living Quarters
39,0,,Fill of cut [496].,Chemical,FALSE,,TRUE,FALSE,01/07/2003,ÁE,498,S5.3,1760,1780,1760-1780,1750-1780,Bishops Dining Room
40,5,2,Ash from fireplase...,Bulk,TRUE,R+C/F,TRUE,FALSE,01/07/2003,MA,503,S21.3,1750,1770,1750-1770,1750-1780,School Room
41,0,,Clay sample.,Chemical,FALSE,,FALSE,FALSE,02/07/2003,GML,506,S15.4,,1850,1850,1840-1870,Wheystore
42,20,14,Charcoal/ash deposit BLG.15,Bulk,TRUE,R/C/F,TRUE,FALSE,03/07/2003,JH,543,S4.3,1780,1800,1780-1800,1780-1810,Lodge/Dining Room & Chambers
43,10,20,"Bone, seeds etc.",Bulk,TRUE,R/C/F,TRUE,FALSE,04/07/2003,JH,548,S4.3,1780,1800,1780-1800,1780-1810,Lodge/Dining Room & Chambers
44,0,,Deposit in corridor nr 106.,Chemical,FALSE,,TRUE,FALSE,07/07/2003,EH,446,S13.3,1800,1830,1800-1830,1780-1840,Main Corridor
45,0,,Midden test A. 1 bag of fine black tephra,Chemical,FALSE,,FALSE,FALSE,07/07/2003,MC,559,MC.1,1650,1700,1650-1700,1630-1720,Midden Zone C
46,10,8,"Floor layer, black. Group [436]",Bulk,TRUE,R+C/F,TRUE,FALSE,07/07/2003,NM,571,S20.1,1650,1670,1650-1670,1630-1690,School Dormitory
47,0,,Midden test A. 1 bag of fine dark tephra,Chemical,FALSE,,FALSE,FALSE,07/07/2003,MC,561,MC.1,1650,1700,1650-1700,1630-1720,Midden Zone C
48,0,,Midden test A. 1 bag of fine dark tephra,Chemical,FALSE,,FALSE,FALSE,08/07/2003,MC,564,MC.1,1650,1700,1650-1700,1630-1720,Midden Zone C
49,10,8,Floor layer. Group [435],Bulk,TRUE,R+C/F,TRUE,FALSE,08/07/2003,NM,589,S20.2,1670,1700,1670-1700,1660-1720,School Dormitory
50,10,6,Floor layer,Bulk,TRUE,R+C/F,TRUE,FALSE,09/07/2003,MA,612,S29.1,1780,1800,1780-1800,1780-1810,Infirmary
51,10,8,"Floor layer, brown. Group [435]",Bulk,TRUE,R+C/F,TRUE,FALSE,10/07/2003,NM,639,S20.2,1670,1700,1670-1700,1660-1720,School Dormitory
52,0,,Contex [639/640],Micromorph,FALSE,,FALSE,FALSE,10/07/2003,GML,640,S20.2,1670,1700,1670-1700,1660-1720,School Dormitory
53,10,8,"Floor layer, black. Group [436]",Bulk,TRUE,R+C/F,TRUE,FALSE,11/07/2003,NM,647,S20.1,1650,1670,1650-1670,1630-1690,School Dormitory
54,10,9,"Floor layer, Birch bark. Group [435].",Bulk,TRUE,R+C/F,TRUE,FALSE,11/07/2003,SÞ,642,S20.2,1670,1700,1670-1700,1660-1720,School Dormitory
55,10,9,Charcoal midden layer.,Bulk,TRUE,R+C/F,TRUE,FALSE,11/07/2003,KK,596,MC.1,1650,1700,1650-1700,1630-1720,Midden Zone C
56,10,4,Fill  of drain.,Bulk,TRUE,R+C/F,TRUE,FALSE,14/07/2003,GAG,658,S2.1,1902,1930,1902-1930,1900-1930,Haybarn
57,10,9,"Floor layer, black. Group [435].",Bulk,TRUE,R+C/F,TRUE,FALSE,14/07/2003,SÞ,672,S20.1,1650,1670,1650-1670,1630-1690,School Dormitory
58,0,,Clay ...,Chemical,FALSE,,FALSE,FALSE,15/07/2003,GML,662,S15.3,1800,1850,1800-1850,1780-1810,Wheystore
59,0,,Birch things ?,Chemical,FALSE,,TRUE,FALSE,15/07/2003,GML,662,S15.3,1800,1850,1800-1850,1780-1810,Wheystore
60,0,,Black layer ? Group [436].,Chemical,FALSE,,TRUE,TRUE,17/07/2003,GML,728,S20.1,1650,1670,1650-1670,1630-1690,School Dormitory
61,0,,Birch bark / ... Layer,Chemical,FALSE,,TRUE,FALSE,17/07/2003,JW,708,MC.1,1650,1700,1650-1700,1630-1720,Midden Zone C
62,0,,Red clay,Chemical,FALSE,,FALSE,FALSE,23/09/2003,GML,367,S11.4,,1740,1740,1720-1750,Priests Living Quarters
63,10,9,Fill of drain [499],Bulk,TRUE,R/C+F,TRUE,FALSE,27/05/2004,CKH,761,S4.2,1760,1780,1760-1780,1750-1780,Lodge/Dining Room & Chambers
64,10,9,Fill of drain [499],Bulk,TRUE,R/C+F,TRUE,FALSE,27/05/2004,CKH,766,S4.2,1760,1780,1760-1780,1750-1780,Lodge/Dining Room & Chambers
65,10,9,Fill of drain [499],Bulk,TRUE,R/C+F,TRUE,FALSE,27/05/2004,CKH,770,S4.2,1760,1780,1760-1780,1750-1780,Lodge/Dining Room & Chambers
66,10,8,Lower part of fill of drain [795],Bulk,TRUE,R/C/F,TRUE,FALSE,28/05/2004,EH,795,S13.2,1750,1800,1750-1800,1750-1810,Main Corridor
67,10,6,Lower part of fill of drain [795],Bulk,TRUE,R/C/F,TRUE,FALSE,28/05/2004,EH,796,S13.2,1750,1800,1750-1800,1750-1810,Main Corridor
68,10,9,Fill of drain in main corridor,Bulk,TRUE,R/C/F,TRUE,FALSE,01/06/2004,EH,810,S13.2,1750,1800,1750-1800,1750-1810,Main Corridor
69,10,8,Drain fill in side corridor,Bulk,TRUE,R/C/F,TRUE,FALSE,02/06/2004,SGB,830,S13.2,1750,1800,1750-1800,1750-1810,Main Corridor
70,10,7.5,Drain fill in main corridor,Bulk,TRUE,R/C/F,TRUE,FALSE,02/06/2004,EH,836,S13.2,1750,1800,1750-1800,1750-1810,Main Corridor
71,10,9.5,Drain fill in main corridor,Bulk,TRUE,R/C/F,TRUE,FALSE,07/06/2004,EH,866,S13.2,1750,1800,1750-1800,1750-1810,Main Corridor
72,1,9,Carchoal rich floor layer. Room [878],Bulk,TRUE,R/C/F,TRUE,FALSE,08/06/2004,ÁE/AFH,895,S21.1,1650,1690,1650-1690,1630-1690,School Room
73,1,8,Drain fill in main corridor,Bulk,TRUE,R/C/F,TRUE,FALSE,08/06/2004,EH,891,S13.2,1750,1800,1750-1800,1750-1810,Main Corridor
74,10,9.5,Charcoal floor layer,Bulk,TRUE,R/C/F,TRUE,FALSE,09/06/2004,SÞ,843,S22.3,1730,1750,1730-1750,1720-1750,Assistant Teachers Quarters
75,20,18,Deposit whitin fireplace,Bulk,TRUE,R/C/F,TRUE,FALSE,10/06/2004,CKH,933,S4.1,1720,1760,1720-1760,1720-1780,Lodge/Dining Room & Chambers
76,0,,Grass/Turf sample,Chemical,FALSE,,FALSE,TRUE,14/06/2004,GML,980,S15.2,1760,1800,1760-1800,1750-1810,Wheystore
77,10,9,Grey floor layer in room [878],Bulk,TRUE,R/C+F,TRUE,FALSE,15/06/2004,ÁE/AFH,1007,S21.2,1690,1750,1690-1750,1690-1750,School Room
78,10,9,Floor layer in room [842],Bulk,TRUE,R/C/F,TRUE,FALSE,15/06/2004,SÞ,1011,S22.1,1670,1700,1670-1700,1660-1720,Assistant Teachers Quarters
79,10,8,Charcoal layer,Bulk,TRUE,R/C+F,TRUE,FALSE,15/06/2004,GML,1010,S15.1,1650,1760,1650-1760,1630-1780,Wheystore
80,10,8,Mixed charcoal layer,Bulk,TRUE,R/C+F,TRUE,FALSE,15/06/2004,GML,1016,S15.1,1650,1760,1650-1760,1630-1780,Wheystore
81,10,9,Turf floor [932]-squars,Bulk,TRUE,R/C/F,TRUE,FALSE,16/06/2004,BL,956,S5.3,1760,1780,1760-1780,1750-1780,Bishops Dining Room
82,10,10,Floor,Bulk,TRUE,R/C/F,TRUE,FALSE,16/06/2004,SGB,988,S30.1,1670,1720,1670-1720,1660-1720,School Master's House
83,0,,Sample of black stuff,Chemical,FALSE,,FALSE,FALSE,16/06/2004,GML,1028,S15.2,1760,1800,1760-1800,1750-1810,Wheystore
84,10,,Drain fill fo group [1017],Chemical,FALSE,,FALSE,TRUE,17/06/2004,ÁE/AFH,1029,S21.2,1690,1750,1690-1750,1690-1750,School Room
85,5,4.5,Coaly stuff from top of [932],Bulk,TRUE,R/C/F,TRUE,FALSE,16/06/2004,BL,958,S5.3,1760,1780,1760-1780,1750-1780,Bishops Dining Room
86,0,,White clay,Bulk,FALSE,,FALSE,FALSE,21/06/2004,GML,1030,S15.1,1650,1760,1650-1760,1630-1780,Wheystore
87,0,,Pink clay,Bulk,FALSE,,FALSE,FALSE,21/06/2004,GML,1030,S15.1,1650,1760,1650-1760,1630-1780,Wheystore
88,10,10,Floor,Bulk,TRUE,R/C/F,TRUE,FALSE,21/06/2004,SGB,988,S30.1,1670,1720,1670-1720,1660-1720,School Master's House
89,0,10,Clay lin_g sample NB: Both Bul and Chem,Bulk/Chem?,TRUE,R/C/F,TRUE,FALSE,29/06/2004,GML,1091,S15.1,1650,1760,1650-1760,1630-1780,Wheystore
90,0,,Thepra (?) Sample ? of south room [887],Chemical,FALSE,,FALSE,FALSE,30/06/2004,GML,1091,S15.1,1650,1760,1650-1760,1630-1780,Wheystore
91,10,8,Charcoal,Bulk,TRUE,R/C+F,TRUE,FALSE,07/07/2004,GH,1169,S11.2,1720,1730,1720-1730,1720-1750,Priests Living Quarters
92,10,11,Clay layer in [691],Bulk,TRUE,,TRUE,FALSE,07/07/2004,ÓGS,1182,S11.3,1730,1740,1730-1740,1720-1750,Priests Living Quarters
93,10,7.5,Drain fill in [816],Bulk,TRUE,R/C+F,TRUE,FALSE,08/07/2004,EH,1185,S4.1,1720,1760,1720-1760,1720-1780,Lodge/Dining Room & Chambers
94,10,7.5,Drain fill group [1179],Bulk,TRUE,R/C/F,TRUE,FALSE,08/07/2004,CJVH,1188,S10.3,1760,1800,1760-1800,1750-1810,Kitchen
221,20,10,Drain fill,Bulk,TRUE,,TRUE,FALSE,24/05/2006,ÓGS,1726,C.3,1830,1850,1830-1850,1810-1870,Courtyard
222,2,8,Bag- Drain fill,Bulk,TRUE,,TRUE,FALSE,24/05/2006,ÓGS,1730,C.3,1830,1850,1830-1850,1810-1870,Courtyard
223,1,4,Bag- Drain fill (lower),Bulk,TRUE,,TRUE,FALSE,25/05/2006,ÓGS,1742,C.3,1830,1850,1830-1850,1810-1870,Courtyard
224,1,3,Bag-Drain? Fill (topfill),Bulk,TRUE,,TRUE,FALSE,25/05/2006,UÆ,1738,S18.6,1760,1770,1760-1770,1750-1780,Pantry
225,1,4,Bag- Drain fill,Bulk,TRUE,,TRUE,FALSE,25/05/2006,ÓGS,1755,S7.2,1760,1800,1760-1800,1750-1810,Vestibule & Corridor
226,2,7,Bags- Drain fill,Bulk,TRUE,,TRUE,FALSE,29/05/2006,ÓGS,1749,C.3,1830,1850,1830-1850,1810-1870,Courtyard
227,20,7,Drain fill,Bulk,TRUE,,FALSE,FALSE,29/05/2006,ÓGS,1752,C.3,1830,1850,1830-1850,1810-1870,Courtyard
228,20,10,Floor layer (Square 04),Bulk,TRUE,,TRUE,FALSE,29/05/2006,PK,1803,S10.2,1740,1760,1740-1760,1720-1780,Kitchen
229,20,10,Floor layer (Square 07),Bulk,TRUE,,TRUE,FALSE,29/05/2006,MS,1806,S10.2,1740,1760,1740-1760,1720-1780,Kitchen
230,20,7,Drain fill,Bulk,TRUE,,TRUE,TRUE,31/05/2006,AFH/SÞ,1799,S5.1,1720,1740,1720-1740,1720-1750,Bishops Dining Room
231,20,10,Drain fill,Bulk,TRUE,,TRUE,FALSE,01/06/2006,ÓGS,1849,C.3,1830,1850,1830-1850,1810-1870,Courtyard
232,20,11,Floor layer,Bulk,TRUE,,TRUE,FALSE,02/06/2006,MS,1818,S10.2,1740,1760,1740-1760,1720-1780,Kitchen
233,1,4,Bag - Peat ash dump,Bulk,TRUE,,TRUE,FALSE,02/06/2006,CKH,1858,S17.8,1790,1830,1790-1830,1780-1840,Midden
234,20,8,Drain fill,Bulk,TRUE,,TRUE,FALSE,07/06/2006,SGB/HK,1906,S4.1,1720,1760,1720-1760,1720-1780,Lodge/Dining Room & Chambers
235,20,11,Floor,Bulk,TRUE,,TRUE,FALSE,07/06/2006,CKH,1823,S10.2,1740,1760,1740-1760,1720-1780,Kitchen
236,20,4,Floor - soil floor,Bulk,TRUE,,TRUE,FALSE,08/06/2006,UÆ/LP,1926,S18.5,1740,1760,1740-1760,1720-1780,Pantry
237,20,9,Floor,Bulk,TRUE,,TRUE,FALSE,08/06/2006,GML,1929,S6.2,1760,1800,1760-1800,1750-1810,Bishops Living Quarters
238,20,8,Peat ash - with in firebox,Bulk,TRUE,,TRUE,FALSE,09/06/2006,CKH,1944,S17.7,1770,1790,1770-1790,1750-1810,Meat Store
239,20,8,Peat ash - with in firebox,Bulk,TRUE,,TRUE,FALSE,09/06/2006,CKH,1945,S17.7,1770,1790,1770-1790,1750-1810,Meat Store
240,20,9,Peat ash dump,Bulk,TRUE,,FALSE,FALSE,09/06/2006,CKH,1948,S17.7,1770,1790,1770-1790,1750-1810,Meat Store
241,20,5,Floor       5 l TAKEN FOR INSECT ANAL,Bulk,TRUE,,TRUE,TRUE,12/06/2006,EH,1973,S17.7,1770,1790,1770-1790,1750-1810,Meat Store
242,20,10,Drain fill,Bulk,TRUE,,TRUE,FALSE,13/06/2006,GML,1878,S23.1,1700,1720,1700-1720,1690-1720,Bishops Living Quarters
243,20,8,Soil floor in group [1885],Bulk,TRUE,,TRUE,FALSE,13/06/2006,UÆ/LP,2006,S18.5,1740,1760,1740-1760,1720-1780,Pantry
244,20,8,Drain fill,Bulk,TRUE,,TRUE,FALSE,13/06/2006,GML,1881,S23.1,1700,1720,1700-1720,1690-1720,Bishops Living Quarters
245,20,9,Floor,Bulk,TRUE,,TRUE,FALSE,13/06/2006,EH,1983,S17.7,1770,1790,1770-1790,1750-1810,Meat Store
246,20,9,Drain fill,Bulk,TRUE,,TRUE,FALSE,14/06/2006,ÓGS,2021,S10.2,1740,1760,1740-1760,1720-1780,Kitchen
247,20,8,Floor,Bulk,TRUE,,TRUE,FALSE,14/06/2006,CKH,1986,S17.7,1770,1790,1770-1790,1750-1810,Meat Store
248,20,9,Floor,Bulk,TRUE,,TRUE,FALSE,14/06/2006,CKH,2036,S17.7,1770,1790,1770-1790,1750-1810,Meat Store
249,20,8,Ash,Bulk,TRUE,,TRUE,FALSE,14/06/2006,CKH,2062,S17.7,1770,1790,1770-1790,1750-1810,Meat Store
250,20,8,Floor,Bulk,TRUE,,TRUE,FALSE,15/06/2006,SÞ,2054,S6.1,1720,1760,1720-1760,1720-1780,Bishops Living Quarters
251,0,8,Ashy layer with in firebox,Bulk,TRUE,,TRUE,FALSE,15/06/2006,EH,2064,S17.7,1770,1790,1770-1790,1750-1810,Meat Store
252,20,7,Charcoal dump,Bulk,TRUE,,TRUE,FALSE,15/06/2006,CKH,2065,S17.7,1770,1790,1770-1790,1750-1810,Meat Store
253,20,9,Peat ash spred,Bulk,TRUE,,TRUE,FALSE,15/06/2006,CKH,2075,S17.7,1770,1790,1770-1790,1750-1810,Meat Store
254,20,9,Drain fill,Bulk,TRUE,,TRUE,FALSE,15/06/2006,MS,2059,S10.2,1740,1760,1740-1760,1720-1780,Kitchen
255,20,9,Floor - fierplace all,Bulk,TRUE,,TRUE,FALSE,16/06/2006,EH,2100,S17.7,1770,1790,1770-1790,1750-1810,Meat Store
256,20,11,Drain fill,Bulk,TRUE,,TRUE,FALSE,16/06/2006,MS,2099,S10.2,1740,1760,1740-1760,1720-1780,Kitchen
257,20,9,Charcoal,Bulk,TRUE,,TRUE,FALSE,20/06/2006,ÓGS,2127,S11.1,1690,1720,1690-1720,1690-1720,Living Quarters
258,20,7,Charcoal in firebox,Bulk,TRUE,,TRUE,FALSE,20/06/2006,EH,2131,S17.7,1770,1790,1770-1790,1750-1810,Meat Store
259,20,9,Floor layer,Bulk,TRUE,,TRUE,FALSE,20/06/2006,UÆ,2139,S18.4,1700,1740,1700-1740,1690-1750,Pantry
260,1,3,Bag - Peat ash + charcoal from flagstone floor,Bulk,TRUE,,TRUE,FALSE,20/06/2006,LP,2180,S18.4,1700,1740,1700-1740,1690-1750,Pantry
261,1,,Bag - Pink clay,Bulk,FALSE,,FALSE,TRUE,23/06/2006,LP,2210,S18.4,1700,1740,1700-1740,1690-1750,Pantry
262,20,5,Floor [2067]       5 l TAKEN FOR INSECT ANAL,Bulk,TRUE,,TRUE,FALSE,23/06/2006,UÆ,2220,S18.4,1700,1740,1700-1740,1690-1750,Pantry
263,20,10,Soil from yard,Bulk,TRUE,,TRUE,FALSE,23/06/2006,ÓGS,2167,C.2-3,1720,1850,1720-1850,1720-1870,Courtyard
264,20,7,Drain fill,Bulk,TRUE,,TRUE,TRUE,23/06/2006,SGB/HK,2226,IS.1,1650,1720,1650-1720,1630-1720,Interstice
265,20,4,floor       5 l TAKEN FOR INSECT ANAL,Bulk,TRUE,,TRUE,FALSE,26/06/2006,EH,2254,S17.6,1750,1770,1750-1770,1750-1780,Meat Store
266,1,4,Bag - sand mixture (ash?),Bulk,TRUE,,TRUE,FALSE,27/06/2006,ÓGS,2276,C.3,1830,1850,1830-1850,1810-1870,Courtyard
267,20,9,Floor [2067],Bulk,TRUE,,TRUE,TRUE,27/06/2006,UÆ,2251,S18.4,1700,1740,1700-1740,1690-1750,Pantry
268,20,9,Floor,Bulk,TRUE,,TRUE,FALSE,27/06/2006,BL,2258,S17.6,1750,1770,1750-1770,1750-1780,Meat Store
269,20,5,Floor  MARKED AS 2263    5 l FOR INSECT ANAL,Bulk,TRUE,,TRUE,FALSE,28/06/2006,BL,2303,S17.7,1770,1790,1770-1790,1750-1810,Meat Store
270,1,3,Bag - Peat ash dump,Bulk,TRUE,,TRUE,FALSE,28/06/2006,EH,2298,S17.5,1720,1750,1720-1750,1720-1750,Meat Store
271,20,11,Charcoal Fine,Bulk,TRUE,,TRUE,FALSE,28/06/2006,GML,2301,S6.1,1720,1760,1720-1760,1720-1780,Bishops Living Quarters
272,2,6,Bags - Drain fill,Bulk,TRUE,,TRUE,TRUE,28/06/2006,ÓGS,2300,S10.2,1740,1760,1740-1760,1720-1780,Kitchen
273,1,2,Bag - Peat ash dump with wood,Bulk,TRUE,R+C/F,FALSE,FALSE,29/06/2006,BL,2303,S17.7,1770,1790,1770-1790,1750-1810,Meat Store
274,20,6,Soil floor - center,Bulk,TRUE,,TRUE,FALSE,29/06/2006,UÆ,2308,S18.3,1690,1700,1690-1700,1690-1720,Pantry
275,20,9,Peat ash layer,Bulk,TRUE,,TRUE,FALSE,29/06/2006,PK,2311,MR.1,1700,1900,1700-1900,,Main Road
276,20,10,Charcoal,Bulk,TRUE,,TRUE,FALSE,30/06/2006,ÓGS,2325,S11.3,1730,1740,1730-1740,1720-1750,Priests Living Quarters
277,20,11,Floor,Bulk,TRUE,,TRUE,FALSE,30/06/2006,GML,2310,S6.1,1720,1760,1720-1760,1720-1780,Bishops Living Quarters
278,40,17,Multy context,Bulk,TRUE,,TRUE,FALSE,30/06/2006,PK,2317,MR.1,1700,1900,1700-1900,,Main Road
279,20,2,Black floor,Bulk,TRUE,,TRUE,FALSE,03/07/2006,BL,2333,S17.6,1750,1770,1750-1770,1750-1780,Meat Store
280,20,11,Charcoal layer,Bulk,TRUE,,TRUE,FALSE,03/07/2006,GML,2335,S6.1,1720,1760,1720-1760,1720-1780,Bishops Living Quarters
281,20,9,Peat ash floor,Bulk,TRUE,,TRUE,FALSE,03/07/2006,BL,2345,S17.5,1720,1750,1720-1750,1720-1750,Meat Store
282,20,7,Black charcoal layer,Bulk,TRUE,,TRUE,FALSE,03/07/2006,PK,2342,MR.1,1700,1900,1700-1900,,Main Road
283,1,4,Bag - Charcoal,Bulk,TRUE,,TRUE,FALSE,04/07/2006,ÓGS,2370,S31.1,1650,1700,1650-1700,1660-1690,Bishops Former Living Quarters
284,20,7,Floor layer,Bulk,TRUE,,TRUE,FALSE,05/07/2006,EH,2393,S17.5,1720,1750,1720-1750,1720-1750,Meat Store
285,20,5,Floor layer,Bulk,TRUE,,TRUE,FALSE,05/07/2006,EH,2396,S17.5,1720,1750,1720-1750,1720-1750,Meat Store
286,20,8,Floor layer,Bulk,TRUE,,TRUE,FALSE,05/07/2006,BL,2399,S17.5,1720,1750,1720-1750,1720-1750,Meat Store
287,20,10,Floor layer,Bulk,TRUE,,TRUE,FALSE,06/07/2006,GML,2425,S23.2,,1720,1720,1690-1720,Bishops Living Quarters
288,20,10,Floor layer?,Bulk,TRUE,,TRUE,FALSE,06/07/2006,ÓGS,2427,S7.1,1720,1760,1720-1760,1720-1780,Vestibule & Corridor
289,20,9,Floor layer,Bulk,TRUE,,TRUE,TRUE,06/07/2006,ÓGS,2438,S7.1,1720,1760,1720-1760,1720-1780,Vestibule & Corridor
290,1,3,Bag - Black stuff in pit [2447] under flagstones,Bulk,TRUE,,TRUE,FALSE,06/07/2006,UÆ,2449,S18.2,1680,1690,1680-1690,1660-1690,Pantry
291,20,9,Floor layer,Bulk,TRUE,,TRUE,FALSE,10/07/2006,SÞ,2467,S8.1,1720,1750,1720-1750,1720-1750,Nursery
292,20,10,Floor layer,Bulk,TRUE,,TRUE,FALSE,10/07/2006,MS,2444,S10.1,1700,1740,1700-1740,1690-1750,Kitchen
293,20,11,Charcoal dump,Bulk,TRUE,,TRUE,FALSE,10/07/2006,GML,2494,S6.1,1720,1760,1720-1760,1720-1780,Bishops Living Quarters
294,20,5,Floor layer       5 l FOR INSECT ANAL,Bulk,TRUE,,TRUE,FALSE,10/07/2006,BL,2496,S17.5,1720,1750,1720-1750,1720-1750,Meat Store
295,20,9,Floor layer,Bulk,TRUE,,TRUE,FALSE,10/07/2006,SÞ,2471,S8.1,1720,1750,1720-1750,1720-1750,Nursery
296,20,3,Drain fill,Bulk,TRUE,,TRUE,FALSE,10/07/2006,OA,2514,S18.1,1670,1680,1670-1680,1660-1690,Pantry
297,20,10,and 1 Bag - clay insulate NB: Bulk/Chem,Bulk/Chem,TRUE,,TRUE,FALSE,11/07/2006,UÆ,2519,S18.1,1670,1680,1670-1680,1660-1690,Pantry
298,20,10,Floor layer,Bulk,TRUE,,TRUE,FALSE,11/07/2006,EH,2502,S17.5,1720,1750,1720-1750,1720-1750,Meat Store
299,20,10,Floor layer,Bulk,TRUE,,TRUE,FALSE,12/07/2006,MS,2528,S10.1,1700,1740,1700-1740,1690-1750,Kitchen
300,20,11,Floor layer,Bulk,TRUE,,TRUE,FALSE,12/07/2006,EH,2508,S17.5,1720,1750,1720-1750,1720-1750,Meat Store
301,1,3,Bag - charcoal dump,Bulk,TRUE,,TRUE,FALSE,12/07/2006,ÁE/SÞ,2545,S8.1,1720,1750,1720-1750,1720-1750,Nursery
302,20,12,Charcoal layer,Bulk,TRUE,,TRUE,FALSE,12/07/2006,ÓGS,2550,S27.1,1700,1720,1700-1720,1690-1720,Passage
303,20,9,Floor layer,Bulk,TRUE,,TRUE,FALSE,12/07/2006,MS,2541,S10.1,1700,1740,1700-1740,1690-1750,Kitchen
304,0,,Sample-4 floor layer-taken from SE-corner of bulk,Bulk,FALSE,,TRUE,FALSE,12/07/2006,EH,1680,S17.1,1670,1690,1670-1690,1660-1690,Meat Store
95,10,10,Charcoal rich part of midden - Group [634],Bulk,TRUE,R/C/F,TRUE,FALSE,09/07/2004,BL,1144,MC.3,1750,1900,1750-1900,1750-1810,Midden Zone C
96,10,10,Charcoal layer - Group [691],Bulk,TRUE,R/C/F,TRUE,FALSE,12/07/2005,ÓGS,1234,S11.2,1720,1730,1720-1730,1720-1750,Priests Living Quarters
97,10,10.5,Charcoal layer - Group [691],Bulk,TRUE,R/C/F,TRUE,FALSE,13/07/2005,ÓGS,1205,S11.2,1720,1730,1720-1730,1720-1750,Priests Living Quarters
98,1,1.5,Bag - Drain fill ? Find in R. * C+F,Chemical?,TRUE,R+C/F,TRUE,FALSE,25/05/2005,ÓGS,1323,S31.1,1650,1700,1650-1700,1660-1690,Bishops Former Living Quarters
99,1,,Bag - Topsoil - 1,Chemical,FALSE,,FALSE,FALSE,26/05/2005,SGB,201,M.7,1800,1900,1800-1900,,Mound (Kyndluholl)
100,1,,Bag - Toopsil - 2,Chemical,FALSE,,FALSE,FALSE,26/05/2005,SGB,201,M.7,1800,1900,1800-1900,,Mound (Kyndluholl)
101,1,,Bag - Toopsil - 3,Chemical,TRUE,,FALSE,FALSE,26/05/2005,SGB,201,M.7,1800,1900,1800-1900,,Mound (Kyndluholl)
102,1,,Bag - 202 - 1,Chemical,FALSE,,FALSE,FALSE,26/05/2005,SGB,202,M.7,1800,1900,1800-1900,,Mound (Kyndluholl)
103,1,,Bag - 202 - 2,Chemical,FALSE,,FALSE,FALSE,26/05/2005,SGB,202,M.7,1800,1900,1800-1900,,Mound (Kyndluholl)
104,1,,Bag - 202 - 3,Chemical,FALSE,,FALSE,FALSE,26/05/2005,SGB,202,M.7,1800,1900,1800-1900,,Mound (Kyndluholl)
105,1,,Bag - 203 - 1,Chemical,FALSE,,FALSE,FALSE,26/05/2005,SGB,203,M.6,1800,1900,1800-1900,,Mound (Kyndluholl)
106,1,,Bag - 203 - 2,Chemical,FALSE,,FALSE,FALSE,26/05/2005,SGB,203,M.6,1800,1900,1800-1900,,Mound (Kyndluholl)
107,1,,Bag - 203 - 3,Chemical,FALSE,,FALSE,FALSE,26/05/2005,SGB,203,M.6,1800,1900,1800-1900,,Mound (Kyndluholl)
108,1,,Bag - 204 - 1,Chemical,FALSE,,FALSE,FALSE,26/05/2005,SGB,204,M.6,1800,1900,1800-1900,,Mound (Kyndluholl)
109,1,,Bag - 205 - 1,Chemical,FALSE,,FALSE,FALSE,26/05/2005,SGB,205,M.6,1800,1900,1800-1900,,Mound (Kyndluholl)
110,1,,Bag - 205 - 2,Chemical,FALSE,,FALSE,FALSE,26/05/2005,SGB,205,M.6,1800,1900,1800-1900,,Mound (Kyndluholl)
111,1,,Bag - 205 - 3,Chemical,FALSE,,FALSE,FALSE,26/05/2005,SGB,205,M.6,1800,1900,1800-1900,,Mound (Kyndluholl)
112,1,,Bag - 206 - 1,Chemical,FALSE,,FALSE,FALSE,26/05/2005,SGB,206,M.6,1800,1900,1800-1900,,Mound (Kyndluholl)
113,1,,Bag - 206 - 2,Chemical,FALSE,,FALSE,FALSE,26/05/2005,SGB,206,M.6,1800,1900,1800-1900,,Mound (Kyndluholl)
114,1,,Bag - 206 - 3,Chemical,FALSE,,FALSE,FALSE,26/05/2005,SGB,206,M.6,1800,1900,1800-1900,,Mound (Kyndluholl)
115,1,,Bag - 207 - 1,Chemical,FALSE,,FALSE,FALSE,26/05/2005,SGB,207,M.5,,,1500-1900,,Mound (Kyndluholl)
116,1,,Bag - 207 - 2,Chemical,FALSE,,FALSE,FALSE,26/05/2005,SGB,207,M.5,,,1500-1900,,Mound (Kyndluholl)
117,1,,Bag - 207 - 3,Chemical,FALSE,,FALSE,FALSE,26/05/2005,SGB,207,M.5,,,1500-1900,,Mound (Kyndluholl)
118,1,,Bag - 208 - 1,Chemical,FALSE,,FALSE,FALSE,26/05/2005,SGB,208,M.5,,,1500-1900,,Mound (Kyndluholl)
119,1,,Bag - 209 - 1,Chemical,FALSE,,FALSE,FALSE,26/05/2005,SGB,209,M.5,,,1500-1900,,Mound (Kyndluholl)
120,1,,Bag - 209 - 2,Chemical,FALSE,,FALSE,FALSE,26/05/2005,SGB,209,M.5,,,1500-1900,,Mound (Kyndluholl)
121,1,,Bag - 210 - 1,Chemical,FALSE,,FALSE,FALSE,26/05/2005,SGB,210,M.5,,,1500-1900,,Mound (Kyndluholl)
122,1,,Bag - 211 - 1,Chemical,FALSE,,FALSE,FALSE,26/05/2005,SGB,211,M.5,,,1500-1900,,Mound (Kyndluholl)
123,1,,Bag - 211 - 2,Chemical,FALSE,,FALSE,FALSE,26/05/2005,SGB,211,M.5,,,1500-1900,,Mound (Kyndluholl)
124,1,,Bag - 211 - 3,Chemical,FALSE,,FALSE,FALSE,26/05/2005,SGB,211,M.5,,,1500-1900,,Mound (Kyndluholl)
125,1,,Bag - 212 - 1,Chemical,FALSE,,FALSE,FALSE,26/05/2005,SGB,212,M.5,,,1500-1900,,Mound (Kyndluholl)
126,1,,Bag - 212 - 2,Chemical,FALSE,,FALSE,FALSE,26/05/2005,SGB,212,M.5,,,1500-1900,,Mound (Kyndluholl)
127,1,,Bag - 212 - 3,Chemical,FALSE,,FALSE,FALSE,26/05/2005,SGB,212,M.5,,,1500-1900,,Mound (Kyndluholl)
128,1,,Bag - 213 - 1,Chemical,FALSE,,FALSE,FALSE,26/05/2005,SGB,213,M.5,,,1500-1900,,Mound (Kyndluholl)
129,1,,Bag - 213 - 2,Chemical,FALSE,,FALSE,FALSE,26/05/2005,SGB,213,M.5,,,1500-1900,,Mound (Kyndluholl)
130,1,,Bag - 213 - 3,Chemical,FALSE,,FALSE,FALSE,26/05/2005,SGB,213,M.5,,,1500-1900,,Mound (Kyndluholl)
131,1,,Bag - 214 - 1,Chemical,FALSE,,FALSE,FALSE,26/05/2005,SGB,214,M.4,,,1500-1900,,Mound (Kyndluholl)
132,1,,Bag - 215 - 1,Chemical,FALSE,,FALSE,FALSE,26/05/2005,SGB,215,M.4,,,1500-1900,,Mound (Kyndluholl)
133,1,,Bag - 215 - 2,Chemical,FALSE,,FALSE,FALSE,26/05/2005,SGB,215,M.4,,,1500-1900,,Mound (Kyndluholl)
134,1,,Bag - 215 - 3,Chemical,FALSE,,FALSE,FALSE,26/05/2005,SGB,215,M.4,,,1500-1900,,Mound (Kyndluholl)
135,1,,Bag - 215 - Bulk sample,Bulk,FALSE,,FALSE,FALSE,26/05/2005,SGB,215,M.4,,,1500-1900,,Mound (Kyndluholl)
136,1,,Bag - 216 - 1,Chemical,FALSE,,FALSE,FALSE,26/05/2005,SGB,216,M.4,,,1500-1900,,Mound (Kyndluholl)
137,1,,Bag - 216 - 2,Chemical,FALSE,,FALSE,FALSE,26/05/2005,SGB,216,M.4,,,1500-1900,,Mound (Kyndluholl)
138,1,,Bag - 216 - 3,Chemical,FALSE,,FALSE,FALSE,26/05/2005,SGB,216,M.4,,,1500-1900,,Mound (Kyndluholl)
139,1,,Bag - 216 - Bulk sample,Bulk,FALSE,,FALSE,FALSE,26/05/2005,SGB,216,M.4,,,1500-1900,,Mound (Kyndluholl)
140,1,,Bag - 219 -1,Chemical,FALSE,,FALSE,FALSE,26/05/2005,SGB,219,M.4,,,1500-1900,,Mound (Kyndluholl)
141,1,,Bag - 202 - Bulk sample,Bulk,FALSE,,FALSE,FALSE,26/05/2005,SGB,202,M.7,1800,1900,1800-1900,,Mound (Kyndluholl)
142,20,11,Charcoal layer,Bulk,TRUE,R+C/F,TRUE,FALSE,27/05/2005,ÓGS,1339,S11.3,1730,1740,1730-1740,1720-1750,Priests Living Quarters
143,20,11,Floor layer,Bulk,TRUE,R+C/F,TRUE,FALSE,27/05/2005,MS,1329,S12.1,1690,1740,1690-1740,1690-1750,Living Quarters
147,1,,Bag - 225 - 1,Chemical,FALSE,,FALSE,FALSE,29/05/2005,SGB,225,M.2,,,1500-1900,,Mound (Kyndluholl)
148,1,,Bag - 225 - 2,Chemical,FALSE,,FALSE,FALSE,29/05/2005,SGB,225,M.2,,,1500-1900,,Mound (Kyndluholl)
149,1,,Bag - 225 - 3,Chemical,FALSE,,FALSE,FALSE,29/05/2005,SGB,225,M.2,,,1500-1900,,Mound (Kyndluholl)
150,1,,Bag - 226 - 1,Chemical,FALSE,,FALSE,FALSE,29/05/2005,SGB,226,M.1,1500,1600,1500-1600,,Mound (Kyndluholl)
151,1,,Bag - 226 - 2,Chemical,FALSE,,FALSE,FALSE,29/05/2005,SGB,226,M.1,1500,1600,1500-1600,,Mound (Kyndluholl)
152,1,,Bag - 226 - 3,Chemical,FALSE,,FALSE,FALSE,29/05/2005,SGB,226,M.1,1500,1600,1500-1600,,Mound (Kyndluholl)
156,1,,Bag - 206 - Bulk,Bulk,FALSE,,FALSE,FALSE,29/05/2005,SGB,206,M.6,1800,1900,1800-1900,,Mound (Kyndluholl)
157,1,,Bag - 224 - Bulk,Bulk,FALSE,,FALSE,FALSE,29/05/2005,SGB,224,M.2,,,1500-1900,,Mound (Kyndluholl)
158,1,,Bag - 225 - Bulk,Bulk,FALSE,,FALSE,FALSE,29/05/2005,SGB,225,M.2,,,1500-1900,,Mound (Kyndluholl)
159,1,,Bag - 226 - Bulk,Bulk,FALSE,,FALSE,FALSE,29/05/2005,SGB,226,M.1,1500,1600,1500-1600,,Mound (Kyndluholl)
163,1,,Tin - Kubina sample,Micromorph,FALSE,,FALSE,FALSE,29/05/2005,SGB,207,M.5,,,1500-1900,,Mound (Kyndluholl)
164,1,,Tin - Kubina sample,Micromorph,FALSE,,FALSE,FALSE,29/05/2005,SGB,204,M.6,1800,1900,1800-1900,,Mound (Kyndluholl)
166,20,10,Drain fill in room [691],Bulk,TRUE,R+C/F,TRUE,FALSE,31/05/2005,ÓGS,1364,S11.2,1720,1730,1720-1730,1720-1750,Priests Living Quarters
167,20,10,Floor layer room [1200],Bulk,TRUE,R/C+F,TRUE,FALSE,31/05/2005,ÁE,1348,S5.2,1740,1760,1740-1760,1720-1780,Bishops Dining Room
168,20,10,Drain fill in [691],Bulk,TRUE,R+C/F,TRUE,FALSE,31/05/2005,ÓGS,1366,S11.1,1690,1720,1690-1720,1690-1720,Living Quarters
169,20,10,Floor in w - end,Bulk,TRUE,R+C/F,TRUE,FALSE,01/06/2005,GML,1359,S6.1,1720,1760,1720-1760,1720-1780,Bishops Living Quarters
170,20,10,Floor layer room [1200],Bulk,TRUE,R+C/F,TRUE,FALSE,10/06/2005,ÁE,1449,S5.2,1740,1760,1740-1760,1720-1780,Bishops Dining Room
171,20,10,Floor layer,Bulk,TRUE,R+C/F,TRUE,FALSE,10/06/2005,GML,1461,S7.1,1720,1760,1720-1760,1720-1780,Vestibule & Corridor
172,20,10,Drain fill,Bulk,TRUE,R+C/F,TRUE,FALSE,13/06/2005,GML,1415,S7.2,1760,1800,1760-1800,1750-1810,Vestibule & Corridor
173,20,,Drain fill,Bulk,FALSE,,FALSE,TRUE,14/06/2005,EH,1478,S13.2,1750,1800,1750-1800,1750-1810,Main Corridor
174,1,,Small bag - Stone - mineral,Chemical,FALSE,,FALSE,FALSE,15/06/2005,ÓGS,1509,S11.1,1690,1720,1690-1720,1690-1720,Living Quarters
175,20,9,Floor layer,Bulk,TRUE,R+C/F,TRUE,FALSE,15/06/2005,UÆ/LP,1514,S18.7,1770,1790,1770-1790,1750-1810,Pantry
176,20,10,Charcoal deposit,Bulk,TRUE,R/C/F,TRUE,FALSE,16/06/2005,ÁE,1518,S5.1,1720,1740,1720-1740,1720-1750,Bishops Dining Room
177,20,10,Drain fill,Bulk,TRUE,R+C/F,TRUE,FALSE,16/06/2005,GML,1520,S6.2,1760,1800,1760-1800,1750-1810,Bishops Living Quarters
178,20,11,Floor/Charcoal,Bulk,TRUE,R+C/F,TRUE,FALSE,16/06/2005,MS,1511,S10.2,1740,1760,1740-1760,1720-1780,Kitchen
179,20,9,Charcoal,Bulk,TRUE,R+C/F,TRUE,FALSE,16/06/2005,ÓGS,1531,S11.1,1690,1720,1690-1720,1690-1720,Living Quarters
180,20,11,Fill in [1539],Bulk,TRUE,R+C/F,TRUE,FALSE,20/06/2005,MS,1538,S10.3,1760,1800,1760-1800,1750-1810,Kitchen
181,20,10,Floor in room [690] - Group [1434],Bulk,TRUE,R+C/F,TRUE,FALSE,21/06/2005,SÞ,1507,S19.1,1730,1770,1730-1770,1720-1780,School Refectory
182,10,7,Drain fill in main corridor - Group [784],Bulk,TRUE,R+C/F,TRUE,FALSE,23/06/2005,EH,1552,S13.2,1750,1800,1750-1800,1750-1810,Main Corridor
183,20,10,Well fill - top - Group [1282],Bulk,FALSE,R+C/F,TRUE,TRUE,23/06/2005,ÓGS,1602,S11.1,1690,1720,1690-1720,1690-1720,Living Quarters
184,1,,Bag - Well fill - Group [1282],Chemical,FALSE,,TRUE,FALSE,23/06/2005,ÓGS,1602,S11.1,1690,1720,1690-1720,1690-1720,Living Quarters
185,20,10,Well fill - bottom - Group [1282],Bulk,TRUE,R+C/F,TRUE,FALSE,23/06/2005,ÓGS,1602,S11.1,1690,1720,1690-1720,1690-1720,Living Quarters
186,20,10,Drain fill,Bulk,TRUE,R+C/F,TRUE,FALSE,24/06/2005,ÁE,1527,S5.2,1740,1760,1740-1760,1720-1780,Bishops Dining Room
187,20,10,Floor,Bulk,TRUE,R/C+F,TRUE,FALSE,24/06/2005,UÆ/LP,1609,S18.6,1760,1770,1760-1770,1750-1780,Pantry
188,20,10,Floor,Bulk,TRUE,R/C/F,TRUE,FALSE,27/06/2005,EH,1617,S6.1,1720,1760,1720-1760,1720-1780,Bishops Living Quarters
189,20,10,Floor layer,Bulk,TRUE,R/C/F,TRUE,FALSE,27/06/2005,SÞ,1586,S19.1,1730,1770,1730-1770,1720-1780,School Refectory
190,20,10,Charcoal + turf mix,Bulk,TRUE,R/C/F,TRUE,FALSE,27/06/2005,ÓGS,1612,S11.2,1720,1730,1720-1730,1720-1750,Priests Living Quarters
191,20,9,Drain fill,Bulk,TRUE,R/C/F,TRUE,TRUE,28/06/2005,ÁE,1630,S5.2,1740,1760,1740-1760,1720-1780,Bishops Dining Room
192,20,10,Floor layer,Bulk,TRUE,R/C/F,TRUE,FALSE,29/06/2005,EH,1627,S7.1,1720,1760,1720-1760,1720-1780,Vestibule & Corridor
193,1,,Bag - Clayish patch in floor,Bulk,FALSE,,FALSE,FALSE,29/06/2005,EH,1627,S7.1,1720,1760,1720-1760,1720-1780,Vestibule & Corridor
194,20,,unidentified - ev. Iron,Bulk,FALSE,,FALSE,FALSE,30/06/2005,MS,1651,S10.2,1740,1760,1740-1760,1720-1780,Kitchen
195,20,9,Flaky floor layer,Bulk,TRUE,R/C+F,TRUE,FALSE,05/07/2005,UÆ,1677,S18.6,1760,1770,1760-1770,1750-1780,Pantry
196,20,10,Drain fill,Bulk,TRUE,R+C/F,TRUE,FALSE,05/07/2005,ÓGS,1689,S11.2,1720,1730,1720-1730,1720-1750,Priests Living Quarters
197,20,10,Drain fill,Bulk,TRUE,R+C/F,TRUE,FALSE,05/07/2005,ÓGS,1691,S11.1,1690,1720,1690-1720,1690-1720,Living Quarters
198,20,,Drain fill,Bulk,FALSE,,FALSE,TRUE,05/07/2005,ÓGS,1694,S11.2,1720,1730,1720-1730,1720-1750,Priests Living Quarters
199,20,10,Drain fill,Bulk,TRUE,R+C/F,TRUE,FALSE,05/07/2005,ÓGS,1696,S11.1,1690,1720,1690-1720,1690-1720,Living Quarters
200,10,9,Drain fill,Bulk,TRUE,R/C+F,TRUE,FALSE,05/07/2005,GML,1690,S7.2,1760,1800,1760-1800,1750-1810,Vestibule & Corridor
202,0,,,Micromorph,FALSE,,FALSE,FALSE,30/08/2005,GML/SGB,215,M.4,,,1500-1900,,Mound (Kyndluholl)
204,0,,R53,Micromorph,FALSE,,FALSE,FALSE,30/08/2005,GML/SGB,53,S21.4,1770,1790,1770-1790,1750-1810,School Room
205,0,,R51,Micromorph,FALSE,,FALSE,FALSE,30/08/2005,GML/SGB,51,S13.4,1830,1850,1830-1850,1810-1870,Silo/Midden
206,0,,R51,Bulk,FALSE,,FALSE,FALSE,30/08/2005,GML/SGB,51,S13.4,1830,1850,1830-1850,1810-1870,Silo/Midden
207,0,,R51,Bulk,FALSE,,FALSE,FALSE,30/08/2005,GML/SGB,51,S13.4,1830,1850,1830-1850,1810-1870,Silo/Midden
208,0,,R51,Bulk,FALSE,,FALSE,FALSE,30/08/2005,GML/SGB,51,S13.4,1830,1850,1830-1850,1810-1870,Silo/Midden
209,0,,R51 - Layer 11,Bulk,FALSE,,FALSE,FALSE,30/08/2005,GML/SGB,51,S13.4,1830,1850,1830-1850,1810-1870,Silo/Midden
210,0,,R51 - Layer 3,Bulk,FALSE,,FALSE,FALSE,30/08/2005,GML/SGB,51,S13.4,1830,1850,1830-1850,1810-1870,Silo/Midden
211,0,,R51 - Layer 4,Bulk,FALSE,,FALSE,FALSE,30/08/2005,GML/SGB,51,S13.4,1830,1850,1830-1850,1810-1870,Silo/Midden
212,0,,R51 - Layer 5,Bulk,FALSE,,FALSE,FALSE,30/08/2005,GML/SGB,51,S13.4,1830,1850,1830-1850,1810-1870,Silo/Midden
213,0,,R51 - Layer 9,Bulk,FALSE,,FALSE,FALSE,30/08/2005,GML/SGB,51,S13.4,1830,1850,1830-1850,1810-1870,Silo/Midden
214,0,,R51 - Layer 11,Bulk,FALSE,,FALSE,FALSE,30/08/2005,GML/SGB,51,S13.4,1830,1850,1830-1850,1810-1870,Silo/Midden
215,0,,R51 - Layer 12,Bulk,FALSE,,FALSE,FALSE,30/08/2005,GML/SGB,51,S13.4,1830,1850,1830-1850,1810-1870,Silo/Midden
216,0,,R52 - Layer 1,Bulk,FALSE,,FALSE,FALSE,30/08/2005,GML/SGB,52,S29.3,,1900,1900,1900,Outhouse
217,0,,R52 - Layer 4,Bulk,FALSE,,FALSE,FALSE,30/08/2005,GML/SGB,52,S29.3,,1900,1900,1900,Outhouse
218,0,,R52 - Layer 9,Bulk,FALSE,,FALSE,FALSE,30/08/2005,GML/SGB,52,S29.3,,1900,1900,1900,Outhouse
219,0,,R52 - Layer 12,Bulk,FALSE,,FALSE,FALSE,30/08/2005,GML/SGB,52,S29.3,,1900,1900,1900,Outhouse
220,20,11,Drain fill,Bulk,TRUE,,TRUE,FALSE,23/05/2006,ÓGS,1720,C.3,1830,1850,1830-1850,1810-1870,Courtyard
305,0,,Peat ash dump,Bulk,FALSE,,FALSE,TRUE,05/06/2007,BL,2575,S17.5,1720,1750,1720-1750,1720-1750,Meat Store
306,0,12,Charcoal dump,Bulk,TRUE,,TRUE,FALSE,05/06/2007,BL,2584,S17.5,1720,1750,1720-1750,1720-1750,Meat Store
307,0,9,Floor layer,Bulk,TRUE,,TRUE,FALSE,05/06/2007,LP,2578,S17.5,1720,1750,1720-1750,1720-1750,Meat Store
308,0,10,Charcoal rich dump,Bulk,TRUE,,TRUE,FALSE,06/06/2007,BL/ÁE,2575,S17.5,1720,1750,1720-1750,1720-1750,Meat Store
309,0,,"From fireplace, wood ash, charcoal",Bulk,FALSE,,FALSE,TRUE,06/06/2007,LP,2588,S17.5,1720,1750,1720-1750,1720-1750,Meat Store
310,0,,"From fireplace, wood ash, charcoal",Bulk,FALSE,,FALSE,TRUE,06/06/2007,LP,2596,S17.5,1720,1750,1720-1750,1720-1750,Meat Store
311,0,,"From fireplace, wood ash, charcoal",Bulk,FALSE,,FALSE,TRUE,06/06/2007,LP,2599,S17.5,1720,1750,1720-1750,1720-1750,Meat Store
312,0,,Peat ash from fireplace,Bulk,FALSE,,FALSE,TRUE,06/06/2007,LP,2601,S17.5,1720,1750,1720-1750,1720-1750,Meat Store
313,0,,"Turf, peat ash, charcoal",Bulk,FALSE,,FALSE,TRUE,06/06/2007,UÆ,2600,S17.6,1750,1770,1750-1770,1750-1780,Meat Store
314,0,10,Birch twig,Bulk,TRUE,,TRUE,FALSE,07/06/2007,GML,2609,S23.2,,1720,1720,1690-1720,Bishops Living Quarters
315,0,10,Charcoal rich twigs,Bulk,TRUE,,TRUE,FALSE,07/06/2007,BL/ÁE,2607,S17.3,1700,1710,1700-1710,1690-1720,Meat Store
316,0,10,Drain fill sample,Bulk,TRUE,,TRUE,TRUE,07/06/2007,ÓGS,2615,S27.1,1700,1720,1700-1720,1690-1720,Passage
317,0,,Drain fill for siewing,Bulk,FALSE,,FALSE,TRUE,07/06/2007,ÓGS,2615,S27.1,1700,1720,1700-1720,1690-1720,Passage
318,0,10,Floor layer,Bulk,TRUE,,TRUE,TRUE,07/06/2007,BL/ÁE,2623,S17.3,1700,1710,1700-1710,1690-1720,Meat Store
319,0,,Peat ash,Bulk,FALSE,,FALSE,TRUE,08/06/2007,UÆ,2624,S17.5,1720,1750,1720-1750,1720-1750,Meat Store
320,0,,"Greyish, black, clayish stuff",Bulk,FALSE,,FALSE,TRUE,11/06/2007,UÆ,2625,S17.4,1710,1720,1710-1720,1690-1720,Meat Store
321,0,8,"Wet silty ""fill""",Bulk,TRUE,,TRUE,FALSE,11/06/2007,ÁE,2634,S17.2,1690,1700,1690-1700,1690-1720,Meat Store
322,0,9,Floor,Bulk,TRUE,,TRUE,FALSE,12/06/2007,ÓGB,2521,S25.2,1710,1720,1710-1720,1690-1720,Boys Lodge (servants?)
323,0,10,Floor,Bulk,TRUE,,TRUE,FALSE,12/06/2007,ÓGS,2651,S25.2,1710,1720,1710-1720,1690-1720,Boys Lodge (servants?)
324,0,9,Floor,Bulk,TRUE,,TRUE,FALSE,13/06/2007,ÓGS,2701,S25.2,1710,1720,1710-1720,1690-1720,Boys Lodge (servants?)
325,0,10,Floor,Bulk,TRUE,,TRUE,FALSE,13/06/2007,ÓGS,2708,S25.2,1710,1720,1710-1720,1690-1720,Boys Lodge (servants?)
326,0,9,Floor,Bulk,TRUE,,TRUE,FALSE,13/06/2007,GML,2684,S23.1,1700,1720,1700-1720,1690-1720,Bishops Living Quarters
327,0,10,Floor,Bulk,TRUE,,TRUE,FALSE,13/06/2007,GML,2687,S23.1,1700,1720,1700-1720,1690-1720,Bishops Living Quarters
328,0,10,Floor Gp [2659],Bulk,TRUE,,TRUE,FALSE,14/06/2007,UÆ,2714,S17.4,1710,1720,1710-1720,1690-1720,Meat Store
329,0,10,Drain fill,Bulk,TRUE,,TRUE,FALSE,14/06/2007,ÓGS,2733,S25.1,1670,1710,1670-1710,1660-1720,Boys Lodge (servants?)
330,0,11,Drain fill  Marked as 2752,Bulk,TRUE,,TRUE,FALSE,14/06/2007,ÓGS,2733,S25.1,1670,1710,1670-1710,1660-1720,Boys Lodge (servants?)
331,0,7,Floor Gp [2659],Bulk,TRUE,,TRUE,FALSE,14/06/2007,UÆ,2665,S17.4,1710,1720,1710-1720,1690-1720,Meat Store
332,0,12,Floor Gp [2659],Bulk,TRUE,,TRUE,FALSE,14/06/2007,UÆ,2718,S17.4,1710,1720,1710-1720,1690-1720,Meat Store
333,0,12,Peat ash in fireplace 2730,Bulk,TRUE,,TRUE,FALSE,14/06/2007,ÁE/BL,2731,S17.4,1710,1720,1710-1720,1690-1720,Meat Store
334,0,10,Floor,Bulk,TRUE,,TRUE,FALSE,18/06/2007,LP,2746,S17.4,1710,1720,1710-1720,1690-1720,Meat Store
335,0,9,Floor Gp [2797],Bulk,TRUE,,TRUE,FALSE,19/06/2007,UÆ,2865,S17.3,1700,1710,1700-1710,1690-1720,Meat Store
336,0,10,Floor Gp [2797],Bulk,TRUE,,TRUE,FALSE,20/06/2007,UÆ,2864,S17.3,1700,1710,1700-1710,1690-1720,Meat Store
337,0,10,Fill of drain 2629,Bulk,TRUE,,TRUE,FALSE,20/06/2007,ÁE,2880,S17.2,1690,1700,1690-1700,1690-1720,Meat Store
338,0,8,Fill of cut,Bulk,TRUE,,TRUE,FALSE,20/06/2007,BL,2875,S17.2,1690,1700,1690-1700,1690-1720,Meat Store
339,0,12,Floor in passage,Bulk,TRUE,,TRUE,TRUE,20/06/2007,UÆ,2803,S17.3,1700,1710,1700-1710,1690-1720,Meat Store
340,0,10,Floor,Bulk,TRUE,,TRUE,TRUE,21/06/2007,ÓGS,2812,S25.1,1670,1710,1670-1710,1660-1720,Boys Lodge (servants?)
341,0,10,Floor,Bulk,TRUE,,TRUE,FALSE,21/06/2007,ÓGS,2822,S25.1,1670,1710,1670-1710,1660-1720,Boys Lodge (servants?)
342,0,10,Floor,Bulk,TRUE,,FALSE,FALSE,21/06/2007,ÓGS,2832,S25.1,1670,1710,1670-1710,1660-1720,Boys Lodge (servants?)
343,0,12,Floor,Bulk,TRUE,,TRUE,FALSE,21/06/2007,ÓGS,2840,S25.1,1670,1710,1670-1710,1660-1720,Boys Lodge (servants?)
344,0,,"wood ash, peat ash",Bulk,FALSE,,FALSE,TRUE,21/06/2007,UÆ,2893,S17.2,1690,1700,1690-1700,1690-1720,Meat Store
345,0,,Black organic goo,Bulk,FALSE,,FALSE,TRUE,21/06/2007,SGB,2819,S25.1,1670,1710,1670-1710,1660-1720,Boys Lodge (servants?)
346,0,9,Peat ash mixed floor,Bulk,TRUE,,TRUE,TRUE,21/06/2007,BL,2896,S17.2,1690,1700,1690-1700,1690-1720,Meat Store
347,0,10,Floor Gp,Bulk,TRUE,,TRUE,FALSE,21/06/2007,GML,2904,S23.1,1700,1720,1700-1720,1690-1720,Bishops Living Quarters
348,0,10,Floor [2892],Bulk,TRUE,,TRUE,TRUE,22/06/2007,UÆ,2909,S17.2,1690,1700,1690-1700,1690-1720,Meat Store
349,0,,Wood and peat ash,Bulk,FALSE,,FALSE,FALSE,22/06/2007,UÆ,2925,S17.2,1690,1700,1690-1700,1690-1720,Meat Store
350,0,10,Flotation,Bulk,TRUE,,TRUE,FALSE,22/06/2007,GML,2694,S23.1,1700,1720,1700-1720,1690-1720,Bishops Living Quarters
351,0,10,Peat ash fill,Bulk,TRUE,,TRUE,TRUE,25/06/2007,BL,2952,S17.1,1670,1690,1670-1690,1660-1690,Meat Store
352,0,9,Floor,Bulk,TRUE,,FALSE,FALSE,26/06/2007,UÆ,2955,S17.1,1670,1690,1670-1690,1660-1690,Meat Store
353,0,11,Possible drain fill,Bulk,TRUE,,TRUE,FALSE,26/06/2007,ÓGS,2846,S25.1,1670,1710,1670-1710,1660-1720,Boys Lodge (servants?)
354,0,12,Ash from f-place [2951],Bulk,TRUE,,TRUE,FALSE,27/06/2007,UÆ,2985,S17.2,1690,1700,1690-1700,1690-1720,Meat Store
355,0,11,Fill of drain [2960],Bulk,TRUE,,TRUE,FALSE,27/06/2007,ÁE,2970,S17.1,1670,1690,1670-1690,1660-1690,Meat Store
356,0,9,Fill of drain [2960] 2972/2973,Bulk,TRUE,,TRUE,FALSE,27/06/2007,ÁE,2972,S17.1,1670,1690,1670-1690,1660-1690,Meat Store
357,0,8,Fill of drain [2960],Bulk,TRUE,,TRUE,FALSE,27/06/2007,LP,2994,S17.1,1670,1690,1670-1690,1660-1690,Meat Store
358,0,10,Floor / ash,Bulk,TRUE,,TRUE,FALSE,27/06/2007,SGB,2982,S17.1,1670,1690,1670-1690,1660-1690,Meat Store
359,0,,floor,Micromorph,FALSE,,FALSE,FALSE,27/06/2007,SGB,2982,S17.1,1670,1690,1670-1690,1660-1690,Meat Store
360,0,2,Pink peat ash patch,Bulk,TRUE,,TRUE,TRUE,28/06/2007,BL,3001,S17.1,1670,1690,1670-1690,1660-1690,Meat Store
361,0,2,Patch of charcoal/burnt bone,Bulk,TRUE,,FALSE,FALSE,28/06/2007,BL,3009,S17.1,1670,1690,1670-1690,1660-1690,Meat Store
362,0,1,Peat ash west of fireplace [2951],Bulk,TRUE,,TRUE,FALSE,28/06/2007,UÆ,3017,S17.1,1670,1690,1670-1690,1660-1690,Meat Store
363,0,,Bone rich dep,Bulk,FALSE,,TRUE,FALSE,29/06/2007,GML,2872,S23.1,1700,1720,1700-1720,1690-1720,Bishops Living Quarters
364,0,1,bone rich deposit,Chemical,TRUE,,TRUE,FALSE,29/06/2007,,2872,S23.1,1700,1720,1700-1720,1690-1720,Bishops Living Quarters
