ID,No,Site code,Context,slag_Area,Length (max),Width (max),Depth (max),Length (min),Width (min),Depth (min),Count,Weight (g),Identification,Mag,Mag Char,Notes,GroupNo,Space,Finds Phases Query_Area,Unit type,Unit entropy,Sieved,Building Phase,Start Date,End Date,Duration,Period_30,Attribution,
171,9068,SKH05,1518,,1.9,1.6,0.6,,,,1,0.5,Fuel ash slag,N,,"Light gray, frothy and gritty, low density",1519,1200,161/743,Floor,in situ,TRUE,S5.1,1720,1740,20,1720-1750,Bishops Dining Room,
168,9068,SKH05,1518,,8.5,7.5,3,,,,1,167,Hearth bottom?,N,,"Pano-concavo (weakly), calcined bone and charcoaly black sand/grit partially fused to the bottom",1519,1200,161/743,Floor,in situ,TRUE,S5.1,1720,1740,20,1720-1750,Bishops Dining Room,
458,18254,"SKH05, <176>",1518,,1,0.7,0.5,0.6,0.5,0.4,8,1.34,Sphere slag,Y,,"small spheres, magnetic, irreglar in size",1519,1200,161/743,Floor,in situ,TRUE,S5.1,1720,1740,20,1720-1750,Bishops Dining Room,
169,9068,SKH05,1518,,5.1,3.5,1.5,,,,1,16,Undiagnostic slag,N,,"Ropey surface, small multidirectional flows",1519,1200,161/743,Floor,in situ,TRUE,S5.1,1720,1740,20,1720-1750,Bishops Dining Room,
170,9068,SKH05,1518,,6.5,6,3.5,,,,1,73,Vitrified material,N,,"Rusty red blob of soil, ash and charcoal with slag on top",1519,1200,161/743,Floor,in situ,TRUE,S5.1,1720,1740,20,1720-1750,Bishops Dining Room,
230,12324,SKH06,2185,,1.8,1.2,1.1,,,,1,0.5,Fuel ash slag,N,,"White to dark gray, frothy, low density, fractures easily",1211,1200,161/743,Floor,in situ,FALSE,S5.2,1740,1760,20,1720-1780,Bishops Dining Room,
145,9051,SKH05,1424,,0.4,0.4,0.4,,,,1,0.2,Sphere slag,Y,,"Small, round globule",1211,1200,743,Floor,in situ,TRUE,S5.2,1740,1760,20,1720-1780,Bishops Dining Room,
144,9051,SKH05,1424,,1.5,1.2,1,,,,1,1,Undiagnostic slag,N,,,1211,1200,743,Floor,in situ,TRUE,S5.2,1740,1760,20,1720-1780,Bishops Dining Room,
149,9055,SKH05,1448,,3.7,2.8,1.5,1.4,1.2,0.9,3,15,Undiagnostic slag,N,,"Largest fragment partially massive with very few vesicles, frothy surface, similar to 9066 (tap slag?/HB?)",1211,1200,743,Floor,in situ,TRUE,S5.2,1740,1760,20,1720-1780,Bishops Dining Room,
150,9056,SKH05,1449,,2.3,1.5,1.1,1.3,0.9,0.4,2,6,Undiagnostic slag,N,,,1211,1200,743,Floor,in situ,TRUE,S5.2,1740,1760,20,1720-1780,Bishops Dining Room,
154,9059,SKH05,1468,,1.3,0.9,0.7,2,1,0.6,3,5,Undiagnostic slag,Y,Weakly,"One irregularly round globule, hammerscale?",1211,1200,743,Floor,in situ,TRUE,S5.2,1740,1760,20,1720-1780,Bishops Dining Room,
155,9060,SKH05,1469,,1.7,1.2,0.8,,,,1,3,Undiagnostic slag,N,,,1211,1200,743,Floor,in situ,TRUE,S5.2,1740,1760,20,1720-1780,Bishops Dining Room,
173,9071,SKH05,1527,,2.5,1.5,1.3,1.4,1.2,0.5,3,22,Undiagnostic slag,N,,,1528,1200,161/743,Floor,in situ,TRUE,S5.2,1740,1760,20,1720-1780,Bishops Dining Room,
233,12327,SKH06,2215,,3.1,1.9,1,1.7,1,0.9,3,7,Undiagnostic slag,N,,"Vesicular and ropey, small fragments",1211,1200,161/743,Floor,in situ,TRUE,S5.2,1740,1760,20,1720-1780,Bishops Dining Room,
139,9046,SKH05,1390,,5.5,4.3,2.5,,,,1,23,Vitrified material,N,,"Light gray to very dark gray, frothy to vesicular, low density",1211,1200,743,Floor,in situ,TRUE,S5.2,1740,1760,20,1720-1780,Bishops Dining Room,
104,6496,SKH04,958,,0.6,0.5,0.5,,,,1,0.1,Sphere slag,Y,,Round globule,932,1200,743,Floor,in situ,TRUE,S5.3,1760,1780,20,1750-1780,Bishops Dining Room,
89,6127,SKH04,1228,,3.6,3.2,2,,,,1,14,Undiagnostic slag,N,,"Charcoal impressions, with charcoal still in them",710,1200,743,Floor,in situ,FALSE,S5.3,1760,1780,20,1750-1780,Bishops Dining Room,
99,6146,SKH04,1157,,2.8,2.1,2,,,,1,8.8,Undiagnostic slag,N,,,932,1200,743,Floor,in situ,TRUE,S5.3,1760,1780,20,1750-1780,Bishops Dining Room,
270,15022,SKH07,2872,,2.6,1.8,1.1,,,,6,4,Flowed slag,Y,One strongly,Small unidirectional flow,2863,2551,743,Floor,in situ,TRUE,S23.1,1700,1720,20,1690-1720,Bishops Living Quarters,
406,17039,SKH07,2691,,4.5,3.3,1.5,,,,1,9.2,Flowed slag,N,,"Black and glassy on the top, dark gray on bottom, coarse, possibly sand fused underneath flow, flow fairly large, vesicular",2658,2551,743,Floor,in situ,TRUE,S23.1,1700,1720,20,1690-1720,Bishops Living Quarters,
256,15010,SKH07,2904,,1,0.9,0.6,,,,1,0.7,Fuel ash slag,N,,"Small gray globule of gray fuel ash slag, vesicular",2658,2551,743,Floor,in situ,TRUE,S23.1,1700,1720,20,1690-1720,Bishops Living Quarters,
271,15022,SKH07,2872,,2.6,2,1.2,1.2,1,0.6,4,4,Fuel ash slag,N,,"Light gray to redish dark gray, frothy, low density, most likely fuel ash and fused earth",2863,2551,743,Floor,in situ,TRUE,S23.1,1700,1720,20,1690-1720,Bishops Living Quarters,
350,15088,SKH07,2683,,1.8,1.6,1,1.4,0.7,0.6,2,1.46,Fuel ash slag,N,,"Gray, frothy, low density",2658,2551,743,Floor,in situ,TRUE,S23.1,1700,1720,20,1690-1720,Bishops Living Quarters,
360,15097,SKH07,2872,,3.1,2.3,1.2,"<0,5","<0,5","<0,5",11,4,Fuel ash slag,N,,"Light gray and frothy, low density, possibly some bone fragments",2863,2551,743,Floor,in situ,TRUE,S23.1,1700,1720,20,1690-1720,Bishops Living Quarters,
369,15100,SKH07,2872,,3,1.8,1.4,1.4,0.9,0.6,4,7,Fuel ash slag,Y,One,"Light gray, frothy, low density, one fragment mostly light gray but obviously has one small portion of iron rich slag as it is magnetic",2863,2551,743,Floor,in situ,TRUE,S23.1,1700,1720,20,1690-1720,Bishops Living Quarters,
364,15099,SKH07,2872,,1.2,0.9,0.7,0.4,0.4,0.1,7,1,Sphere and flake slag,Y,All weakly,"Six globules of slag, two broken in half and hollow, one thin flake",2863,2551,743,Floor,in situ,TRUE,S23.1,1700,1720,20,1690-1720,Bishops Living Quarters,
272,15022,SKH07,2872,,0.6,0.5,0.5,0.5,0.5,0.5,3,0.5,Sphere slag,Y,Two strongly,Small round blobs,2863,2551,743,Floor,in situ,TRUE,S23.1,1700,1720,20,1690-1720,Bishops Living Quarters,
356,15093,SKH07,2872,,0.8,0.7,0.7,0.8,0.8,0.5,3,0.62,Sphere slag,Y,One very very weakly,"One broken round and hollow globule, one whole and subrounded",2863,2551,743,Floor,in situ,TRUE,S23.1,1700,1720,20,1690-1720,Bishops Living Quarters,
361,15097,SKH07,2872,,1.5,1.4,1.3,0.6,0.6,0.5,4,0.83,Sphere slag,Y,Three weakly,"Two small round globules, one large one and one large flake",2863,2551,743,Floor,in situ,TRUE,S23.1,1700,1720,20,1690-1720,Bishops Living Quarters,
255,15010,SKH07,2904,,1.8,1.5,1.3,,,,1,2,Undiagnostic slag,N,,"small possible bone fragment, calcined, fused in slag",2658,2551,743,Floor,in situ,TRUE,S23.1,1700,1720,20,1690-1720,Bishops Living Quarters,
264,15019,SKH07,2872,,3.5,2.6,1.8,2,0.6,0.4,6,31,Undiagnostic slag,Y,One,"Six crusty fragments, fused mixture of charcoal, slag and possibly sand, orange red, yellowy white and dark gray, partially glassy, one small but long flow, magnetic",2863,2551,743,Floor,in situ,TRUE,S23.1,1700,1720,20,1690-1720,Bishops Living Quarters,
269,15022,SKH07,2872,,3.6,2.4,1.6,"<0,5","<0,5","<0,5",25,52.5,Undiagnostic slag,Y,Two weakly,"Orange red to black and glittery congealed masses of charcoal, slag and grit, one fragment has possible eggshell fragment fused to the surface, vesicular to massive,",2863,2551,743,Floor,in situ,TRUE,S23.1,1700,1720,20,1690-1720,Bishops Living Quarters,
273,15023,SKH07,2872,,2,1,0.8,1.5,1,0.5,6,8.85,Undiagnostic slag,N,,"Redish glassy to dark gray, coarse",2863,2551,743,Floor,in situ,TRUE,S23.1,1700,1720,20,1690-1720,Bishops Living Quarters,
281,15028,SKH07,2694,,1.5,1.3,0.9,,,,1,1.89,Undiagnostic slag,N,,"Subrounded gray blob, could be basalt",2658,2551,743,Floor,in situ,TRUE,S23.1,1700,1720,20,1690-1720,Bishops Living Quarters,
292,15038,SKH07,2872,,2.1,1.5,1.4,0.9,0.7,0.6,10,14,Undiagnostic slag,N,,Glassy red to dark gray,2863,2551,743,Floor,in situ,TRUE,S23.1,1700,1720,20,1690-1720,Bishops Living Quarters,
297,15040,SKH07,2949,,4.1,3.7,1.3,,,,1,12.47,Undiagnostic slag,N,,Could also be basalt scoria,2658,2551,743,Floor,in situ,TRUE,S23.1,1700,1720,20,1690-1720,Bishops Living Quarters,
311,15051,SKH07,2872,,1.4,1,0.6,0.8,0.6,0.4,5,3.79,Undiagnostic slag,Y,Three strongly,Small slag pieces and possible fused earth,2863,2551,743,Floor,in situ,TRUE,S23.1,1700,1720,20,1690-1720,Bishops Living Quarters,
327,15066,SKH07,2872,,2.4,1.8,1.5,0.8,0.7,0.5,7,7,Undiagnostic slag,N,,"Redish orange to dark gray, gritty to smooth, largest one possibly iron ore?",2863,2551,743,Floor,in situ,TRUE,S23.1,1700,1720,20,1690-1720,Bishops Living Quarters,
349,15085,SKH07,2904,,1.6,0.9,0.8,,,,1,1,Undiagnostic slag,N,,"Gray, elongated globule, vesicular",2658,2551,743,Floor,in situ,TRUE,S23.1,1700,1720,20,1690-1720,Bishops Living Quarters,
363,15099,SKH07,2872,,1.8,1.3,0.9,1.1,0.7,0.5,5,10,Undiagnostic slag,Y,Two,,2863,2551,743,Floor,in situ,TRUE,S23.1,1700,1720,20,1690-1720,Bishops Living Quarters,
368,15100,SKH07,2872,,2.8,1.8,1.3,1.8,1.5,1,3,12,Undiagnostic slag,Y,One,Orangey red iron oxide coat,2863,2551,743,Floor,in situ,TRUE,S23.1,1700,1720,20,1690-1720,Bishops Living Quarters,
274,15023,SKH07,2872,,3,1.3,1.2,,,,1,1,Vitrified material,N,,"Redish gray, frothy, low density",2863,2551,743,Floor,in situ,TRUE,S23.1,1700,1720,20,1690-1720,Bishops Living Quarters,
318,15056,SKH07,2872,,2.5,1.5,1.3,1.4,1.1,0.9,4,6.81,Vitrified material,N,,"Gray to glassy red, frothy and gritty, low density",2863,2551,743,Floor,in situ,TRUE,S23.1,1700,1720,20,1690-1720,Bishops Living Quarters,
365,15099,SKH07,2872,,2.3,1.6,0.9,0.8,0.6,0.5,6,2,Vitrified material,Y,Three,"Redish gray to glassy black, frothy and bubbly, low density",2863,2551,743,Floor,in situ,TRUE,S23.1,1700,1720,20,1690-1720,Bishops Living Quarters,
370,15100,SKH07,2872,,1.8,1.6,1.4,1.1,0.8,0.5,2,1,Vitrified material,N,,,2863,2551,743,Floor,in situ,TRUE,S23.1,1700,1720,20,1690-1720,Bishops Living Quarters,
478,18424,"SKH06, <277>",2310,,,,,,,,,0.2,Flake slag,Y,,very fine flakes,2214,1624,743,Floor,in situ,TRUE,S6.1,1720,1760,40,1720-1780,Bishops Living Quarters,
133,9044,SKH05,1359,,5.1,3.3,1.6,2,1.2,1,6,49,Flowed slag,N,,"Small flows, unidirectional to multidirectional",972,1624,743,Floor,in situ,TRUE,S6.1,1720,1760,40,1720-1780,Bishops Living Quarters,
135,9044,SKH05,1359,,4.2,3.5,1.8,2.3,1.4,1.4,2,14,Fuel ash slag,N,,,972,1624,743,Floor,in situ,TRUE,S6.1,1720,1760,40,1720-1780,Bishops Living Quarters,
134,9044,SKH05,1359,,6.2,4.8,2.4,4.2,2.5,2.2,2,121,Hearth bottom,N,,"Fragments fit together, weakly plano-concavo shape, massive with rare to moderate vesicles, flat top, rough bottom, charcoal, stone and charcoal black sand fused to bottom (rare)",972,1624,743,Floor,in situ,TRUE,S6.1,1720,1760,40,1720-1780,Bishops Living Quarters,
105,8771,SKH05,1617,,0.6,0.6,0.6,,,,1,0.5,Sphere slag,Y,,"Small round ball, gray",949,1624,743,Floor,in situ,TRUE,S6.1,1720,1760,40,1720-1780,Bishops Living Quarters,
136,9044,SKH05,1359,,0.9,0.8,0.6,0.6,0.5,0.5,6,1,Sphere slag,Y,One,Small round globules,972,1624,743,Floor,in situ,TRUE,S6.1,1720,1760,40,1720-1780,Bishops Living Quarters,
132,9044,SKH05,1359,,3.9,2.8,1.8,1,0.8,0.6,21,100,Undiagnostic slag,N,,,972,1624,743,Floor,in situ,TRUE,S6.1,1720,1760,40,1720-1780,Bishops Living Quarters,
242,12336,SKH06,2335,,3.9,3.3,2.2,,,,1,22,Undiagnostic slag,Y,Very weakly,"Vesicular, gray, could be rim fragment of hearth bottom, top very weakly magnetic, rusty red",2214,1624,743,Floor,in situ,TRUE,S6.1,1720,1760,40,1720-1780,Bishops Living Quarters,
130,9041,SKH05,1336,,2.3,2.1,1.4,,,,1,7,Undiagnostic slag,N,,"Black and glassy, fairly light",1174,1174,743,Floor,disturbed,FALSE,S6.3,1800,1890,30,1780-1900,Bishops Living Quarters,
334,15069,SKH07,2830,,4.2,2.4,1.1,,,,2,10,Flowed slag,N,,"Small flows, one large unidirectional, smaller multidirectional from the large one, pieces fit together",2800,2520,161,Floor,in situ,TRUE,S25.1,1670,1710,40,1660-1720,Boys Lodge (servants?),
358,15095,SKH07,2839,,4,2.2,1.2,,,,1,9.07,Flowed slag,N,,"Small, multidirectional flow",2800,2520,161,Floor,in situ,TRUE,S25.1,1670,1710,40,1660-1720,Boys Lodge (servants?),
407,17040,SKH07,2828,,2.8,2.2,0.9,,,,1,2.87,Flowed slag,N,,"Very dark gray, vesicular, small thin flow structure",2800,2520,161,Floor,in situ,TRUE,S25.1,1670,1710,40,1660-1720,Boys Lodge (servants?),
414,17046,SKH07,2877,,1.7,1.2,0.7,0.5,0.5,0.2,2,1,Fuel ash slag,N,,"Light gray, frothy, low density",2520,2520,161,Floor,in situ,FALSE,S25.1,1670,1710,40,1660-1720,Boys Lodge (servants?),
416,17047,SKH07,2877,,1.6,0.9,0.9,1,1,0.5,3,0.65,Fuel ash slag,N,,"Light gray, frothy, low density",2520,2520,161,Floor,in situ,FALSE,S25.1,1670,1710,40,1660-1720,Boys Lodge (servants?),
442,17072,SKH07,2813,,1.3,0.8,0.6,,,,1,0.22,Fuel ash slag,N,,"Light gray, frothy, low density",2800,2520,161,Floor,in situ,TRUE,S25.1,1670,1710,40,1660-1720,Boys Lodge (servants?),
449,17079,SKH07,2815,,1.5,1,0.5,1,0.7,0.3,3,0.24,Fuel ash slag,N,,"Light gray, frothy, low density",2800,2520,161,Floor,in situ,TRUE,S25.1,1670,1710,40,1660-1720,Boys Lodge (servants?),
252,14877,SKH07,2817,,8.5,4.8,2.5,1.5,0.8,0.6,22,248.89,Hearth bottom,Y,medium,"fragmented smithing hearth bottom, 19 small fragments, + 3 large ones, plano-concave blowl formed slag cake, partially magnetic at top",2800,2520,161,Floor,in situ,TRUE,S25.1,1670,1710,40,1660-1720,Boys Lodge (servants?),
392,16687,SKH07,2838,,0.4,0.4,0.4,,,,1,0.2,Sphere slag,N,,"round small sphere, black, glassy lustre, not magnetic, no clear tail, could be hsc or volcanic glass?",2800,2520,161,Floor,in situ,TRUE,S25.1,1670,1710,40,1660-1720,Boys Lodge (servants?),
393,16704,SKH07,2825,,0.5,0.5,0.4,0.4,0.4,0.4,2,0.14,Sphere slag,N,,"two small spheres, light, no tail visible, hammer scale? Or natural scoria?",2800,2520,161,Floor,in situ,TRUE,S25.1,1670,1710,40,1660-1720,Boys Lodge (servants?),
394,16706,SKH07,2818,,0.5,0.5,0.5,,,,1,0.12,Sphere slag,Y,,"small grayish black sphere, magnetic, faint tail",2800,2520,161,Floor,in situ,TRUE,S25.1,1670,1710,40,1660-1720,Boys Lodge (servants?),
497,19143,"SKH07, <329>R",2748,,1,0.8,0.6,0.1,0.1,0.1,30,3.1,Sphere slag,Y,medium,"grayish black spheres, few with a clear tail, a few magnetic pieces",2733,2520,161,Drain,in situ,TRUE,S25.1,1670,1710,40,1660-1720,Boys Lodge (servants?),
299,15041,SKH07,2832,,0.8,0.7,0.7,,,,1,0.17,Sphere slag,Y,Strongly,,2800,2520,161,Floor,in situ,TRUE,S25.1,1670,1710,40,1660-1720,Boys Lodge (servants?),
309,15049,SKH07,2813,,0.7,0.5,0.5,,,,1,0.06,Sphere slag,Y,Weakly,"small globule, gray",2800,2520,161,Floor,in situ,TRUE,S25.1,1670,1710,40,1660-1720,Boys Lodge (servants?),
336,15069,SKH07,2830,,1,1,0.7,0.6,0.5,0.4,3,0.6,Sphere slag,Y,One strongly,Small globules of slag,2800,2520,161,Floor,in situ,TRUE,S25.1,1670,1710,40,1660-1720,Boys Lodge (servants?),
415,17046,SKH07,2877,,0.5,0.5,0.5,,,,1,0.1,Sphere slag,Y,Strongly,Round blob of slag,2520,2520,161,Floor,in situ,FALSE,S25.1,1670,1710,40,1660-1720,Boys Lodge (servants?),
434,17066,SKH07,2877,,0.8,0.8,0.5,0.5,0.5,0.5,5,0.74,Sphere slag,Y,"Two strongly, two weakly, one not at all","Five small round blobs of slag, vesicular and light, dark to very dark gray, glassy",2520,2520,161,Floor,in situ,FALSE,S25.1,1670,1710,40,1660-1720,Boys Lodge (servants?),
435,17067,SKH07,2825,,0.8,0.8,0.6,,,,1,0.41,Sphere slag,N,,"One round blob, glassy, vesicular, very dark gray",2800,2520,161,Floor,in situ,TRUE,S25.1,1670,1710,40,1660-1720,Boys Lodge (servants?),
437,17069,SKH07,2821,,0.8,0.6,0.5,,,,1,0.24,Sphere slag,Y,Weakly,"One tiny partially round blob, black and glassy",2800,2520,161,Floor,in situ,TRUE,S25.1,1670,1710,40,1660-1720,Boys Lodge (servants?),
441,17071,SKH07,2811,,1,0.9,0.8,,,,1,0.39,Sphere slag,Y,Very weakly,"One black glassy blob, rounded, vesicular",2800,2520,161,Floor,in situ,TRUE,S25.1,1670,1710,40,1660-1720,Boys Lodge (servants?),
263,15018,SKH07,2799,,1,0.8,0.8,,,,1,0.34,Sphere slag,N,,"Round blob of slag, possible hammerscale?",2800,2520,743,Floor,in situ,FALSE,S25.1,1670,1710,40,1660-1720,Boys Lodge (servants?),
433,17065,SKH07,2836,,0.9,0.8,0.8,,,,1,0.43,Sphere slag,Y,,"Round blob of slag, possible hammerscale?",2800,2520,161,Floor,in situ,TRUE,S25.1,1670,1710,40,1660-1720,Boys Lodge (servants?),
251,14860,SKH07,2832,,4.8,3,1.2,,,,1,17.76,Undiagnostic slag,Y,,"faintly magnetic, heavy knotty lump, vesicular",2800,2520,161,Floor,in situ,TRUE,S25.1,1670,1710,40,1660-1720,Boys Lodge (servants?),
254,15009,SKH07,2823,,4.7,3.7,2.6,3.9,2.8,2.1,3,79.51,Undiagnostic slag,N,,"Fairly massive lumps, bumby, coarse to smooth outer surface",2800,2520,161,Floor,in situ,TRUE,S25.1,1670,1710,40,1660-1720,Boys Lodge (servants?),
261,15016,SKH07,2833,,1,0.5,0.5,,,,1,0.11,Undiagnostic slag,N,,"Frothy, redish gray, most likely fused earth",2800,2520,161,Floor,in situ,TRUE,S25.1,1670,1710,40,1660-1720,Boys Lodge (servants?),
275,15024,SKH07,2838,,4.8,3.3,2.6,,,,1,47.85,Undiagnostic slag,Y,Very weakly,"Large lump of slag, charcoal and grit, orangey red to very dark gray, high density",2800,2520,161,Floor,in situ,TRUE,S25.1,1670,1710,40,1660-1720,Boys Lodge (servants?),
277,15025,SKH07,2829,,3.6,3.5,1.6,,,,1,23.53,Undiagnostic slag,N,,"Coarse lump of slag and grit, high density, charcoal fused to and within lump",2800,2520,161,Floor,in situ,TRUE,S25.1,1670,1710,40,1660-1720,Boys Lodge (servants?),
289,15035,SKH07,2835,,4.6,3.3,1.3,2.6,1.2,0.7,5,30.63,Undiagnostic slag,N,,,2800,2520,161,Floor,in situ,TRUE,S25.1,1670,1710,40,1660-1720,Boys Lodge (servants?),
296,15039,SKH07,2836,,1.6,1.3,1,,,,1,2.57,Undiagnostic slag,N,,,2800,2520,161,Floor,in situ,TRUE,S25.1,1670,1710,40,1660-1720,Boys Lodge (servants?),
298,15041,SKH07,2832,,4.7,4,3,1,0.5,0.4,3,38.3,Undiagnostic slag,Y,One small,"Large lump could be slag, could be iron lump/object inside a thick coat of limonite? Charcoal and soil and grit fused to the outside",2800,2520,161,Floor,in situ,TRUE,S25.1,1670,1710,40,1660-1720,Boys Lodge (servants?),
304,15045,SKH07,2835,,3.7,3,2.5,1.9,1.5,1.2,5,63.03,Undiagnostic slag,N,,"Fragments fairly massive, smallest fragment oblong globule, glassy",2800,2520,161,Floor,in situ,TRUE,S25.1,1670,1710,40,1660-1720,Boys Lodge (servants?),
314,15053,SKH07,2877,,5.2,3,2.1,,,,1,25.34,Undiagnostic slag,N,,"Slag lump with charcoal and sand/grit fused to the surface, massive, high density",2520,2520,161,Floor,in situ,FALSE,S25.1,1670,1710,40,1660-1720,Boys Lodge (servants?),
315,15054,SKH07,2831,,5.2,2.8,2.4,,,,1,22.46,Undiagnostic slag,N,,"Two fragments that fit together, charcoal, sand and grit fused to the outside of slag lumps",2800,2520,161,Floor,in situ,TRUE,S25.1,1670,1710,40,1660-1720,Boys Lodge (servants?),
333,15069,SKH07,2830,,3.1,3.1,1.9,2,1.1,1.1,3,25,Undiagnostic slag,N,,"Small charcoal fragments attached to the surface of the largest one, the large fragment could also be basalt scoria",2800,2520,161,Floor,in situ,TRUE,S25.1,1670,1710,40,1660-1720,Boys Lodge (servants?),
342,15076,SKH07,2840,,3.2,2.6,2,,,,1,10.03,Undiagnostic slag,N,,"One or two very small charcoal fragment fused to the slag most likely from surrounding soil, one or two possible charcoal impressions",2800,2520,161,Floor,in situ,TRUE,S25.1,1670,1710,40,1660-1720,Boys Lodge (servants?),
343,15078,SKH07,2826,,3.7,3,2.1,,,,1,14.43,Undiagnostic slag,N,,"Bright blue flecks on the outside of the slag, charcoal impressions with charcoal still in it, small multidirectional flows",2800,2520,161,Floor,in situ,TRUE,S25.1,1670,1710,40,1660-1720,Boys Lodge (servants?),
345,15080,SKH07,2825,,2.5,1.6,1,,,,1,3.34,Undiagnostic slag,N,,,2800,2520,161,Floor,in situ,TRUE,S25.1,1670,1710,40,1660-1720,Boys Lodge (servants?),
346,15082,SKH07,2748,,4.5,4.2,1.1,,,,1,21.59,Undiagnostic slag,N,,"Flat spread of slag, gray to glassy black surface",2733,2520,161,Drain,in situ,TRUE,S25.1,1670,1710,40,1660-1720,Boys Lodge (servants?),
351,15089,SKH07,2812,,2.2,2.1,1,,,,1,3.85,Undiagnostic slag,N,,,2800,2520,161,Floor,in situ,TRUE,S25.1,1670,1710,40,1660-1720,Boys Lodge (servants?),
362,15098,SKH07,2817,,5,3.7,2,,,,1,25.52,Undiagnostic slag,N,,Orangey brown soil and black charcoal fused and attached to the surface of the slag lump,2800,2520,161,Floor,in situ,TRUE,S25.1,1670,1710,40,1660-1720,Boys Lodge (servants?),
375,15103,SKH07,2825,,6.3,5.6,3,4.2,3.4,2.1,3,128.44,Undiagnostic slag,N,,"Dark gray to glassy black, largest fragment has charcoal impressions, could possibly be a SMB fragment but no clear indication, fragments heavy and massive, with bumpy but smooth surface, a few larger vesicles here and there, smallest fragment has one bla",2800,2520,161,Floor,in situ,TRUE,S25.1,1670,1710,40,1660-1720,Boys Lodge (servants?),
396,16963,SKH07,2877,,1.3,1.2,1,,,,1,1.98,Undiagnostic slag,Y,Medium,"Rough rusty little lump, magnetic, fairly light, could be iron core, find?",2520,2520,161,Floor,in situ,FALSE,S25.1,1670,1710,40,1660-1720,Boys Lodge (servants?),
413,17046,SKH07,2877,,2.5,1.6,1,,,,2,3.6,Undiagnostic slag,N,,"Dark gray, massive, faint flow structure",2520,2520,161,Floor,in situ,FALSE,S25.1,1670,1710,40,1660-1720,Boys Lodge (servants?),
499,19165,"SKH07, <341> R",2822,,1.4,0.6,0.4,,,,1,0.6,Undiagnostic slag,Y,medium,"small nib of slag drip, hollow, magnetic, grayish black, could be slag, could be volcanic scoria",2800,2520,161,Floor,in situ,TRUE,S25.1,1670,1710,40,1660-1720,Boys Lodge (servants?),
496,19143,"SKH07, <329>R",2748,,4,2.9,2.9,0.7,0.3,0.3,9,28.25,Undiagnostic slag,Y,weak,"tiny to one large fragment, a few magnetic pieces, heavy, knotted",2733,2520,161,Drain,in situ,TRUE,S25.1,1670,1710,40,1660-1720,Boys Lodge (servants?),
303,15044,SKH07,2823,,1.9,1.1,0.8,0.5,0.5,0.5,2,0.63,Vitrified material,N,,"Frothy, low density, dark gray, grit?",2800,2520,161,Floor,in situ,TRUE,S25.1,1670,1710,40,1660-1720,Boys Lodge (servants?),
310,15050,SKH07,2815,,2.8,2.1,1.5,,,,1,3.15,Vitrified material,N,,"Low density, large globule, smooth surface, blackish gray, rough gritty lower surface",2800,2520,161,Floor,in situ,TRUE,S25.1,1670,1710,40,1660-1720,Boys Lodge (servants?),
335,15069,SKH07,2830,,1.3,0.9,0.5,,,,1,0.3,Vitrified material,N,,"Redish gray, frothy, low density",2800,2520,161,Floor,in situ,TRUE,S25.1,1670,1710,40,1660-1720,Boys Lodge (servants?),
439,17070,SKH07,2782,,3.4,2.6,1.4,,,,1,7,Fuel ash slag,N,,"Light gray to black, calcined bone fragment fused to slag, vesicular with light gray flecks, low density",,,,,,,S25.2,1710,1720,10,1690-1720,Boys Lodge (servants?),
378,15105,SKH07,2788,,6.8,6.1,6.3,,,,1,112,Hearth bottom?,N,,"Not clear indications of SHB, very rough surface and blobs, one or two possible larger charcoal impressions, small fragments of charcoal and calcined bone fused within the slag, redish dark gray to black",2520,2520,161,Floor,in situ,TRUE,S25.2,1710,1720,10,1690-1720,Boys Lodge (servants?),
288,15033,SKH07,2637,,1,0.7,0.4,0.4,0.4,0.4,6,0.5,Sphere and flake slag,Y,All but one,"Five round globules, one magnetic flake",2521,2520,161,Floor,in situ,FALSE,S25.2,1710,1720,10,1690-1720,Boys Lodge (servants?),
268,15021,SKH07,2638,,1.1,0.8,0.8,,,,1,0.45,Sphere slag,Y,,"Round globule, smooth surface, redish to very dark gray",2521,2520,161,Floor,in situ,FALSE,S25.2,1710,1720,10,1690-1720,Boys Lodge (servants?),
317,15055,SKH07,2672,,0.5,0.5,0.4,,,,1,0.2,Sphere slag,Y,Strongly,"small globule, light gray",2521,2520,161,Floor,in situ,FALSE,S25.2,1710,1720,10,1690-1720,Boys Lodge (servants?),
380,15105,SKH07,2788,,1,0.8,0.8,0.7,0.6,0.6,2,1,Sphere slag,Y,Very weakly,"Gritty round blobs, with calcined bone attached, most likely not hammerscale but still magnetic",2520,2520,161,Floor,in situ,TRUE,S25.2,1710,1720,10,1690-1720,Boys Lodge (servants?),
436,17068,SKH07,2782,,0.5,0.5,0.5,,,,1,0.1,Sphere slag,Y,,"One tiny round blob, vesicular, dark gray",2520,2520,161,Floor,in situ,FALSE,S25.2,1710,1720,10,1690-1720,Boys Lodge (servants?),
440,17070,SKH07,2782,,1,0.8,0.8,0.8,0.8,0.7,2,0.83,Sphere slag,Y,"One stronly, one v. weakly","Two round blobs of hammerscale, dark gray, vesicular",,,,,,,S25.2,1710,1720,10,1690-1720,Boys Lodge (servants?),
441,17071,SKH07,2811,,1,0.9,0.8,,,,1,0.39,Sphere slag,Y,Very weakly,"One black glassy blob, rounded, vesicular",2520,2520,161,Floor,in situ,FALSE,S25.2,1710,1720,10,1690-1720,Boys Lodge (servants?),
250,13763,SKH07,2637,,6,5,4,5,4,4,2,0.23,Undiagnostic slag,Y,,,2521,2520,161,Floor,in situ,FALSE,S25.2,1710,1720,10,1690-1720,Boys Lodge (servants?),
267,15021,SKH07,2638,,2.6,2.2,1.8,,,,1,7,Undiagnostic slag,N,,"Fused mass of slag, charcoal and grit",2521,2520,161,Floor,in situ,FALSE,S25.2,1710,1720,10,1690-1720,Boys Lodge (servants?),
280,15027,SKH07,2709,,2.6,2,1.6,,,,1,5.69,Undiagnostic slag,N,,,2521,2520,161,Floor,in situ,FALSE,S25.2,1710,1720,10,1690-1720,Boys Lodge (servants?),
287,15033,SKH07,2637,,5,3.6,2,1.3,1,0.7,9,35,Undiagnostic slag,Y,Two weakly,,2521,2520,161,Floor,in situ,FALSE,S25.2,1710,1720,10,1690-1720,Boys Lodge (servants?),
313,15052,SKH07,2678,,5.6,4.5,3,,,,1,39,Undiagnostic slag,N,,"Massive, high density, charcoal lumps fused to the bottom of fragment",2521,2520,161,Floor,in situ,FALSE,S25.2,1710,1720,10,1690-1720,Boys Lodge (servants?),
316,15055,SKH07,2672,,,,,,,,4,6.37,Undiagnostic slag,N,,,2521,2520,161,Floor,in situ,FALSE,S25.2,1710,1720,10,1690-1720,Boys Lodge (servants?),
377,15105,SKH07,2788,,5.2,4.1,2.7,1,0.9,0.6,9,71,Undiagnostic slag,N,,"Redish gray to glassy black, clear calcined bone fragments fused inside the slag, one smaller fragment almost all bone, one or two possible charcoal impressions",2520,2520,161,Floor,in situ,TRUE,S25.2,1710,1720,10,1690-1720,Boys Lodge (servants?),
425,17055,SKH07,2702,,2.7,2,1.8,,,,1,6.62,Undiagnostic slag,N,,"Dark gray, vesicular, smooth to blobby surface",2521,2520,161,Floor,in situ,FALSE,S25.2,1710,1720,10,1690-1720,Boys Lodge (servants?),
426,17056,SKH07,2709,,3.5,3.2,2,2.2,1.3,1,2,19.85,Undiagnostic slag,N,,"Dark gray, vesicular to massive, larger fragment has fuel ash slag and charcoal fused to the surface, flow structures small",2521,2520,161,Floor,in situ,FALSE,S25.2,1710,1720,10,1690-1720,Boys Lodge (servants?),
438,17070,SKH07,2782,,3.7,2.7,2.1,2.7,1.7,1.5,2,18,Undiagnostic slag,N,,"Small fragments with small flow structures, black and glassy in fractures, fuel ash fused to fragments",,,,,,,S25.2,1710,1720,10,1690-1720,Boys Lodge (servants?),
352,15090,SKH07,2639,,3.7,2.7,2.1,,,,1,10.4,Undiagnostic slag + bone + charcoal,N,,"Slag lump with many small multidirectional flows on surface, inside is a large calcined bone fragment and smaller charcoal fragments, bone at least 20% of the entire lump",2521,2520,161,Floor,in situ,FALSE,S25.2,1710,1720,10,1690-1720,Boys Lodge (servants?),
266,15021,SKH07,2638,,2.9,2.2,1.5,1.3,1,0.8,6,7.5,Vitrified material,N,,"Low density, coarse and frothy, bright orange to redish black, three fragments of fused earth, two of orangey grit with charcoal fragments and possibly sand",2521,2520,161,Floor,in situ,FALSE,S25.2,1710,1720,10,1690-1720,Boys Lodge (servants?),
379,15105,SKH07,2788,,9,6,3,1,0.5,0.5,5,32,Vitrified material,N,,"Largest lump has two clear large charcoal inclusions, very low density, coarse and frothy, redish dark gray to black, one calcined bone fragment fused to it, smaller fragments dark gray grit",2520,2520,161,Floor,in situ,TRUE,S25.2,1710,1720,10,1690-1720,Boys Lodge (servants?),
347,15083,SKH07,2573,,2.6,1.7,1.2,,,,1,2.64,Flowed slag,N,,"Low density, grit, one small flow",2520,2520,161,Wall,disorganized,FALSE,S25.3,1720,1720,1,1720-1750,Boys Lodge (servants?),
340,15073,SKH07,2774,,1,0.8,0.6,,,,1,0.67,Sphere slag,Y,Very weakly,Round elongated globule,2725,2520,161,Drain,in situ,FALSE,S25.3,1720,1720,1,1720-1750,Boys Lodge (servants?),
259,15014,SKH07,2631,,5.2,3.1,2.2,,,,1,18.65,Undiagnostic slag,N,,"Bone, calcined, fused to surface of slag",2520,2520,161,Wall,disorganized,FALSE,S25.3,1720,1720,1,1720-1750,Boys Lodge (servants?),
470,18367,"SKH02, <2>",38,,,,,,,,,3.14,Flake slag,Y,strong,fine flakes of hammer scale,48,48,161,Midden,in situ,TRUE,S32.1,1850,1890,40,1840-1900,Forge,
472,18396,"SKH02, <2>",38,,,,,,,,,5.65,Flake slag,Y,strong,fine flakes of hammer scale,48,48,161,Midden,in situ,TRUE,S32.1,1850,1890,40,1840-1900,Forge,
9,876,SKH02,45,,4.5,3,1.1,,,,1,12,Flowed slag,Y,Weakly,"Small thin and broad flow, slightly gritty aspect, possible fragment off one of the hearth bottoms",48,48,161,Midden,in situ,FALSE,S32.1,1850,1890,40,1840-1900,Forge,
3,364,SKH02,38,,2.8,2.5,1.7,<1,"<0,5","<0,5",14,19,Fuel ash slag,Y,One very weakly,"Light gray without lustre to glassy to black and glassy, very light, two or three small gray fragments very frothy, one large fragment has a large charcoal impression, one looks like a melted and fused gray silt or clay fragment, flux?",48,48,161,Midden,in situ,TRUE,S32.1,1850,1890,40,1840-1900,Forge,
21,1150,SKH03,182,,4,3,2.4,1.9,1.3,0.6,19,88.5,Fuel ash slag,N,,"Glassy, light gray to black, frothy to mod. vesicular, breaks easily, greenbluish hase on some of the pieces, copper working? Flow structures, calcined bone inclusions in fragments",48,48,743,Midden,in situ,FALSE,S32.1,1850,1890,40,1840-1900,Forge,
10,876,SKH02,45,,12,8,3.5,6.3,6,2.5,4,482,Smithing hearth bottoms,N,,"planar-convex to concavo-convex bottoms, thick center with thinner flows and tendrils down and in towards and fused to the sides of the center, sandy bottoms, smooth to rough upper surface, bottom of largest fragment very bowl shaped, almost smooth sandy",48,48,161,Midden,in situ,FALSE,S32.1,1850,1890,40,1840-1900,Forge,
12,876,SKH02,45,,,,,"<0,5","<0,5","<0,5",3,5,Sphere slag,Y,,At least two round blobs and one large flake,48,48,161,Midden,in situ,FALSE,S32.1,1850,1890,40,1840-1900,Forge,
473,18396,"SKH02, <2>",38,,0.5,0.5,0.4,,,,1,0.15,Sphere slag,Y,,"sphere, clear tail",48,48,161,Midden,in situ,TRUE,S32.1,1850,1890,40,1840-1900,Forge,
16,1006,"SKH02, <2>",38,,3.7,2.4,1.5,,,,1,15,Undiagnostic slag,Y,weak,"one dark, knotty vesicular slag fragment",48,48,161,Midden,in situ,TRUE,S32.1,1850,1890,40,1840-1900,Forge,
383,15572,SKH06,2527,,3.8,3.6,1,,,,1,9.29,Flowed slag,N,,"Small thin flows, small charcoal fragment attached, coarse congealed sand at bottom of flow",2235,2294,743,Floor,in situ,FALSE,S10.1,1700,1730,30,1690-1750,Kitchen,
385,15574,SKH06,2542,,2.5,1.6,1.2,2.2,1.3,0.6,2,4.44,Flowed slag,N,,"Small thin flows, fairly light, vesicular, possibly fuel ash slag",2235,2294,743,Floor,in situ,FALSE,S10.1,1700,1730,30,1690-1750,Kitchen,
388,15578,SKH06,2524,,2.4,1.1,0.9,,,,1,1,Fuel ash slag,N,,"Light gray, vesicular, low density",2235,2294,743,Floor,in situ,FALSE,S10.1,1700,1730,30,1690-1750,Kitchen,
246,12340,SKH06,2443,,6.6,5,2.5,,,,1,69,Hearth bottom??,N,,"Covered with charcoal, brown and whitish soil, small, concavo-convex shape, no clear charcoal inclusions at bottom",2235,2294,743,Floor,in situ,FALSE,S10.1,1700,1730,30,1690-1750,Kitchen,
245,12340,SKH06,2443,,4.8,3.6,2.3,2.4,1.7,1.6,8,126,Undiagnostic slag,N,,Rusty and weathered,2235,2294,743,Floor,in situ,FALSE,S10.1,1700,1730,30,1690-1750,Kitchen,
247,12341,SKH06,2444,,7.5,6,2.3,3.8,2.5,2,3,152,Undiagnostic slag,N,,"One possible hearth bottom? Not cirular, irregularly square, massive to vesicular, lumpy surface, flag lump, mildly convex-convex shape",2235,2294,743,Floor,in situ,FALSE,S10.1,1700,1730,30,1690-1750,Kitchen,
381,15540,SKH06,2524,,1.7,1.4,1.2,,,,1,3.68,Undiagnostic slag,Y,medium,small rounded fragment with a coating of iron congealed soil and charcoal,2235,2294,743,Floor,in situ,FALSE,S10.1,1700,1730,30,1690-1750,Kitchen,
386,15575,SKH06,2538,,1.4,1,1,,,,1,0.89,Undiagnostic slag,N,,"Little oval blob of slag, fairly light, glassy on the outside, black to redish black",2235,2294,743,Floor,in situ,FALSE,S10.1,1700,1730,30,1690-1750,Kitchen,
389,15578,SKH06,2524,,0.7,,,,,,1,0.13,Undiagnostic slag,Y,Very weakly,"Very dark gray, weakly magnetic, tiny blob of slag",2235,2294,743,Floor,in situ,FALSE,S10.1,1700,1730,30,1690-1750,Kitchen,
182,9081,SKH05,1606,,4,2.1,1.5,,,,1,10,Flowed slag,N,,"Multi directional/ropey, one long fragment, small charcoal impressions, charcoal still in the impressions",1684,1684,743,Floor,in situ,FALSE,S10.2,1730,1760,30,1720-1780,Kitchen,
165,9066,SKH05,1511,,3.7,1.1,0.9,2.4,1.2,1.1,2,4,Fuel ash slag,N,,Most likely stone coal,1684,1684,743,Floor,in situ,TRUE,S10.2,1730,1760,30,1720-1780,Kitchen,
231,12325,SKH06,2192,,6.5,6.5,2.5,,,,1,79,Hearth bottom?,N,,"Lightly concavo-convex shape, knobbly smooth bottom, no clear charcoal impressions, not symmetrical, looks to have been formed ""í halla"", massive to vesicular",692,692,743,Floor,in situ,FALSE,S10.2,1730,1760,30,1720-1780,Kitchen,
164,9066,SKH05,1511,,4.6,3.5,2.1,,,,1,43,Hearth bottom?,N,,"Double layered, lower layer vesicular, upper layer massive, very few tiny vesicles near the bottom, no flow structures on top, just smooth, possible hearth bottom?",1684,1684,743,Floor,in situ,TRUE,S10.2,1730,1760,30,1720-1780,Kitchen,
163,9066,SKH05,1511,,11,9,,5.5,4.8,"3,2",6,1492,Hearth bottoms,N,,"Clear hearth bottoms, all concavo-convex in shape, no more than one or two possible charcoal impressions on all of them, little or no pebbles ore charcoal fused to bottom, two smallest fragments have chacoal fused to the bottom, small fragments, possible",1684,1684,743,Floor,in situ,TRUE,S10.2,1730,1760,30,1720-1780,Kitchen,
166,9066,SKH05,1511,,,,,,,,3,2,Sphere and flake slag,Y,,One or two flakes and one fragmented round globule,1684,1684,743,Floor,in situ,TRUE,S10.2,1730,1760,30,1720-1780,Kitchen,
162,9066,SKH05,1511,,6,5,3.5,1.2,1,0.7,11,160,Undiagnostic slag,Y,One weakly,"Two fragments are layered with a thick upper layer and crusty lower layer, tiny vesicles in massive slag lump, no flow structures on surface",1684,1684,743,Floor,in situ,TRUE,S10.2,1730,1760,30,1720-1780,Kitchen,
204,12305,SKH06,1822,,4.9,3.8,2.1,,,,1,25,Undiagnostic slag,N,,"Ropey smooth surface, faint charcoal impressions on bottom",1704,692,743,Floor,in situ,FALSE,S10.2,1730,1760,30,1720-1780,Kitchen,
205,12306,SKH06,1825,,2.6,1.3,1.3,,,,1,4,Undiagnostic slag,N,,Partially rusty,1704,692,743,Floor,in situ,FALSE,S10.2,1730,1760,30,1720-1780,Kitchen,
219,12317,SKH06,2059,,,,,,,,1,4,Vitrified material,N,,"Redish dark gray, low density, gritty and frothy, fused earth and grit",1773,692,743,Drain,in situ,TRUE,S10.2,1730,1760,30,1720-1780,Kitchen,
210,12310,SKH06,1947,,6.3,4.7,1.6,,,,1,52,Hearth bottom?,N,,"Plano-concavo, rough knobbly/ropey bottom, one or two small charcoal impressions, smooth top, massive, practically no vesicles in mass, broken",1101,1101,743,Demolition,disturbed,FALSE,S10.3,1760,1800,40,1750-1810,Kitchen,
211,12310,SKH06,1947,,0.3,0.3,0.3,,,,1,0.1,Sphere slag,Y,Weakly,Round small globule,1101,1101,743,Demolition,disturbed,FALSE,S10.3,1760,1800,40,1750-1810,Kitchen,
175,9073,SKH05,1546,,4.8,4.3,3.2,3,2.2,1.8,3,55,Undiagnostic slag,N,,Two fragments fit together,1101,1101,743,Floor,in situ,FALSE,S10.3,1760,1800,40,1750-1810,Kitchen,
20,1134,SKH03,172,,3.1,2.4,1.5,,,,1,8.5,Fuel ash slag,N,,"Dark gray to black, with redish inclusions, frothy/vesicular, low density, fractures fairly easily",1101,1101,743,Wall,disorganized,FALSE,S10.4,1800,1880,80,1780-1900,Kitchen,
19,1134,SKH03,172,,2.7,2.2,2,,,,1,16,Undiagnostic slag,N,,"High density, dark gray, weakly vesicular",1101,1101,743,Wall,disorganized,FALSE,S10.4,1800,1880,80,1780-1900,Kitchen,
156,9061,SKH05,1486,,2.3,2,1.8,,,,1,14,Undiagnostic slag,N,,,1101,1101,743,Wall,disorganized,FALSE,S10.4,1800,1880,80,1780-1900,Kitchen,
463,18264,"SKH06, <257>",2127,,,,,,,,,2,Flake slag,Y,,"fine flakes, <5 mm",2756,2756,743,Floor,in situ,TRUE,S11.1,1690,1720,30,1690-1720,Living Quarters,
464,18265,"SKH06, <257>",2127,,,,,,,,,0.4,Flake slag,Y,,fine flakes,2756,2756,743,Floor,in situ,TRUE,S11.1,1690,1720,30,1690-1720,Living Quarters,
480,18781,"SKH06, <257>",2127,,1,0.8,0.7,0.8,0.7,0.6,2,0.97,Sphere slag,Y,weak,"small spheres, no clear tails",2756,2756,743,Floor,in situ,TRUE,S11.1,1690,1720,30,1690-1720,Living Quarters,
462,18264,"SKH06, <257>",2127,,1,0.7,0.6,0.3,0.3,0.3,13,3.37,Sphere slag,Y,,"hammer scale, spheres",2756,2756,743,Floor,in situ,TRUE,S11.1,1690,1720,30,1690-1720,Living Quarters,
153,9058,SKH05,1464,,2.7,2.3,2,,,,1,16,Undiagnostic slag,N,,"Massive, glassy black, moderate tiny vesicles",747,691,161,Wall,disturbed,FALSE,S11.1,1690,1720,30,1690-1720,Living Quarters,
479,18781,"SKH06, <257>",2127,,2.7,1.6,1.5,1.3,0.9,0.6,6,13.16,Undiagnostic slag,N,,"small fragments of black, slag,",2756,2756,743,Floor,in situ,TRUE,S11.1,1690,1720,30,1690-1720,Living Quarters,
469,18360,"SKH05, <143>",1329,,,,,,,,,4.77,Flake slag,Y,,"thin flakes, <1 mm, magnetic",1320,1320,743,Floor,in situ,TRUE,S12.1,1690,1740,50,1690-1750,Living Quarters,
122,9038,SKH05,1329,,3.8,2.3,1.3,3.1,1.5,0.7,2,10,Flowed slag,N,,Small unidirectional flows,1320,1320,743,Floor,in situ,TRUE,S12.1,1690,1740,50,1690-1750,Living Quarters,
118,9037,SKH05,1329,,12,8,6,6.6,5.5,2.2,5,877,Hearth bottoms?,N,,"Huge fragments of slag, possible hearth bottoms, all the fragments are fairly massive with weakly convex bottom and plano to concavo top, only one is fairly round, not perfect HB´s, charcoal and stones fused to bottom rare",1320,1320,743,Floor,in situ,TRUE,S12.1,1690,1740,50,1690-1750,Living Quarters,
119,9037,SKH05,1329,,,,,,,,5,8,Sphere and flake slag,Y,,Possibly a few flakes and one round globule,1320,1320,743,Floor,in situ,TRUE,S12.1,1690,1740,50,1690-1750,Living Quarters,
127,9038,SKH05,1329,,,,,,,,4,3,Sphere and flake slag,Y,,Maybe one or two possible flakes and one or two round globules,1320,1320,743,Floor,in situ,TRUE,S12.1,1690,1740,50,1690-1750,Living Quarters,
468,18360,"SKH05, <143>",1329,,0.5,0.5,0.4,0.4,0.4,0.4,2,0.35,Sphere slag,N,,"two small spheres, metallic lustre, tail on one sphere",1320,1320,743,Floor,in situ,TRUE,S12.1,1690,1740,50,1690-1750,Living Quarters,
117,9037,SKH05,1329,,5.5,4,3,1.3,0.8,0.6,31,310,Undiagnostic slag,N,,Some fragments have charcoal and/or calcined bone fused to the bottom,1320,1320,743,Floor,in situ,TRUE,S12.1,1690,1740,50,1690-1750,Living Quarters,
121,9038,SKH05,1329,East,7,5.4,3.6,1.3,1.1,0.8,28,565,Undiagnostic slag,N,,"Calcined bone, charcoal and grit fused to some of the fragments (especially the two largest), very few clear charcoal impressions, two larger lumps that could possibly be HB but nothing concrete",1320,1320,743,Floor,in situ,TRUE,S12.1,1690,1740,50,1690-1750,Living Quarters,
128,9039,SKH05,1329,,4.8,2.1,1.7,1.8,1.3,0.8,6,42,Undiagnostic slag,N,,"Two pieces fit together, rusty",1320,1320,743,Floor,in situ,TRUE,S12.1,1690,1740,50,1690-1750,Living Quarters,
467,18360,"SKH05, <143>",1329,,4.6,3.2,1.9,2.1,0.9,0.8,4,41.57,Undiagnostic slag,N,,"dark colored knobbly fragments, heavy, smooth knobbles",1320,1320,743,Floor,in situ,TRUE,S12.1,1690,1740,50,1690-1750,Living Quarters,
124,9038,SKH05,1329,,3.8,2.1,2,2.2,1.7,0.6,5,13,Vitrified material,N,,"Gray to glassy black, frothy to vesicular, low density",1320,1320,743,Floor,in situ,TRUE,S12.1,1690,1740,50,1690-1750,Living Quarters,
113,9035,SKH05,1292,,6.3,5,4.5,,,,1,73,Undiagnostic slag,N,,One or two charcoal impressions,1320,1320,743,Wall,disorganized,FALSE,S12.2,1740,1740,1,1720-1750,Living Quarters,
81,3486,SKH03,166,,2.6,1.8,0.9,,,,1,3,Undiagnostic slag,N,,Gray to glassy dark gray,1100,1100,743,Wall,disorganized,FALSE,S9.2,1800,1880,80,1780-1900,Living Quarters,
397,17030,SKH07,2970,,4.2,3.3,1.4,2.1,1.5,1.2,2,4.21,Fuel ash slag,N,,"Light gray, frothy, coarse, low density",2999,1680,1293,Drain,in situ,FALSE,S17.1,1670,1690,20,1660-1690,Meat Store,
398,17031,SKH07,2993,,0.5,0.5,0.5,,,,1,0.01,Fuel ash slag,N,,"Light gray, frothy, low density, blob",2960,1680,1293,Drain,in situ,TRUE,S17.1,1670,1690,20,1660-1690,Meat Store,
412,17045,SKH07,3015,,1.4,1.2,0.7,,,,1,0.52,Fuel ash slag,N,,"Silvery gray, glassy, frothy, low density",2953,1680,1293,Floor,in situ,FALSE,S17.1,1670,1690,20,1660-1690,Meat Store,
421,17051,SKH07,2994,,1.3,1,0.9,,,,1,0.36,Fuel ash slag,N,,"Light gray, frothy, low density",2960,1680,1293,Drain,in situ,TRUE,S17.1,1670,1690,20,1660-1690,Meat Store,
453,17082,SKH07,2970,,1.9,1.6,1,,,,1,0.9,Fuel ash slag,N,,"Gray, frothy, low density, hair attached to it, most likely horse hair",2999,1680,1293,Drain,in situ,FALSE,S17.1,1670,1690,20,1660-1690,Meat Store,
253,15007,SKH07,2971,,2.7,1.7,1.2,,,,1,3.29,Undiagnostic slag,N,,"Vesicular, dark gray, two blobs fused together",2999,1680,1293,Drain,in situ,FALSE,S17.1,1670,1690,20,1660-1690,Meat Store,
411,17044,SKH07,3008,,1.3,1.1,0.5,,,,1,0.23,Undiagnostic slag,Y,Weakly,"Dark gray with red coat, frothy",2953,1680,1293,Floor,in situ,FALSE,S17.1,1670,1690,20,1660-1690,Meat Store,
282,15029,SKH07,3003,,3.3,2.3,1.8,,,,1,2.95,Vitrified material,N,,"Dark gray to redish gray elongated globule, low density, frothy, coarse base, fused sand/grit",2953,1680,1293,Floor,in situ,FALSE,S17.1,1670,1690,20,1660-1690,Meat Store,
323,15062,SKH07,3019,,1.2,1,0.8,,,,1,0.58,Vitrified material,N,,"Yellowy redish brown to dark gray, crumbly and gritty, glassy in vesicles",2953,1680,1293,Floor,in situ,FALSE,S17.1,1670,1690,20,1660-1690,Meat Store,
290,15036,SKH07,2933,,1,0.7,0.6,,,,1,0.19,Fuel ash slag,N,,"Light gray, frothy, low density",2892,1680,1293,Floor,in situ,FALSE,S17.2,1690,1700,10,1690-1720,Meat Store,
308,15048,SKH07,2934,,1.8,1.5,0.9,1,0.6,0.5,5,1.62,Fuel ash slag,N,,"Light gray to redish gray, frothy, low density",2892,1680,1293,Floor,in situ,FALSE,S17.2,1690,1700,10,1690-1720,Meat Store,
341,15075,SKH07,2944,,1,0.9,0.4,,,,1,0.1,Fuel ash slag,N,,"Light gray, frothy, low density",2892,1680,1293,Floor,in situ,FALSE,S17.2,1690,1700,10,1690-1720,Meat Store,
417,17048,SKH07,2930,,2.5,1.5,1,1,0.5,0.5,4,2.02,Fuel ash slag,N,,"Light gray, frothy, low density",2892,1680,1293,Floor,in situ,FALSE,S17.2,1690,1700,10,1690-1720,Meat Store,
422,17052,SKH07,2891,,2,1.6,1.1,,,,1,0.87,Fuel ash slag,N,,"Light gray to dark gray, frothy, low density",1680,1680,1293,Floor,in situ,TRUE,S17.2,1690,1700,10,1690-1720,Meat Store,
452,17081,SKH07,2943,,1.7,1.7,0.7,,,,1,0.49,Fuel ash slag,N,,"Gray, frothy, low density",2892,1680,1293,Floor,in situ,FALSE,S17.2,1690,1700,10,1690-1720,Meat Store,
498,19152,"SKH07, <346>R",2896,,0.9,0.6,0.5,0.8,0.6,0.5,2,0.18,Sphere slag,Y,weak,spheres with tails,2730,2763,1293,Fireplace,in situ,TRUE,S17.2,1690,1700,10,1690-1720,Meat Store,
286,15032,SKH07,2880,,0.6,0.6,0.6,,,,1,0.13,Sphere slag,Y,Very weakly,Round globule,2629,1680,1293,Drain,in situ,FALSE,S17.2,1690,1700,10,1690-1720,Meat Store,
285,15032,SKH07,2880,,2.5,1.4,1.2,2.1,1.2,1.1,2,4,Undiagnostic slag,Y,One weakly,,2629,1680,1293,Drain,in situ,FALSE,S17.2,1690,1700,10,1690-1720,Meat Store,
408,17041,SKH07,2896,,2.4,2.3,1.6,0.9,0.8,0.6,3,2.38,Undiagnostic slag,N,,"Red, frothy, low density, blobs and flow structures (could also be red scoria)",2730,2763,1293,Fireplace,in situ,TRUE,S17.2,1690,1700,10,1690-1720,Meat Store,
410,17043,SKH07,2985,,3.8,2.7,2.5,2.3,1,1,4,34.61,Undiagnostic slag,N,,"Crusty fragments, vesicular, fairly high density, grayish brown coat on outside, possible fragment of very corroded nail stem fused to one of the lumps",2951,2764,1293,Fireplace,in situ,FALSE,S17.2,1690,1700,10,1690-1720,Meat Store,
324,15063,SKH07,2896,,3.7,2.4,2.1,2.5,1.9,1.2,2,6.08,Vitrified material,N,,"Dark gray to redish dark gray, frothy, low density, gritty, melted soil/sand",2730,2763,1293,Fireplace,in situ,TRUE,S17.2,1690,1700,10,1690-1720,Meat Store,
326,15065,SKH07,2634,,1,0.7,0.5,,,,,0.5,Vitrified material,N,,"Redish gray, low density, frothy",2629,1680,1293,Drain,disturbed,FALSE,S17.2,1690,1700,10,1690-1720,Meat Store,
265,15020,SKH07,2645,,1.9,1.4,0.8,,,,1,0.68,Fuel ash slag,N,,"Light gray, frothy, low density, calcined bone fragment lodged in slag",1680,2763,1293,Floor,in situ,TRUE,S17.3,1700,1710,10,1690-1720,Meat Store,
284,15031,SKH07,2851,,1.2,0.9,0.5,1.1,0.9,0.5,2,0.34,Fuel ash slag,N,,"Light gray, frothy, low density",2797,1680,1293,Floor,in situ,TRUE,S17.3,1700,1710,10,1690-1720,Meat Store,
337,15070,SKH07,2623,,1.6,1.2,0.5,,,,1,0.25,Fuel ash slag,N,,"Light gray, bubbly and gritty, low density",1680,2763,1293,Floor,in situ,TRUE,S17.3,1700,1710,10,1690-1720,Meat Store,
372,15101,SKH07,2850,,1.8,1.1,0.6,1.2,0.9,0.6,4,1,Fuel ash slag,N,,"Light to dark gray, frothy, low density",2797,1680,1293,Floor,in situ,TRUE,S17.3,1700,1710,10,1690-1720,Meat Store,
402,17035,SKH07,2809,,1.6,1.4,0.5,1.1,1,0.5,2,0.52,Fuel ash slag,N,,"Light gray, frothy, low density",2797,1680,1293,Floor,in situ,TRUE,S17.3,1700,1710,10,1690-1720,Meat Store,
404,17037,SKH07,2854,,1.6,1,0.7,,,,1,0.31,Fuel ash slag,N,,"Light gray, frothy, low density",2797,1680,1293,Floor,in situ,TRUE,S17.3,1700,1710,10,1690-1720,Meat Store,
423,17053,SKH07,2865,,1.1,1.1,0.6,,,,1,0.31,Fuel ash slag,N,,"Light gray to dark gray, frothy, low density",2797,1680,1293,Floor,in situ,TRUE,S17.3,1700,1710,10,1690-1720,Meat Store,
395,16923,SKH07,2855,,1.8,1.2,0.8,,,,1,2.25,Undiagnostic slag,N,,"Small frothy, vesicular light lump, black, glassy lustre, seems heavyer than volcanic scoria, most likely slag",2797,1680,1293,Floor,in situ,TRUE,S17.3,1700,1710,10,1690-1720,Meat Store,
427,17057,SKH07,2860,,1.6,1.4,0.6,,,,1,0.49,Undiagnostic slag,N,,"Redish dark gray, vesicular, low density",2797,1680,1293,Floor,in situ,TRUE,S17.3,1700,1710,10,1690-1720,Meat Store,
331,15068,SKH07,2803,,1.5,1.1,0.7,,,,1,2.6,Vitrified material,N,,"Redish dark gray, frothy, low density",2797,1680,1293,Floor,in situ,TRUE,S17.3,1700,1710,10,1690-1720,Meat Store,
373,15101,SKH07,2850,,4.9,3.5,1.9,0.8,0.5,0.5,18,29,Vitrified material,N,,"Redish very dark gray to black slag, highly vesicular, low density, a few fragments have redish dark brown soil attached to the bottom",2797,1680,1293,Floor,in situ,TRUE,S17.3,1700,1710,10,1690-1720,Meat Store,
320,15059,SKH07,2785,,1.8,1.6,0.4,,,,1,0.39,Fuel ash slag,N,,"Gray, frothy, low density",2659,1680,1293,Floor,in situ,FALSE,S17.4,1710,1720,10,1690-1720,Meat Store,
321,15060,SKH07,2720,,1.7,1.3,0.7,1,0.5,0.5,10,2.11,Fuel ash slag,N,,"Light gray to greenish gray, forthy, low density",2659,1680,1293,Floor,in situ,FALSE,S17.4,1710,1720,10,1690-1720,Meat Store,
322,15061,SKH07,2786,,1.4,1.3,0.6,,,,1,0.29,Fuel ash slag,N,,"Gray, frothy, low density",2659,1680,1293,Floor,in situ,FALSE,S17.4,1710,1720,10,1690-1720,Meat Store,
338,15071,SKH07,2665,,1.7,1,1,1,0.7,0.4,4,0.9,Fuel ash slag,N,,"Light gray, bubbly and frothy, low density",2659,1680,1293,Floor,in situ,FALSE,S17.4,1710,1720,10,1690-1720,Meat Store,
339,15072,SKH07,2721,,2.3,1.5,0.8,1.2,0.6,0.3,15,3.68,Fuel ash slag,N,,"Light gray, bubbly and frothy, low density",2659,1680,1293,Floor,in situ,FALSE,S17.4,1710,1720,10,1690-1720,Meat Store,
354,15091,SKH07,2745,,1.3,0.8,0.5,0.8,0.6,0.6,3,0.58,Fuel ash slag,N,,"Light gray to gray, frothy, low density",2659,1680,1293,Floor,in situ,FALSE,S17.4,1710,1720,10,1690-1720,Meat Store,
399,17032,SKH07,2665,,1.4,1.2,0.8,,,,1,0.78,Fuel ash slag,N,,"Gray to dark gray, frothy, low density",2659,1680,1293,Floor,in situ,FALSE,S17.4,1710,1720,10,1690-1720,Meat Store,
400,17033,SKH07,2783,,1,0.7,0.7,0.9,0.6,0.4,2,0.17,Fuel ash slag,N,,"Light gray, frothy, low density, blobs",2659,1680,1293,Floor,in situ,FALSE,S17.4,1710,1720,10,1690-1720,Meat Store,
401,17034,SKH07,2719,,0.5,0.5,0.4,,,,1,0.01,Fuel ash slag,N,,"Light gray, frothy, low density, blob",2659,1680,1293,Floor,in situ,FALSE,S17.4,1710,1720,10,1690-1720,Meat Store,
403,17036,SKH07,2718,,1.8,1.1,0.6,,,,1,0.21,Fuel ash slag,N,,"Light gray, frothy, low density",2659,1680,1293,Floor,in situ,FALSE,S17.4,1710,1720,10,1690-1720,Meat Store,
409,17042,SKH07,2666,,1.2,0.3,0.3,1,0.8,0.3,2,0.19,Fuel ash slag,N,,"Light gray to dark redish gray, frothy and blobby, low density",2659,1680,1293,Floor,in situ,FALSE,S17.4,1710,1720,10,1690-1720,Meat Store,
418,17049,SKH07,2700,,1.6,0.9,0.6,1.4,0.6,0.6,2,0.34,Fuel ash slag,N,,"Light gray to redish dark gray, frothy, low density",2660,2326,1293,Floor,in situ,FALSE,S17.4,1710,1720,10,1690-1720,Meat Store,
420,17050,SKH07,2744,,1.5,0.9,0.7,,,,1,0.42,Fuel ash slag,N,,"Light gray to dark gray, frothy, low density",2659,1680,1293,Floor,in situ,FALSE,S17.4,1710,1720,10,1690-1720,Meat Store,
424,17054,SKH07,2786,,1.2,1.2,0.8,1,"<0,5","<0,5",2,0.32,Fuel ash slag,N,,"Light gray to dark gray, frothy, low density",2659,1680,1293,Floor,in situ,FALSE,S17.4,1710,1720,10,1690-1720,Meat Store,
430,17060,SKH07,2716,,1.6,0.9,0.8,0.8,0.7,0.5,2,0.39,Fuel ash slag,N,,"Light gray to dark gray, frothy, low density",2659,1680,1293,Floor,in situ,FALSE,S17.4,1710,1720,10,1690-1720,Meat Store,
432,17062,SKH07,2742,,2.5,2,1.5,1,0.5,0.5,37,14.96,Fuel ash slag,N,,"All very light, frothy, one fragment light gray, others all redish very dark gray, coarse, highly vesicular, small vesicles",2659,1680,1293,Floor,in situ,FALSE,S17.4,1710,1720,10,1690-1720,Meat Store,
443,17073,SKH07,2665,,0.8,0.7,0.3,,,,1,0.04,Fuel ash slag,N,,"Light gray, vesicular, low density, flake",2659,1680,1293,Floor,in situ,FALSE,S17.4,1710,1720,10,1690-1720,Meat Store,
444,17074,SKH07,2665,,1,1,0.5,0.9,0.7,0.6,3,1.01,Fuel ash slag,N,,"Light gray to gray, frothy, low density, possibly melted bone",2659,1680,1293,Floor,in situ,FALSE,S17.4,1710,1720,10,1690-1720,Meat Store,
445,17075,SKH07,2665,,1.2,1,0.6,,,,1,0.2,Fuel ash slag,N,,"Gray, frothy, low density",2659,1680,1293,Floor,in situ,FALSE,S17.4,1710,1720,10,1690-1720,Meat Store,
446,17076,SKH07,2721,,1.4,1,0.6,1.3,0.9,0.4,3,0.61,Fuel ash slag,N,,"Light gray, frothy, low density",2659,1680,1293,Floor,in situ,FALSE,S17.4,1710,1720,10,1690-1720,Meat Store,
447,17077,SKH07,2699,,1.1,0.9,0.5,,,,1,0.09,Fuel ash slag,N,,"Light gray, frothy, low density",2660,2326,1293,Floor,in situ,FALSE,S17.4,1710,1720,10,1690-1720,Meat Store,
448,17078,SKH07,2717,,1.8,1,1,,,,1,0.57,Fuel ash slag,N,,"Black and red, vesicular, forthy, breaks easily",2659,1680,1293,Floor,in situ,FALSE,S17.4,1710,1720,10,1690-1720,Meat Store,
451,17080,SKH07,2665,,0.8,0.5,0.3,,,,1,0.05,Fuel ash slag,N,,"Gray flake, frothy, low density",2659,1680,1293,Floor,in situ,FALSE,S17.4,1710,1720,10,1690-1720,Meat Store,
355,15092,SKH07,2666,,0.9,0.7,0.7,,,,1,0.08,Sphere slag,N,,Round globule,2659,1680,1293,Floor,in situ,FALSE,S17.4,1710,1720,10,1690-1720,Meat Store,
419,17049,SKH07,2700,,,,,,,,1,0.1,Sphere slag,Y,Very weakly,"Rounded black glassy blob, hollow",2660,2326,1293,Floor,in situ,FALSE,S17.4,1710,1720,10,1690-1720,Meat Store,
262,15017,SKH07,2714,,1,0.7,0.5,,,,1,0.1,Undiagnostic slag,N,,"Frothy, redish gray, most likely fused earth",2659,1680,1293,Floor,in situ,FALSE,S17.4,1710,1720,10,1690-1720,Meat Store,
291,15037,SKH07,2739,,1.9,0.7,0.6,,,,1,0.32,Undiagnostic slag,Y,Very weakly,,2659,1680,1293,Floor,in situ,FALSE,S17.4,1710,1720,10,1690-1720,Meat Store,
307,15047,SKH07,2718,,2.2,0.9,0.7,,,,1,0.92,Undiagnostic slag,N,,Possibly fused soil/grit?,2659,1680,1293,Floor,in situ,FALSE,S17.4,1710,1720,10,1690-1720,Meat Store,
450,17080,SKH07,2665,,0.9,0.7,0.7,,,,1,0.1,Undiagnostic slag,Y,Very weakly,"Small partially round blob, white fleck, possibly calcined bone, redish haze",2659,1680,1293,Floor,in situ,FALSE,S17.4,1710,1720,10,1690-1720,Meat Store,
454,17083,SKH07,2699,,1.8,1.2,0.7,,,,1,0.58,Undiagnostic slag,Y,Very weakly,"Frothy fused blobs, very dark gray, vesicular",2660,2326,1293,Floor,in situ,FALSE,S17.4,1710,1720,10,1690-1720,Meat Store,
283,15030,SKH07,2665,,3.1,1.8,0.9,,,,1,2.87,Vitrified material,N,,"Dark gray to redish gray, coarse, low density, frothy",2659,1680,1293,Floor,in situ,FALSE,S17.4,1710,1720,10,1690-1720,Meat Store,
302,15043,SKH07,2740,,1.9,1.3,0.6,1,0.5,0.5,5,1.52,Vitrified material,N,,"Frothy, low density, dark gray, grit?",2659,1680,1293,Floor,in situ,FALSE,S17.4,1710,1720,10,1690-1720,Meat Store,
319,15058,SKH07,2718,,2.8,1.6,1,0.5,0.5,0.5,7,3.04,Vitrified material,N,,"Redish gray, frothy, low density, tiny grass/plant fragments in matrix?",2659,1680,1293,Floor,in situ,FALSE,S17.4,1710,1720,10,1690-1720,Meat Store,
325,15064,SKH07,2739,,2.5,1.7,1.4,1.8,1,0.8,3,2.56,Vitrified material,N,,"Redish gray to very dark gray, frothy, low density, gritty at one side",2659,1680,1293,Floor,in situ,FALSE,S17.4,1710,1720,10,1690-1720,Meat Store,
330,15067,SKH07,2714,,2.5,1.9,1.3,,,,1,2.13,Vitrified material,N,,"Dark gray, gitty and frothty, low density",2659,1680,1293,Floor,in situ,FALSE,S17.4,1710,1720,10,1690-1720,Meat Store,
344,15079,SKH07,2742,,2.8,1.4,1.2,0.9,0.6,0.7,14,5.85,Vitrified material,Y,Three weakly,"Redish dark gray, frothy and gritty, low density",2659,1680,1293,Floor,in situ,FALSE,S17.4,1710,1720,10,1690-1720,Meat Store,
348,15084,SKH07,2739,,1.9,1.2,0.6,,,,1,0.31,Vitrified material,Y,Weakly,"Redish dark gray, gritty and frothy, low density",2659,1680,1293,Floor,in situ,FALSE,S17.4,1710,1720,10,1690-1720,Meat Store,
353,15091,SKH07,2745,,2.1,1.7,1.2,0.8,0.6,0.5,9,3,Vitrified material,Y,One very weakly,"Redish dark gray, frothy and gritty, low density",2659,1680,1293,Floor,in situ,FALSE,S17.4,1710,1720,10,1690-1720,Meat Store,
374,15102,SKH07,2742,,4,3.5,2.5,1,0.6,0.5,48,34.52,Vitrified material,Y,One very weakly,"Redish very dark gray to black slag, highly vesicular, coarse, low density, a few fragments have redish dark brown soil attached/fused to the bottom, one fragment has possible bone fragment inside",2659,1680,1293,Floor,in situ,FALSE,S17.4,1710,1720,10,1690-1720,Meat Store,
376,15104,SKH07,2665,,6.8,4.2,2.2,1.9,1.2,1.2,4,44.84,Vitrified material,N,,"Redish dark gray, highly vesicular and coarse, low density, melted and fused soil and grit, coarse to smooth rough surface, fine redishbrown soil and straw fragments fused to at least one side of larger fragments",2659,1680,1293,Floor,in situ,FALSE,S17.4,1710,1720,10,1690-1720,Meat Store,
429,17059,SKH07,2577,,2.5,2.5,1.2,,,,1,5.25,Flowed slag,N,,"Small flow structures, glassy, very dark gray, a few vesicles",2574,1680,1293,Floor,in situ,TRUE,S17.5,1720,1750,30,1720-1750,Meat Store,
431,17061,SKH07,2577,,,,,,,,1,4.67,Fuel ash slag,N,,"Glassy, forthy, low density, black to brownish gray, low density",2574,1680,1293,Floor,in situ,TRUE,S17.5,1720,1750,30,1720-1750,Meat Store,
428,17058,SKH07,,,2,1.6,1.5,,,,1,4.02,Undiagnostic slag,Y,Very weakly,"Very dark gray, tiny flow structures, glassy in fracture, very few tiny vesicles",2574,1680,1293,Floor,in situ,TRUE,S17.5,1720,1750,30,1720-1750,Meat Store,
258,15013,SKH07,2594,,3.1,2.5,1.9,,,,1,4.59,Vitrified material,N,,"Redish dark gray, coarse, low density, frothy",1680,1680,1293,Floor,in situ,FALSE,S17.5,1720,1750,30,1720-1750,Meat Store,
465,18268,"SKH06, <280>",2333,,,,,,,,,2.33,Flake slag,Y,,fine flakes,2334,1680,1293,Floor,in situ,TRUE,S17.6,1750,1770,20,1750-1780,Meat Store,
384,15573,SKH06,2333,,1.2,1,1,1.2,0.7,0.5,3,0.76,Fuel ash slag,N,,"Light gray, vesicular, low density",2334,1680,1293,Floor,in situ,TRUE,S17.6,1750,1770,20,1750-1780,Meat Store,
488,18962,"SKH06, <265>",2254,,1.3,1,0.8,,,,1,0.46,Fuel ash slag,N,,"Light, black and vesicular, broken in two,",2249,1680,1293,Floor,in situ,TRUE,S17.6,1750,1770,20,1750-1780,Meat Store,
493,19035,"SKH06, <279>",2333,,1.3,1.1,0.8,,,,1,0.3,Fuel ash slag,N,,"Silvery gray, frothy/vesicular, very light",2334,1680,1293,Floor,in situ,TRUE,S17.6,1750,1770,20,1750-1780,Meat Store,
212,12311,SKH06,1970,,2.7,2.5,2.1,1.5,1.4,1,3,5,Fuel ash slag,N,,"Light gray, frothy to vesicular, low density",1958,1680,1293,Floor,in situ,TRUE,S17.7,1770,1790,20,1750-1810,Meat Store,
213,12312,SKH06,1972,,2.6,2.4,1.6,1.8,1.3,1,7,13,Fuel ash slag,N,,"Light gray to gray, frothy and vesicular to gritty, low density",1958,1680,1293,Floor,in situ,TRUE,S17.7,1770,1790,20,1750-1810,Meat Store,
486,18951,"SKH06, <246>",1973,,3.8,2.9,1.7,1.2,0.6,0.5,5,6.4,fuel ash slag,N,,"very light, gritty to vesicular, light gray to redish black",1958,1680,1293,Floor,in situ,TRUE,S17.7,1770,1790,20,1750-1810,Meat Store,
477,18423,"SKH06, <274>",2308,,,,,,,,,0.2,Flake slag,Y,,very fine flakes,2292,1884,1293,Floor,in situ,FALSE,S18.3,1690,1700,10,1690-1720,Pantry,
200,11739,SKH06,2274,,4.5,2.7,2,,,,1,13.42,Flowed slag,N,,"Knotty, elongated lump, heavy, smooth surface",2067,1884,1293,Floor,in situ,TRUE,S18.4,1700,1740,30,1690-1750,Pantry,
249,12489,SKH06,2200,,1.5,1.4,1,1.5,1,0.6,2,0.5,Fuel ash slag,N,,"Light gray, coarse to bubbly/frothy, low density",2067,1884,1293,Floor,in situ,TRUE,S18.4,1700,1740,30,1690-1750,Pantry,
387,15576,SKH06,2139,,1.7,1.1,0.9,0.9,"<0,5","<0,5",4,1.54,Fuel ash slag,N,,"Small fragment, silvery gray to black, glassy, frothy, very light",2067,1884,1293,Floor,in situ,FALSE,S18.4,1700,1740,30,1690-1750,Pantry,
390,15579,SKH06,,,1.8,1.4,0.9,1,0.6,0.5,10,3.85,Fuel ash slag,N,,"Light to dark gray, vesicular and frothy, coarse, very light",2067,1884,1293,Floor,in situ,TRUE,S18.4,1700,1740,30,1690-1750,Pantry,
382,15569,SKH06,,,4.5,3,2.6,,,,1,19.48,Undiagnostic slag,N,,"Congealed mass of slag, fuel ash slag and charcoal",2067,1884,1293,Floor,in situ,TRUE,S18.4,1700,1740,30,1690-1750,Pantry,
239,12333,SKH06,2240,,2.4,1.8,0.8,,,,1,0.2,Vitrified material,N,,"Redish gray, frothy and gritty, low density, vitrified soil?",2067,1884,1293,Floor,in situ,TRUE,S18.4,1700,1740,30,1690-1750,Pantry,
199,10188,SKH06,1913,,0.7,0.6,0.5,0.6,0.6,0.5,2,0.53,Sphere slag,N,,"two small spheres, glassy lustre on one, dark red on other, smooth surface, could be basalt scoria, no tail",1887,1884,1293,Floor,in situ,FALSE,S18.5,1740,1760,20,1720-1780,Pantry,
207,12308,SKH06,1913,,0.9,0.7,0.6,0.5,0.5,0.5,6,1,Sphere slag,Y,Three,Round globules,1887,1884,1293,Floor,in situ,FALSE,S18.5,1740,1760,20,1720-1780,Pantry,
206,12308,SKH06,1913,,2.5,1.8,1.6,1.5,1,0.7,7,17,Undiagnostic slag,N,,"Small fragments with small flow structures, one or two black and glassy",1887,1884,1293,Floor,in situ,FALSE,S18.5,1740,1760,20,1720-1780,Pantry,
185,9084,SKH05,1636,,3,2.5,1.5,,,,1,4,Fuel ash slag,N,,"Light gray, frothy and bubbly, low density",1335,1335,1293,Floor,in situ,TRUE,S18.6,1760,1770,10,1750-1780,Pantry,
188,9087,SKH05,1644,,1.8,1.7,1.3,1.7,0.8,0.5,5,4,Fuel ash slag,N,,"Light gray, frothy, low density",1335,1335,1293,Floor,in situ,TRUE,S18.6,1760,1770,10,1750-1780,Pantry,
189,9088,SKH05,1654,,2.6,2.3,1.5,,,,1,4,Fuel ash slag,N,,"Light gray, frothy, low density",1335,1335,1293,Floor,in situ,FALSE,S18.6,1760,1770,10,1750-1780,Pantry,
167,9067,SKH05,1516,,1.7,1.4,0.9,1.2,1.1,0.7,2,0.5,Fuel ash slag,N,,"Light gray, frothy and bubbly, low density",1492,1335,1293,Floor,in situ,TRUE,S18.7,1770,1790,20,1750-1810,Pantry,
172,9070,SKH05,1524,,3.4,2.4,2.1,,,,1,6,Fuel ash slag,N,,"Light gray, forhty, low density",1493,1335,1293,Floor,in situ,TRUE,S18.7,1770,1790,20,1750-1810,Pantry,
174,9072,SKH05,1534,,1.8,1.1,1,,,,1,0.5,Fuel ash slag,N,,"Light gray, frothy to gritty, low density",1492,1335,1293,Floor,in situ,TRUE,S18.7,1770,1790,20,1750-1810,Pantry,
178,9076,SKH05,1574,,1.8,1.7,1.3,1.6,1.2,0.9,2,2,Fuel ash slag,N,,"Light gray to very dark gray, frothy, low density",1493,1335,1293,Floor,in situ,TRUE,S18.7,1770,1790,20,1750-1810,Pantry,
180,9079,SKH05,1591,,2,2,1.1,,,,1,2,Fuel ash slag,N,,"Light gray, frothy, low density",1492,1335,1293,Floor,in situ,TRUE,S18.7,1770,1790,20,1750-1810,Pantry,
181,9080,SKH05,1600,,1.4,1.3,0.8,,,,1,2,Fuel ash slag,N,,"Light gray to very dark gray, frothy to vesicular, low density, fractures easily",1493,1335,1293,Floor,in situ,TRUE,S18.7,1770,1790,20,1750-1810,Pantry,
183,9082,SKH05,1616,,4.6,3.1,1.6,0.7,0.6,0.6,80,94,Fuel ash slag,,,"Light to dark gray, frothy and bubbly, low density",1335,1335,1293,Floor,in situ,TRUE,S18.7,1770,1790,20,1750-1810,Pantry,
177,9075,SKH05,1569,,2.5,2,1.3,,,,1,4,Undiagnostic slag,N,,"Very dark gray to black, glassy",1492,1335,1293,Floor,in situ,TRUE,S18.7,1770,1790,20,1750-1810,Pantry,
85,3490,SKH03,362,,1.7,1.5,0.5,,,,1,0.5,Fuel ash slag,N,,"Light gray, vesicular/frothy, low densiyt",709,443,743,Floor,disorganized,FALSE,S5.4,1780,1800,20,1780-1810,Pantry/Study & Library,
238,12332,SKH06,1238,,7.2,6.3,4,,,,1,269,Hearth bottom?,N,,"Large, massive lump, broken, high density, roughly plano-convex in shape, no clear charcoal impressions on bottom, small charcoal fragments fused/stuck to top and bottom, few vesicles",831,443,743,Floor,in situ,FALSE,S5.4,1780,1800,20,1780-1810,Pantry/Study & Library,
466,18323,"SKH04, <97>",1205,,,,,,,,,4.84,Flake slag,Y,,fine flakes of hammer scale,1286,2757,743,Floor,in situ,TRUE,S11.2,1720,1730,10,1720-1750,Priests Living Quarters,
457,18240,"SKH05, <190>",1612,,,,,,,,,2.8,Flake slag,Y,,fine flakes,1608,1608,743,Floor,in situ,FALSE,S11.2,1720,1730,10,1720-1750,Priests Living Quarters,
101,6149,SKH04,1205,,1.9,1.6,1,1.1,0.8,0.7,3,11.6,Undiagnostic slag,Y,One weakly,"Massive and heavy, tiny vesicles rare, glassy dark gray",1286,2757,743,Floor,in situ,TRUE,S11.2,1720,1730,10,1720-1750,Priests Living Quarters,
474,18398,"SKH04, <97>",1205,,2.4,2,1.3,,,,1,15.44,Undiagnostic slag,Y,,"Heavy massive lump with few vesicles, metallic lustre, faintly magnetic, one side smooth, could be tap or flow slag?",1286,2757,743,Floor,in situ,TRUE,S11.2,1720,1730,10,1720-1750,Priests Living Quarters,
459,18259,"SKH03, <53>",647,,,,,,,,,4.83,Flake slag,Y,,fines flakes of hammer scale,436,733,161,Floor,in situ,TRUE,S20.1,1650,1670,40,1630-1690,School Dormitory,
80,3407,SKH03,672,,2.6,1.4,0.9,,,,1,2.98,Fuel ash slag,Y,,"grayish black, frothy, very light",436,733,161,Floor,in situ,TRUE,S20.1,1650,1670,40,1630-1690,School Dormitory,
87,3543,SKH03,716,,2.1,1.7,1.4,,,,1,9,Undiagnostic slag,Y,,"shiny, heavy, a few small vesicles, massive, very dark gray to black, rich in iron",436,733,161,Floor,in situ,TRUE,S20.1,1650,1670,40,1630-1690,School Dormitory,
489,18991,"SKH02, <5>",95,,1,0.8,0.5,0.6,0.5,0.4,3,1.15,Sphere slag,Y,,"Three small spheres, one magnetic, gray and light, one stone in pag, vesicular but can not be broken and most likely small basalt stone, 0.48, not taken with the others",80,80,161,Floor,in situ,FALSE,S20.4,1750,1770,20,1750-1780,School Dormitory,
494,19047,"SKH02, <5>",95,,0.2,0.2,0.2,,,,1,0.01,Sphere slag,Y,,One small sphere,80,80,161,Floor,in situ,FALSE,S20.4,1750,1770,20,1750-1780,School Dormitory,
475,18403,"SKH02, <5>",95,,2,1.4,1,,,,1,4.21,Undiagnostic slag,Y,,"Dark gray, vesicular, metallic lustre on smooth surface at one end of fragment",80,80,161,Floor,in situ,FALSE,S20.4,1750,1770,20,1750-1780,School Dormitory,
485,18876,"SKH02, <3>",59,,0.5,0.4,0.4,,,,1,0.08,Sphere slag,N,,"circular light sphere, grayish black",80,80,161,Floor,in situ,FALSE,S20.5,1770,1790,20,1750-1810,School Dormitory,
491,19024,"SKH02, <1>",29,,1.1,1.1,1,,,,1,0.48,Fuel ash slag,N,,"very light, gray, vesicular, glassy lustre",80,80,161,Floor,in situ,FALSE,S20.6,1790,1790,1,1780-1810,School Dormitory,
159,9063,SKH05,1502,,2.1,1.8,1.5,,,,1,2,Undiagnostic slag,N,,,1484,690,743,Floor,in situ,TRUE,S19.1,1730,1770,40,1720-1780,School Refectory,
179,9078,SKH05,1584,,2.8,2.7,1.7,,,,1,9,Undiagnostic slag,N,,"Moderately vesicular, ropey rough surface",1484,690,743,Floor,in situ,TRUE,S19.1,1730,1770,40,1720-1780,School Refectory,
187,9086,SKH05,1643,,2.7,2.1,1.6,,,,1,8,Undiagnostic slag?,N,,Could also be basalt,690,690,743,Floor,in situ,FALSE,S19.1,1730,1770,40,1720-1780,School Refectory,
160,9064,SKH05,1504,,1.8,1.4,0.9,,,,1,0.5,Vitrified material,N,,"Redish dark gray, vesicular, low density",1484,690,743,Floor,in situ,TRUE,S19.1,1730,1770,40,1720-1780,School Refectory,
161,9065,SKH05,1506,,3.2,2.3,0.9,1.5,1.3,1,2,4,Vitrified material,N,,"Redish dark gray vesicular, frothy, one fragment black, glassy with calcined bone fragment fused inside, low density",1484,690,743,Floor,in situ,TRUE,S19.1,1730,1770,40,1720-1780,School Refectory,
103,6302,SKH04,1009,,53,28,23,,,,1,47.3,Undiagnostic slag,N,,"Non-magnetic, high density, rough surface, metallic lustre, tiny vesicles in dense matrix, smithying slag lump?",894,878,161,Floor,in situ,FALSE,S21.1,1650,1690,40,1630-1690,School Room,
88,4688,SKH04,880,,0.5,0.5,0.3,,,,1,0.18,Sphere slag,Y,,"magnetic, small sphere, grayish black",879,878,161,Floor,in situ,TRUE,S21.2,1690,1750,60,1690-1750,School Room,
5,819,SKH02,149,,8.4,7.7,4.8,,,,1,389,Hearth bottom,N,,"Thick heavy bottom, dense with a few vesicles/voids at the bottom, fairly smooth but ""bumpy"" outer side, no clear charcoal impressions, plano-convex in section, and roughly circular in plan",81,81,161,Floor,in situ,FALSE,S21.3,1750,1770,20,1750-1780,School Room,
244,12338,SKH06,2426,,2,1.5,1,1.4,0.9,0.6,3,2,Fuel ash slag,N,,"Light gray, bubbly and frothy, low density",1702,1702,743,Floor,in situ,TRUE,S7.1,1720,1760,40,1720-1780,Vestibule & Corridor,
193,9089,SKH05,1679,,,,,,,,1,20,Hearth bottom?,N,,"Small fragment, plano-convex, red upper surface, rough lower surface, possible charcoal impressions, massive, few vesicles",1702,1702,743,Floor,in situ,TRUE,S7.1,1720,1760,40,1720-1780,Vestibule & Corridor,
201,11934,SKH06,2102,,8.5,7,3,,,,1,149.67,Hearth bottom?,N,,"Plano-concavo, rough knobbly base, 3-4 charcoal fragments stuck to bottom, vesicular but heavy",1702,1702,161/743,Floor,in situ,FALSE,S7.1,1720,1760,40,1720-1780,Vestibule & Corridor,
106,8899,SKH05,1627,,1.6,1.2,0.5,,,,1,1,Undiagnostic slag,N,,"Small glassy dark gray flake, vesicular",1702,1702,743,Floor,in situ,TRUE,S7.1,1720,1760,40,1720-1780,Vestibule & Corridor,
184,9083,SKH05,1627,,4.4,3.8,2.5,3.5,2.8,2.2,2,106,Undiagnostic slag,N,,"Rusty, glassy dark gray, vesicles rare to moderate",1702,1702,743,Floor,in situ,TRUE,S7.1,1720,1760,40,1720-1780,Vestibule & Corridor,
192,9089,SKH05,1679,,2.3,1.8,1,1.8,1.6,1.2,2,18,Undiagnostic slag,N,,,1702,1702,743,Floor,in situ,TRUE,S7.1,1720,1760,40,1720-1780,Vestibule & Corridor,
143,9050,SKH05,1415,,2.8,2.1,1.7,0.8,0.7,0.3,8,7,Fuel ash slag,N,,"Light gray to whitish gray, frothy and bubbly to gritty, low density",1287,775,743,Drain,in situ,TRUE,S7.2,1760,1800,40,1750-1810,Vestibule & Corridor,
194,9090,SKH05,1690,,3.3,2.5,1.5,,,,1,3,Fuel ash slag,N,,"Light gray, frothy, low density",1287,775,743,Drain,in situ,TRUE,S7.2,1760,1800,40,1750-1810,Vestibule & Corridor,
107,8920,SKH05,1690,,23,22,19,21,20,9,2,34,"Undiagnostic slag, iron rich",Y,,"Metallic lustre, smooth fracture, highly magnetic, rough outer surface, tiny vesicles moderate, fragments fit together",1287,775,743,Drain,in situ,TRUE,S7.2,1760,1800,40,1750-1810,Vestibule & Corridor,
94,6141,SKH04,992,,3.2,2.4,1.4,1.5,1.5,1.1,2,1,Fuel ash slag,N,,"Light gray to black, frothy, low density",775,775,743,Floor,disturbed,FALSE,S7.3,1800,1840,40,1780-1840,Vestibule & Corridor,
93,6141,SKH04,992,,4.3,3.6,2.5,,,,1,31,Undiagnostic slag,N,,"Ropey glassy surface, one or two possible charcoal impressions",775,775,743,Floor,disturbed,FALSE,S7.3,1800,1840,40,1780-1840,Vestibule & Corridor,
91,6136,SKH04,911,,1.7,1.4,0.8,,,,1,1,Fuel ash slag,N,,"Light gray frothy slag with a charcoal fragment in the middle, low density",775,775,743,Wall,disorganized,FALSE,S7.4,1840,1890,50,1840-1900,Vestibule & Corridor,
